<?xml version="1.0" encoding="UTF-8"?>
<gpx creator="https://gpx.studio" version="1.1" xmlns="http://www.topografix.com/GPX/1/1" xmlns:xsi="http://www.w3.org/2001/XMLSchema-instance" xsi:schemaLocation="http://www.topografix.com/GPX/1/1 http://www.topografix.com/GPX/1/1/gpx.xsd http://www.garmin.com/xmlschemas/GpxExtensions/v3 http://www.garmin.com/xmlschemas/GpxExtensionsv3.xsd http://www.garmin.com/xmlschemas/TrackPointExtension/v1 http://www.garmin.com/xmlschemas/TrackPointExtensionv1.xsd http://www.garmin.com/xmlschemas/PowerExtension/v1 http://www.garmin.com/xmlschemas/PowerExtensionv1.xsd http://www.topografix.com/GPX/gpx_style/0/2 http://www.topografix.com/GPX/gpx_style/0/2/gpx_style.xsd" xmlns:gpxtpx="http://www.garmin.com/xmlschemas/TrackPointExtension/v1" xmlns:gpxx="http://www.garmin.com/xmlschemas/GpxExtensions/v3" xmlns:gpxpx="http://www.garmin.com/xmlschemas/PowerExtension/v1" xmlns:gpx_style="http://www.topografix.com/GPX/gpx_style/0/2">
  <metadata>
    <name>Nuovo file 5</name>
    <author>
      <name>gpx.studio</name>
      <link href="https://gpx.studio"/>
    </author>
  </metadata>
  <trk>
    <name>Nuovo file 5</name>
    <trkseg>
      <trkpt lat="41.997612" lon="13.728793">
        <ele>991.76</ele>
      </trkpt>
      <trkpt lat="41.997679" lon="13.728967">
        <ele>989.09</ele>
      </trkpt>
      <trkpt lat="41.997821" lon="13.729174">
        <ele>988.51</ele>
      </trkpt>
      <trkpt lat="41.99798" lon="13.729336">
        <ele>989.37</ele>
      </trkpt>
      <trkpt lat="41.998573" lon="13.730067">
        <ele>983.66</ele>
      </trkpt>
      <trkpt lat="41.998705" lon="13.730145">
        <ele>982.59</ele>
      </trkpt>
      <trkpt lat="41.998811" lon="13.730178">
        <ele>982.09</ele>
      </trkpt>
      <trkpt lat="41.999014" lon="13.730264">
        <ele>981.21</ele>
      </trkpt>
      <trkpt lat="41.999205" lon="13.730424">
        <ele>979.6</ele>
      </trkpt>
      <trkpt lat="41.999536" lon="13.730662">
        <ele>976.54</ele>
      </trkpt>
      <trkpt lat="41.99998" lon="13.730951">
        <ele>969.97</ele>
      </trkpt>
      <trkpt lat="42.000312" lon="13.731194">
        <ele>961.51</ele>
      </trkpt>
      <trkpt lat="42.000617" lon="13.731403">
        <ele>958.76</ele>
      </trkpt>
      <trkpt lat="42.001088" lon="13.731714">
        <ele>966.05</ele>
      </trkpt>
      <trkpt lat="42.001474" lon="13.731897">
        <ele>970.72</ele>
      </trkpt>
      <trkpt lat="42.002034" lon="13.73217">
        <ele>969.4</ele>
      </trkpt>
      <trkpt lat="42.002258" lon="13.732312">
        <ele>969.74</ele>
      </trkpt>
      <trkpt lat="42.00229" lon="13.732385">
        <ele>971.01</ele>
      </trkpt>
      <trkpt lat="42.002258" lon="13.732312">
        <ele>969.74</ele>
      </trkpt>
      <trkpt lat="42.002456" lon="13.732422">
        <ele>969.4</ele>
      </trkpt>
      <trkpt lat="42.002633" lon="13.732567">
        <ele>969.16</ele>
      </trkpt>
      <trkpt lat="42.002777" lon="13.732717">
        <ele>969.52</ele>
      </trkpt>
      <trkpt lat="42.002945" lon="13.732917">
        <ele>970.59</ele>
      </trkpt>
      <trkpt lat="42.00315" lon="13.733136">
        <ele>970.99</ele>
      </trkpt>
      <trkpt lat="42.003345" lon="13.733293">
        <ele>971.8</ele>
      </trkpt>
      <trkpt lat="42.003494" lon="13.733347">
        <ele>971.88</ele>
      </trkpt>
      <trkpt lat="42.003667" lon="13.733372">
        <ele>971.66</ele>
      </trkpt>
      <trkpt lat="42.004041" lon="13.733398">
        <ele>971.75</ele>
      </trkpt>
      <trkpt lat="42.004322" lon="13.733394">
        <ele>972.03</ele>
      </trkpt>
      <trkpt lat="42.004573" lon="13.733326">
        <ele>972.11</ele>
      </trkpt>
      <trkpt lat="42.004792" lon="13.73324">
        <ele>972.15</ele>
      </trkpt>
      <trkpt lat="42.005124" lon="13.733044">
        <ele>972.1</ele>
      </trkpt>
      <trkpt lat="42.00525" lon="13.73284">
        <ele>971.37</ele>
      </trkpt>
      <trkpt lat="42.005471" lon="13.73244">
        <ele>970.78</ele>
      </trkpt>
      <trkpt lat="42.005623" lon="13.732143">
        <ele>971.22</ele>
      </trkpt>
      <trkpt lat="42.005869" lon="13.731737">
        <ele>971.81</ele>
      </trkpt>
      <trkpt lat="42.005992" lon="13.731414">
        <ele>971.72</ele>
      </trkpt>
      <trkpt lat="42.006028" lon="13.731274">
        <ele>972.24</ele>
      </trkpt>
      <trkpt lat="42.006058" lon="13.731054">
        <ele>971.7</ele>
      </trkpt>
      <trkpt lat="42.00608" lon="13.730767">
        <ele>971.34</ele>
      </trkpt>
      <trkpt lat="42.006116" lon="13.730557">
        <ele>971.61</ele>
      </trkpt>
      <trkpt lat="42.006183" lon="13.730413">
        <ele>971.56</ele>
      </trkpt>
      <trkpt lat="42.006297" lon="13.730333">
        <ele>971.88</ele>
      </trkpt>
      <trkpt lat="42.006437" lon="13.730325">
        <ele>972.25</ele>
      </trkpt>
      <trkpt lat="42.006752" lon="13.730356">
        <ele>975.2</ele>
      </trkpt>
      <trkpt lat="42.006865" lon="13.730327">
        <ele>975.6</ele>
      </trkpt>
      <trkpt lat="42.006979" lon="13.730264">
        <ele>975.03</ele>
      </trkpt>
      <trkpt lat="42.007102" lon="13.73015">
        <ele>973.63</ele>
      </trkpt>
      <trkpt lat="42.007401" lon="13.729705">
        <ele>969.97</ele>
      </trkpt>
      <trkpt lat="42.00762" lon="13.729479">
        <ele>970.83</ele>
      </trkpt>
      <trkpt lat="42.007638" lon="13.72946">
        <ele>970.9</ele>
      </trkpt>
      <trkpt lat="42.008153" lon="13.72942">
        <ele>974.57</ele>
      </trkpt>
      <trkpt lat="42.008489" lon="13.729365">
        <ele>975.41</ele>
      </trkpt>
      <trkpt lat="42.008694" lon="13.729403">
        <ele>975.1</ele>
      </trkpt>
      <trkpt lat="42.009095" lon="13.729535">
        <ele>972.25</ele>
      </trkpt>
      <trkpt lat="42.009557" lon="13.729943">
        <ele>970.13</ele>
      </trkpt>
      <trkpt lat="42.009677" lon="13.73012">
        <ele>968.68</ele>
      </trkpt>
      <trkpt lat="42.010095" lon="13.730495">
        <ele>963.86</ele>
      </trkpt>
      <trkpt lat="42.010292" lon="13.730401">
        <ele>960.28</ele>
      </trkpt>
      <trkpt lat="42.010587" lon="13.730313">
        <ele>956.23</ele>
      </trkpt>
      <trkpt lat="42.010894" lon="13.730313">
        <ele>956.02</ele>
      </trkpt>
      <trkpt lat="42.011161" lon="13.73044">
        <ele>958.78</ele>
      </trkpt>
      <trkpt lat="42.011321" lon="13.730468">
        <ele>959.1</ele>
      </trkpt>
      <trkpt lat="42.011495" lon="13.730344">
        <ele>957.48</ele>
      </trkpt>
      <trkpt lat="42.012134" lon="13.730525">
        <ele>958.86</ele>
      </trkpt>
      <trkpt lat="42.012388" lon="13.730556">
        <ele>959.13</ele>
      </trkpt>
      <trkpt lat="42.012602" lon="13.730558">
        <ele>959.15</ele>
      </trkpt>
      <trkpt lat="42.012707" lon="13.730546">
        <ele>959.42</ele>
      </trkpt>
      <trkpt lat="42.013444" lon="13.730462">
        <ele>966.11</ele>
      </trkpt>
      <trkpt lat="42.013562" lon="13.73048">
        <ele>966.9</ele>
      </trkpt>
      <trkpt lat="42.013666" lon="13.730527">
        <ele>967.78</ele>
      </trkpt>
      <trkpt lat="42.014277" lon="13.731044">
        <ele>971.14</ele>
      </trkpt>
      <trkpt lat="42.014438" lon="13.731159">
        <ele>971.74</ele>
      </trkpt>
      <trkpt lat="42.01457" lon="13.73121">
        <ele>972.73</ele>
      </trkpt>
      <trkpt lat="42.014722" lon="13.731217">
        <ele>972.81</ele>
      </trkpt>
      <trkpt lat="42.014879" lon="13.731166">
        <ele>972.59</ele>
      </trkpt>
      <trkpt lat="42.015364" lon="13.730871">
        <ele>973.13</ele>
      </trkpt>
      <trkpt lat="42.015506" lon="13.730825">
        <ele>974.83</ele>
      </trkpt>
      <trkpt lat="42.015653" lon="13.730829">
        <ele>976.59</ele>
      </trkpt>
      <trkpt lat="42.015797" lon="13.730898">
        <ele>977.59</ele>
      </trkpt>
      <trkpt lat="42.016166" lon="13.731296">
        <ele>980.84</ele>
      </trkpt>
      <trkpt lat="42.01657" lon="13.731715">
        <ele>982.8</ele>
      </trkpt>
      <trkpt lat="42.01676" lon="13.731838">
        <ele>984.06</ele>
      </trkpt>
      <trkpt lat="42.016936" lon="13.731876">
        <ele>985.07</ele>
      </trkpt>
      <trkpt lat="42.017146" lon="13.731843">
        <ele>986.29</ele>
      </trkpt>
      <trkpt lat="42.017533" lon="13.731735">
        <ele>986.69</ele>
      </trkpt>
      <trkpt lat="42.017732" lon="13.73173">
        <ele>986.67</ele>
      </trkpt>
      <trkpt lat="42.017931" lon="13.731825">
        <ele>988.65</ele>
      </trkpt>
      <trkpt lat="42.018059" lon="13.731909">
        <ele>989.78</ele>
      </trkpt>
      <trkpt lat="42.018422" lon="13.732272">
        <ele>991.93</ele>
      </trkpt>
      <trkpt lat="42.018689" lon="13.732496">
        <ele>991.99</ele>
      </trkpt>
      <trkpt lat="42.018951" lon="13.732656">
        <ele>995.04</ele>
      </trkpt>
      <trkpt lat="42.019252" lon="13.732799">
        <ele>1002.92</ele>
      </trkpt>
      <trkpt lat="42.020562" lon="13.733435">
        <ele>1007.37</ele>
      </trkpt>
      <trkpt lat="42.020814" lon="13.733559">
        <ele>1010.6</ele>
      </trkpt>
      <trkpt lat="42.021055" lon="13.733634">
        <ele>1012.08</ele>
      </trkpt>
      <trkpt lat="42.021334" lon="13.733688">
        <ele>1012.7</ele>
      </trkpt>
      <trkpt lat="42.022223" lon="13.733759">
        <ele>1013.81</ele>
      </trkpt>
      <trkpt lat="42.022712" lon="13.733816">
        <ele>1015.12</ele>
      </trkpt>
      <trkpt lat="42.02304" lon="13.733888">
        <ele>1016.5</ele>
      </trkpt>
      <trkpt lat="42.024402" lon="13.734361">
        <ele>1018.76</ele>
      </trkpt>
      <trkpt lat="42.024546" lon="13.734444">
        <ele>1018.97</ele>
      </trkpt>
      <trkpt lat="42.024668" lon="13.73455">
        <ele>1019.88</ele>
      </trkpt>
      <trkpt lat="42.024752" lon="13.734701">
        <ele>1020.45</ele>
      </trkpt>
      <trkpt lat="42.024796" lon="13.7349">
        <ele>1021.7</ele>
      </trkpt>
      <trkpt lat="42.024833" lon="13.735407">
        <ele>1034.27</ele>
      </trkpt>
      <trkpt lat="42.024863" lon="13.735537">
        <ele>1037.56</ele>
      </trkpt>
      <trkpt lat="42.02493" lon="13.735648">
        <ele>1037.14</ele>
      </trkpt>
      <trkpt lat="42.025028" lon="13.735697">
        <ele>1037.38</ele>
      </trkpt>
      <trkpt lat="42.025161" lon="13.735721">
        <ele>1037.66</ele>
      </trkpt>
      <trkpt lat="42.025358" lon="13.735689">
        <ele>1038.09</ele>
      </trkpt>
      <trkpt lat="42.025504" lon="13.735645">
        <ele>1038.09</ele>
      </trkpt>
      <trkpt lat="42.025701" lon="13.735551">
        <ele>1036.83</ele>
      </trkpt>
      <trkpt lat="42.025899" lon="13.735456">
        <ele>1038.18</ele>
      </trkpt>
      <trkpt lat="42.026428" lon="13.735082">
        <ele>1036.81</ele>
      </trkpt>
      <trkpt lat="42.02662" lon="13.734973">
        <ele>1038.32</ele>
      </trkpt>
      <trkpt lat="42.026961" lon="13.73489">
        <ele>1042.48</ele>
      </trkpt>
      <trkpt lat="42.027309" lon="13.734831">
        <ele>1044.18</ele>
      </trkpt>
      <trkpt lat="42.02768" lon="13.734799">
        <ele>1045.07</ele>
      </trkpt>
      <trkpt lat="42.028103" lon="13.73481">
        <ele>1046.81</ele>
      </trkpt>
      <trkpt lat="42.028252" lon="13.734853">
        <ele>1046.32</ele>
      </trkpt>
      <trkpt lat="42.028393" lon="13.734932">
        <ele>1047.55</ele>
      </trkpt>
      <trkpt lat="42.028692" lon="13.735235">
        <ele>1052.05</ele>
      </trkpt>
      <trkpt lat="42.028744" lon="13.735276">
        <ele>1052.62</ele>
      </trkpt>
      <trkpt lat="42.028801" lon="13.735308">
        <ele>1053.13</ele>
      </trkpt>
      <trkpt lat="42.028924" lon="13.735321">
        <ele>1052.85</ele>
      </trkpt>
      <trkpt lat="42.029016" lon="13.735303">
        <ele>1054.02</ele>
      </trkpt>
      <trkpt lat="42.029106" lon="13.735265">
        <ele>1055.94</ele>
      </trkpt>
      <trkpt lat="42.029335" lon="13.73511">
        <ele>1059.73</ele>
      </trkpt>
      <trkpt lat="42.029563" lon="13.734954">
        <ele>1059.96</ele>
      </trkpt>
      <trkpt lat="42.029742" lon="13.734875">
        <ele>1060.46</ele>
      </trkpt>
      <trkpt lat="42.029892" lon="13.734842">
        <ele>1061.62</ele>
      </trkpt>
      <trkpt lat="42.030067" lon="13.734816">
        <ele>1063.3</ele>
      </trkpt>
      <trkpt lat="42.030556" lon="13.734806">
        <ele>1068.41</ele>
      </trkpt>
      <trkpt lat="42.0308" lon="13.7348">
        <ele>1069.16</ele>
      </trkpt>
      <trkpt lat="42.030959" lon="13.734833">
        <ele>1072.4</ele>
      </trkpt>
      <trkpt lat="42.031127" lon="13.734923">
        <ele>1075.87</ele>
      </trkpt>
      <trkpt lat="42.031347" lon="13.735111">
        <ele>1081.5</ele>
      </trkpt>
      <trkpt lat="42.031704" lon="13.735523">
        <ele>1086.37</ele>
      </trkpt>
      <trkpt lat="42.032041" lon="13.73597">
        <ele>1087.59</ele>
      </trkpt>
      <trkpt lat="42.03221" lon="13.736292">
        <ele>1089.58</ele>
      </trkpt>
      <trkpt lat="42.032293" lon="13.736542">
        <ele>1091.27</ele>
      </trkpt>
      <trkpt lat="42.032305" lon="13.736747">
        <ele>1092.04</ele>
      </trkpt>
      <trkpt lat="42.032259" lon="13.736964">
        <ele>1091.29</ele>
      </trkpt>
      <trkpt lat="42.03215" lon="13.737253">
        <ele>1094.74</ele>
      </trkpt>
      <trkpt lat="42.032126" lon="13.737373">
        <ele>1094</ele>
      </trkpt>
      <trkpt lat="42.032139" lon="13.737515">
        <ele>1092.04</ele>
      </trkpt>
      <trkpt lat="42.032135" lon="13.737501">
        <ele>1092.17</ele>
      </trkpt>
      <trkpt lat="42.032049" lon="13.737524">
        <ele>1095.19</ele>
      </trkpt>
      <trkpt lat="42.031965" lon="13.737705">
        <ele>1097.01</ele>
      </trkpt>
      <trkpt lat="42.031935" lon="13.737745">
        <ele>1097.71</ele>
      </trkpt>
      <trkpt lat="42.031888" lon="13.737722">
        <ele>1099.43</ele>
      </trkpt>
      <trkpt lat="42.031862" lon="13.737642">
        <ele>1101.09</ele>
      </trkpt>
      <trkpt lat="42.031977" lon="13.737136">
        <ele>1104.05</ele>
      </trkpt>
      <trkpt lat="42.031952" lon="13.736814">
        <ele>1107.58</ele>
      </trkpt>
      <trkpt lat="42.031875" lon="13.736561">
        <ele>1108.94</ele>
      </trkpt>
      <trkpt lat="42.031777" lon="13.736372">
        <ele>1107.54</ele>
      </trkpt>
      <trkpt lat="42.031704" lon="13.736308">
        <ele>1107.83</ele>
      </trkpt>
      <trkpt lat="42.031495" lon="13.736171">
        <ele>1110.44</ele>
      </trkpt>
      <trkpt lat="42.031243" lon="13.73605">
        <ele>1112.12</ele>
      </trkpt>
      <trkpt lat="42.031128" lon="13.736021">
        <ele>1112.19</ele>
      </trkpt>
      <trkpt lat="42.030778" lon="13.736079">
        <ele>1112.7</ele>
      </trkpt>
      <trkpt lat="42.030338" lon="13.736262">
        <ele>1117.66</ele>
      </trkpt>
      <trkpt lat="42.030159" lon="13.736354">
        <ele>1117.8</ele>
      </trkpt>
      <trkpt lat="42.030121" lon="13.7364">
        <ele>1118.54</ele>
      </trkpt>
      <trkpt lat="42.030112" lon="13.736446">
        <ele>1119.74</ele>
      </trkpt>
      <trkpt lat="42.030193" lon="13.736446">
        <ele>1121.08</ele>
      </trkpt>
      <trkpt lat="42.030326" lon="13.736383">
        <ele>1121.23</ele>
      </trkpt>
      <trkpt lat="42.030377" lon="13.736377">
        <ele>1121.81</ele>
      </trkpt>
      <trkpt lat="42.03071" lon="13.736452">
        <ele>1124.71</ele>
      </trkpt>
      <trkpt lat="42.030855" lon="13.736521">
        <ele>1126.72</ele>
      </trkpt>
      <trkpt lat="42.031021" lon="13.736619">
        <ele>1128.31</ele>
      </trkpt>
      <trkpt lat="42.031201" lon="13.736814">
        <ele>1129.23</ele>
      </trkpt>
      <trkpt lat="42.03126" lon="13.736941">
        <ele>1130.86</ele>
      </trkpt>
      <trkpt lat="42.031269" lon="13.737044">
        <ele>1132.19</ele>
      </trkpt>
      <trkpt lat="42.031213" lon="13.737159">
        <ele>1133.47</ele>
      </trkpt>
      <trkpt lat="42.030855" lon="13.737584">
        <ele>1140.47</ele>
      </trkpt>
      <trkpt lat="42.030697" lon="13.737785">
        <ele>1144.3</ele>
      </trkpt>
      <trkpt lat="42.030671" lon="13.737854">
        <ele>1145.1</ele>
      </trkpt>
      <trkpt lat="42.030663" lon="13.737946">
        <ele>1145.4</ele>
      </trkpt>
      <trkpt lat="42.030723" lon="13.738078">
        <ele>1144.3</ele>
      </trkpt>
      <trkpt lat="42.030893" lon="13.738492">
        <ele>1148.11</ele>
      </trkpt>
      <trkpt lat="42.030992" lon="13.738647">
        <ele>1149.61</ele>
      </trkpt>
      <trkpt lat="42.03112" lon="13.738762">
        <ele>1149.79</ele>
      </trkpt>
      <trkpt lat="42.031299" lon="13.738906">
        <ele>1151.53</ele>
      </trkpt>
      <trkpt lat="42.031487" lon="13.739003">
        <ele>1151.88</ele>
      </trkpt>
      <trkpt lat="42.031653" lon="13.739015">
        <ele>1151.04</ele>
      </trkpt>
      <trkpt lat="42.031751" lon="13.739009">
        <ele>1150.13</ele>
      </trkpt>
      <trkpt lat="42.031785" lon="13.739032">
        <ele>1150.95</ele>
      </trkpt>
      <trkpt lat="42.03179" lon="13.739101">
        <ele>1154.02</ele>
      </trkpt>
      <trkpt lat="42.031401" lon="13.739159">
        <ele>1159.15</ele>
      </trkpt>
      <trkpt lat="42.031273" lon="13.739147">
        <ele>1160.7</ele>
      </trkpt>
      <trkpt lat="42.030646" lon="13.739032">
        <ele>1171.01</ele>
      </trkpt>
      <trkpt lat="42.030513" lon="13.738998">
        <ele>1172.08</ele>
      </trkpt>
      <trkpt lat="42.030411" lon="13.738998">
        <ele>1172.65</ele>
      </trkpt>
      <trkpt lat="42.030253" lon="13.739095">
        <ele>1174.64</ele>
      </trkpt>
      <trkpt lat="42.030078" lon="13.739239">
        <ele>1181.46</ele>
      </trkpt>
      <trkpt lat="42.029988" lon="13.739262">
        <ele>1184.19</ele>
      </trkpt>
      <trkpt lat="42.02986" lon="13.73921">
        <ele>1184.65</ele>
      </trkpt>
      <trkpt lat="42.029681" lon="13.739199">
        <ele>1184.34</ele>
      </trkpt>
      <trkpt lat="42.029276" lon="13.739222">
        <ele>1185.65</ele>
      </trkpt>
      <trkpt lat="42.029096" lon="13.739262">
        <ele>1187.87</ele>
      </trkpt>
      <trkpt lat="42.028658" lon="13.739461">
        <ele>1195.99</ele>
      </trkpt>
      <trkpt lat="42.028315" lon="13.739612">
        <ele>1205.4</ele>
      </trkpt>
      <trkpt lat="42.028196" lon="13.73959">
        <ele>1208.36</ele>
      </trkpt>
      <trkpt lat="42.028098" lon="13.739532">
        <ele>1210.44</ele>
      </trkpt>
      <trkpt lat="42.028008" lon="13.739457">
        <ele>1211.96</ele>
      </trkpt>
      <trkpt lat="42.027987" lon="13.739325">
        <ele>1210.14</ele>
      </trkpt>
      <trkpt lat="42.027991" lon="13.739187">
        <ele>1207.73</ele>
      </trkpt>
      <trkpt lat="42.027974" lon="13.739113">
        <ele>1206.26</ele>
      </trkpt>
      <trkpt lat="42.027927" lon="13.739067">
        <ele>1204.89</ele>
      </trkpt>
      <trkpt lat="42.027867" lon="13.739107">
        <ele>1205.14</ele>
      </trkpt>
      <trkpt lat="42.027829" lon="13.739273">
        <ele>1208.43</ele>
      </trkpt>
      <trkpt lat="42.027773" lon="13.739429">
        <ele>1211.63</ele>
      </trkpt>
      <trkpt lat="42.027658" lon="13.739584">
        <ele>1214.59</ele>
      </trkpt>
      <trkpt lat="42.027479" lon="13.73971">
        <ele>1217.46</ele>
      </trkpt>
      <trkpt lat="42.027329" lon="13.73971">
        <ele>1219.8</ele>
      </trkpt>
      <trkpt lat="42.027043" lon="13.739681">
        <ele>1222.01</ele>
      </trkpt>
      <trkpt lat="42.026902" lon="13.739693">
        <ele>1223.45</ele>
      </trkpt>
      <trkpt lat="42.026774" lon="13.739739">
        <ele>1225.26</ele>
      </trkpt>
      <trkpt lat="42.026339" lon="13.73994">
        <ele>1229.2</ele>
      </trkpt>
      <trkpt lat="42.026164" lon="13.740078">
        <ele>1228.47</ele>
      </trkpt>
      <trkpt lat="42.026151" lon="13.740135">
        <ele>1229.41</ele>
      </trkpt>
      <trkpt lat="42.026177" lon="13.740181">
        <ele>1231.25</ele>
      </trkpt>
      <trkpt lat="42.026224" lon="13.740176">
        <ele>1232.45</ele>
      </trkpt>
      <trkpt lat="42.026331" lon="13.740124">
        <ele>1233.75</ele>
      </trkpt>
      <trkpt lat="42.026454" lon="13.740124">
        <ele>1234.73</ele>
      </trkpt>
      <trkpt lat="42.026642" lon="13.74017">
        <ele>1236.83</ele>
      </trkpt>
      <trkpt lat="42.026877" lon="13.740279">
        <ele>1239.26</ele>
      </trkpt>
      <trkpt lat="42.02727" lon="13.740538">
        <ele>1243.82</ele>
      </trkpt>
      <trkpt lat="42.027803" lon="13.740877">
        <ele>1252.91</ele>
      </trkpt>
      <trkpt lat="42.027953" lon="13.740928">
        <ele>1253.08</ele>
      </trkpt>
      <trkpt lat="42.02823" lon="13.741003">
        <ele>1254.61</ele>
      </trkpt>
      <trkpt lat="42.028482" lon="13.741032">
        <ele>1255.78</ele>
      </trkpt>
      <trkpt lat="42.028998" lon="13.741193">
        <ele>1262.24</ele>
      </trkpt>
      <trkpt lat="42.029395" lon="13.741354">
        <ele>1268.74</ele>
      </trkpt>
      <trkpt lat="42.029647" lon="13.741503">
        <ele>1274</ele>
      </trkpt>
      <trkpt lat="42.030035" lon="13.741756">
        <ele>1280.26</ele>
      </trkpt>
      <trkpt lat="42.030518" lon="13.742095">
        <ele>1286.09</ele>
      </trkpt>
      <trkpt lat="42.030667" lon="13.742164">
        <ele>1285.32</ele>
      </trkpt>
      <trkpt lat="42.030936" lon="13.742256">
        <ele>1288.43</ele>
      </trkpt>
      <trkpt lat="42.031397" lon="13.742417">
        <ele>1297.72</ele>
      </trkpt>
      <trkpt lat="42.031452" lon="13.742445">
        <ele>1298.58</ele>
      </trkpt>
      <trkpt lat="42.031457" lon="13.742514">
        <ele>1299.84</ele>
      </trkpt>
      <trkpt lat="42.031427" lon="13.742572">
        <ele>1300.66</ele>
      </trkpt>
      <trkpt lat="42.031381" lon="13.742555">
        <ele>1300.01</ele>
      </trkpt>
      <trkpt lat="42.031363" lon="13.742549">
        <ele>1299.75</ele>
      </trkpt>
      <trkpt lat="42.031311" lon="13.742562">
        <ele>1299.56</ele>
      </trkpt>
      <trkpt lat="42.031231" lon="13.74256">
        <ele>1298.27</ele>
      </trkpt>
      <trkpt lat="42.031128" lon="13.742635">
        <ele>1298.71</ele>
      </trkpt>
      <trkpt lat="42.030723" lon="13.742945">
        <ele>1305.47</ele>
      </trkpt>
      <trkpt lat="42.030629" lon="13.742985">
        <ele>1307.24</ele>
      </trkpt>
      <trkpt lat="42.030505" lon="13.742968">
        <ele>1308.57</ele>
      </trkpt>
      <trkpt lat="42.030343" lon="13.742882">
        <ele>1309.7</ele>
      </trkpt>
      <trkpt lat="42.03001" lon="13.742779">
        <ele>1313.04</ele>
      </trkpt>
      <trkpt lat="42.029707" lon="13.74271">
        <ele>1314.89</ele>
      </trkpt>
      <trkpt lat="42.029382" lon="13.74271">
        <ele>1318.45</ele>
      </trkpt>
      <trkpt lat="42.029015" lon="13.742779">
        <ele>1325.75</ele>
      </trkpt>
      <trkpt lat="42.028588" lon="13.742888">
        <ele>1329.05</ele>
      </trkpt>
      <trkpt lat="42.028405" lon="13.742991">
        <ele>1332.13</ele>
      </trkpt>
      <trkpt lat="42.02811" lon="13.743198">
        <ele>1335.31</ele>
      </trkpt>
      <trkpt lat="42.027974" lon="13.743273">
        <ele>1336.99</ele>
      </trkpt>
      <trkpt lat="42.027748" lon="13.743359">
        <ele>1339.09</ele>
      </trkpt>
      <trkpt lat="42.027555" lon="13.743438">
        <ele>1338.9</ele>
      </trkpt>
      <trkpt lat="42.027458" lon="13.7435">
        <ele>1339.36</ele>
      </trkpt>
      <trkpt lat="42.027388" lon="13.743563">
        <ele>1339.92</ele>
      </trkpt>
      <trkpt lat="42.027331" lon="13.743626">
        <ele>1340.55</ele>
      </trkpt>
      <trkpt lat="42.027221" lon="13.743792">
        <ele>1339.9</ele>
      </trkpt>
      <trkpt lat="42.027156" lon="13.743957">
        <ele>1341.63</ele>
      </trkpt>
      <trkpt lat="42.027129" lon="13.744066">
        <ele>1344.27</ele>
      </trkpt>
      <trkpt lat="42.027035" lon="13.744353">
        <ele>1348.47</ele>
      </trkpt>
      <trkpt lat="42.026911" lon="13.744692">
        <ele>1350.7</ele>
      </trkpt>
      <trkpt lat="42.026715" lon="13.745043">
        <ele>1350.75</ele>
      </trkpt>
      <trkpt lat="42.026392" lon="13.745419">
        <ele>1350.75</ele>
      </trkpt>
      <trkpt lat="42.025916" lon="13.745951">
        <ele>1352.89</ele>
      </trkpt>
      <trkpt lat="42.02563" lon="13.746232">
        <ele>1354.2</ele>
      </trkpt>
      <trkpt lat="42.025362" lon="13.746422">
        <ele>1351.09</ele>
      </trkpt>
      <trkpt lat="42.024662" lon="13.746789">
        <ele>1348.9</ele>
      </trkpt>
      <trkpt lat="42.024171" lon="13.747018">
        <ele>1353.39</ele>
      </trkpt>
      <trkpt lat="42.02391" lon="13.74714">
        <ele>1354.97</ele>
      </trkpt>
      <trkpt lat="42.023552" lon="13.747238">
        <ele>1354.05</ele>
      </trkpt>
      <trkpt lat="42.023202" lon="13.747341">
        <ele>1358.86</ele>
      </trkpt>
      <trkpt lat="42.023027" lon="13.747335">
        <ele>1360.67</ele>
      </trkpt>
      <trkpt lat="42.022711" lon="13.747151">
        <ele>1362.15</ele>
      </trkpt>
      <trkpt lat="42.022514" lon="13.747088">
        <ele>1367.63</ele>
      </trkpt>
      <trkpt lat="42.022335" lon="13.746996">
        <ele>1369.35</ele>
      </trkpt>
      <trkpt lat="42.022134" lon="13.746853">
        <ele>1368.22</ele>
      </trkpt>
      <trkpt lat="42.021977" lon="13.746778">
        <ele>1369.01</ele>
      </trkpt>
      <trkpt lat="42.02181" lon="13.746743">
        <ele>1373.91</ele>
      </trkpt>
      <trkpt lat="42.021503" lon="13.746634">
        <ele>1378.41</ele>
      </trkpt>
      <trkpt lat="42.021383" lon="13.746629">
        <ele>1377.47</ele>
      </trkpt>
      <trkpt lat="42.021234" lon="13.746692">
        <ele>1376.58</ele>
      </trkpt>
      <trkpt lat="42.021054" lon="13.746893">
        <ele>1376.06</ele>
      </trkpt>
      <trkpt lat="42.020897" lon="13.74706">
        <ele>1377.52</ele>
      </trkpt>
      <trkpt lat="42.020739" lon="13.74714">
        <ele>1376.79</ele>
      </trkpt>
      <trkpt lat="42.0205" lon="13.747249">
        <ele>1378.53</ele>
      </trkpt>
      <trkpt lat="42.020346" lon="13.747376">
        <ele>1383.84</ele>
      </trkpt>
      <trkpt lat="42.02009" lon="13.747473">
        <ele>1385.09</ele>
      </trkpt>
      <trkpt lat="42.019812" lon="13.747536">
        <ele>1382.44</ele>
      </trkpt>
      <trkpt lat="42.019641" lon="13.7476">
        <ele>1379.77</ele>
      </trkpt>
      <trkpt lat="42.019475" lon="13.747766">
        <ele>1380.58</ele>
      </trkpt>
      <trkpt lat="42.019044" lon="13.74814">
        <ele>1375.97</ele>
      </trkpt>
      <trkpt lat="42.018745" lon="13.748508">
        <ele>1380.22</ele>
      </trkpt>
      <trkpt lat="42.018647" lon="13.748605">
        <ele>1382.01</ele>
      </trkpt>
      <trkpt lat="42.018549" lon="13.748657">
        <ele>1383.81</ele>
      </trkpt>
      <trkpt lat="42.018446" lon="13.748663">
        <ele>1384.02</ele>
      </trkpt>
      <trkpt lat="42.018314" lon="13.748622">
        <ele>1384.25</ele>
      </trkpt>
      <trkpt lat="42.018177" lon="13.748536">
        <ele>1383.97</ele>
      </trkpt>
      <trkpt lat="42.018028" lon="13.74841">
        <ele>1379.43</ele>
      </trkpt>
      <trkpt lat="42.017904" lon="13.748352">
        <ele>1380.42</ele>
      </trkpt>
      <trkpt lat="42.017725" lon="13.748347">
        <ele>1386.43</ele>
      </trkpt>
      <trkpt lat="42.017353" lon="13.748427">
        <ele>1391.98</ele>
      </trkpt>
      <trkpt lat="42.017101" lon="13.748588">
        <ele>1396.96</ele>
      </trkpt>
      <trkpt lat="42.016884" lon="13.748893">
        <ele>1401.32</ele>
      </trkpt>
      <trkpt lat="42.016632" lon="13.749122">
        <ele>1405.03</ele>
      </trkpt>
      <trkpt lat="42.016517" lon="13.749204">
        <ele>1406.45</ele>
      </trkpt>
      <trkpt lat="42.016517" lon="13.749204">
        <ele>1406.45</ele>
      </trkpt>
      <trkpt lat="42.016483" lon="13.749229">
        <ele>1406.88</ele>
      </trkpt>
      <trkpt lat="42.01626" lon="13.749387">
        <ele>1409.64</ele>
      </trkpt>
      <trkpt lat="42.01612" lon="13.74945">
        <ele>1409.9</ele>
      </trkpt>
      <trkpt lat="42.01588" lon="13.749571">
        <ele>1407.52</ele>
      </trkpt>
      <trkpt lat="42.015765" lon="13.749726">
        <ele>1407.83</ele>
      </trkpt>
      <trkpt lat="42.015641" lon="13.749938">
        <ele>1408.26</ele>
      </trkpt>
      <trkpt lat="42.015543" lon="13.750071">
        <ele>1409.02</ele>
      </trkpt>
      <trkpt lat="42.015319" lon="13.750194">
        <ele>1410.74</ele>
      </trkpt>
      <trkpt lat="42.015172" lon="13.750283">
        <ele>1411.58</ele>
      </trkpt>
      <trkpt lat="42.015048" lon="13.75045">
        <ele>1412.08</ele>
      </trkpt>
      <trkpt lat="42.014967" lon="13.750634">
        <ele>1413.59</ele>
      </trkpt>
      <trkpt lat="42.014788" lon="13.750921">
        <ele>1415.93</ele>
      </trkpt>
      <trkpt lat="42.014519" lon="13.751231">
        <ele>1419.54</ele>
      </trkpt>
      <trkpt lat="42.014378" lon="13.751323">
        <ele>1420.06</ele>
      </trkpt>
      <trkpt lat="42.014181" lon="13.751421">
        <ele>1420</ele>
      </trkpt>
      <trkpt lat="42.014032" lon="13.751519">
        <ele>1419.66</ele>
      </trkpt>
      <trkpt lat="42.013946" lon="13.751633">
        <ele>1420.34</ele>
      </trkpt>
      <trkpt lat="42.013831" lon="13.751892">
        <ele>1421.47</ele>
      </trkpt>
      <trkpt lat="42.013722" lon="13.75224">
        <ele>1421.46</ele>
      </trkpt>
      <trkpt lat="42.013722" lon="13.75224">
        <ele>1421.46</ele>
      </trkpt>
      <trkpt lat="42.013669" lon="13.752317">
        <ele>1421.58</ele>
      </trkpt>
      <trkpt lat="42.013558" lon="13.752426">
        <ele>1422.23</ele>
      </trkpt>
      <trkpt lat="42.013709" lon="13.752353">
        <ele>1422.02</ele>
      </trkpt>
      <trkpt lat="42.013834" lon="13.752353">
        <ele>1423.19</ele>
      </trkpt>
      <trkpt lat="42.014006" lon="13.752437">
        <ele>1427.03</ele>
      </trkpt>
      <trkpt lat="42.014099" lon="13.752521">
        <ele>1429.59</ele>
      </trkpt>
      <trkpt lat="42.014263" lon="13.752631">
        <ele>1434.26</ele>
      </trkpt>
      <trkpt lat="42.01452" lon="13.752836">
        <ele>1440.28</ele>
      </trkpt>
      <trkpt lat="42.01477" lon="13.753014">
        <ele>1442.58</ele>
      </trkpt>
      <trkpt lat="42.014926" lon="13.753224">
        <ele>1445.68</ele>
      </trkpt>
      <trkpt lat="42.014992" lon="13.753434">
        <ele>1449.08</ele>
      </trkpt>
      <trkpt lat="42.015039" lon="13.753497">
        <ele>1449.44</ele>
      </trkpt>
      <trkpt lat="42.015136" lon="13.753576">
        <ele>1449.55</ele>
      </trkpt>
      <trkpt lat="42.015214" lon="13.753681">
        <ele>1447.98</ele>
      </trkpt>
      <trkpt lat="42.015129" lon="13.753768">
        <ele>1447.61</ele>
      </trkpt>
      <trkpt lat="42.014986" lon="13.753847">
        <ele>1449</ele>
      </trkpt>
      <trkpt lat="42.014599" lon="13.754305">
        <ele>1451.75</ele>
      </trkpt>
      <trkpt lat="42.014407" lon="13.754575">
        <ele>1453.22</ele>
      </trkpt>
      <trkpt lat="42.014188" lon="13.754921">
        <ele>1454.99</ele>
      </trkpt>
      <trkpt lat="42.014045" lon="13.755125">
        <ele>1455.91</ele>
      </trkpt>
      <trkpt lat="42.013758" lon="13.75542">
        <ele>1457.1</ele>
      </trkpt>
      <trkpt lat="42.013034" lon="13.756042">
        <ele>1460.78</ele>
      </trkpt>
      <trkpt lat="42.012791" lon="13.756183">
        <ele>1461.84</ele>
      </trkpt>
      <trkpt lat="42.012586" lon="13.756274">
        <ele>1462.1</ele>
      </trkpt>
      <trkpt lat="42.012128" lon="13.756388">
        <ele>1464.79</ele>
      </trkpt>
      <trkpt lat="42.011771" lon="13.756714">
        <ele>1465.63</ele>
      </trkpt>
      <trkpt lat="42.011485" lon="13.756927">
        <ele>1466.11</ele>
      </trkpt>
      <trkpt lat="42.01114" lon="13.757104">
        <ele>1467.23</ele>
      </trkpt>
      <trkpt lat="42.010774" lon="13.757383">
        <ele>1461.85</ele>
      </trkpt>
      <trkpt lat="42.010561" lon="13.757497">
        <ele>1459.49</ele>
      </trkpt>
      <trkpt lat="42.010245" lon="13.757588">
        <ele>1458.52</ele>
      </trkpt>
      <trkpt lat="42.010061" lon="13.757698">
        <ele>1459.19</ele>
      </trkpt>
      <trkpt lat="42.009915" lon="13.757737">
        <ele>1463.34</ele>
      </trkpt>
      <trkpt lat="42.009743" lon="13.757749">
        <ele>1470.08</ele>
      </trkpt>
      <trkpt lat="42.009559" lon="13.757792">
        <ele>1474.95</ele>
      </trkpt>
      <trkpt lat="42.009383" lon="13.757859">
        <ele>1476.51</ele>
      </trkpt>
      <trkpt lat="42.009176" lon="13.758005">
        <ele>1477.81</ele>
      </trkpt>
      <trkpt lat="42.008685" lon="13.758418">
        <ele>1482.96</ele>
      </trkpt>
      <trkpt lat="42.008264" lon="13.758784">
        <ele>1485.75</ele>
      </trkpt>
      <trkpt lat="42.008135" lon="13.758921">
        <ele>1486.95</ele>
      </trkpt>
      <trkpt lat="42.007627" lon="13.759543">
        <ele>1492.48</ele>
      </trkpt>
      <trkpt lat="42.007214" lon="13.759968">
        <ele>1497.15</ele>
      </trkpt>
      <trkpt lat="42.007033" lon="13.760168">
        <ele>1501.01</ele>
      </trkpt>
      <trkpt lat="42.006624" lon="13.760585">
        <ele>1505.79</ele>
      </trkpt>
      <trkpt lat="42.006431" lon="13.760805">
        <ele>1508.61</ele>
      </trkpt>
      <trkpt lat="42.00627" lon="13.760975">
        <ele>1510.88</ele>
      </trkpt>
      <trkpt lat="42.005937" lon="13.761251">
        <ele>1515.48</ele>
      </trkpt>
      <trkpt lat="42.00592" lon="13.761266">
        <ele>1515.73</ele>
      </trkpt>
      <trkpt lat="42.005873" lon="13.761352">
        <ele>1517.02</ele>
      </trkpt>
      <trkpt lat="42.005864" lon="13.761423">
        <ele>1517.17</ele>
      </trkpt>
      <trkpt lat="42.005864" lon="13.761553">
        <ele>1516.86</ele>
      </trkpt>
      <trkpt lat="42.005905" lon="13.761781">
        <ele>1513.17</ele>
      </trkpt>
      <trkpt lat="42.005934" lon="13.762037">
        <ele>1512.26</ele>
      </trkpt>
      <trkpt lat="42.005969" lon="13.762166">
        <ele>1512.4</ele>
      </trkpt>
      <trkpt lat="42.006039" lon="13.76228">
        <ele>1510.98</ele>
      </trkpt>
      <trkpt lat="42.006089" lon="13.762398">
        <ele>1510.61</ele>
      </trkpt>
      <trkpt lat="42.00611" lon="13.762552">
        <ele>1512.55</ele>
      </trkpt>
      <trkpt lat="42.006159" lon="13.762658">
        <ele>1513.34</ele>
      </trkpt>
      <trkpt lat="42.006352" lon="13.762851">
        <ele>1514.17</ele>
      </trkpt>
      <trkpt lat="42.006437" lon="13.762981">
        <ele>1514.42</ele>
      </trkpt>
      <trkpt lat="42.006539" lon="13.763169">
        <ele>1512.21</ele>
      </trkpt>
      <trkpt lat="42.006636" lon="13.763256">
        <ele>1509.69</ele>
      </trkpt>
      <trkpt lat="42.00664" lon="13.763445">
        <ele>1510.69</ele>
      </trkpt>
      <trkpt lat="42.006674" lon="13.763821">
        <ele>1513.29</ele>
      </trkpt>
      <trkpt lat="42.006603" lon="13.763794">
        <ele>1514.78</ele>
      </trkpt>
      <trkpt lat="42.006447" lon="13.763786">
        <ele>1521.87</ele>
      </trkpt>
      <trkpt lat="42.006398" lon="13.763829">
        <ele>1524.43</ele>
      </trkpt>
      <trkpt lat="42.006311" lon="13.763997">
        <ele>1528.32</ele>
      </trkpt>
      <trkpt lat="42.006167" lon="13.764246">
        <ele>1534.17</ele>
      </trkpt>
      <trkpt lat="42.006022" lon="13.764518">
        <ele>1538.19</ele>
      </trkpt>
      <trkpt lat="42.005985" lon="13.764701">
        <ele>1540.05</ele>
      </trkpt>
      <trkpt lat="42.005941" lon="13.76474">
        <ele>1541.86</ele>
      </trkpt>
      <trkpt lat="42.005895" lon="13.764716">
        <ele>1543.04</ele>
      </trkpt>
      <trkpt lat="42.005889" lon="13.764619">
        <ele>1542.09</ele>
      </trkpt>
      <trkpt lat="42.005863" lon="13.764491">
        <ele>1543.32</ele>
      </trkpt>
      <trkpt lat="42.005831" lon="13.764409">
        <ele>1544.8</ele>
      </trkpt>
      <trkpt lat="42.005724" lon="13.764207">
        <ele>1549.1</ele>
      </trkpt>
      <trkpt lat="42.005614" lon="13.763942">
        <ele>1550.04</ele>
      </trkpt>
      <trkpt lat="42.005548" lon="13.763845">
        <ele>1552.43</ele>
      </trkpt>
      <trkpt lat="42.005406" lon="13.763674">
        <ele>1557.96</ele>
      </trkpt>
      <trkpt lat="42.005262" lon="13.763557">
        <ele>1558.53</ele>
      </trkpt>
      <trkpt lat="42.005117" lon="13.763483">
        <ele>1562.04</ele>
      </trkpt>
      <trkpt lat="42.004941" lon="13.763475">
        <ele>1566.65</ele>
      </trkpt>
      <trkpt lat="42.004793" lon="13.763541">
        <ele>1569.81</ele>
      </trkpt>
      <trkpt lat="42.004709" lon="13.763631">
        <ele>1572.31</ele>
      </trkpt>
      <trkpt lat="42.004449" lon="13.763989">
        <ele>1579.98</ele>
      </trkpt>
      <trkpt lat="42.004342" lon="13.764059">
        <ele>1581.18</ele>
      </trkpt>
      <trkpt lat="42.004151" lon="13.76414">
        <ele>1583</ele>
      </trkpt>
      <trkpt lat="42.004033" lon="13.764203">
        <ele>1585.73</ele>
      </trkpt>
      <trkpt lat="42.003694" lon="13.764393">
        <ele>1588.87</ele>
      </trkpt>
      <trkpt lat="42.003288" lon="13.764705">
        <ele>1591.18</ele>
      </trkpt>
      <trkpt lat="42.002821" lon="13.765028">
        <ele>1593.98</ele>
      </trkpt>
      <trkpt lat="42.002566" lon="13.765242">
        <ele>1593.47</ele>
      </trkpt>
      <trkpt lat="42.002312" lon="13.765456">
        <ele>1594.99</ele>
      </trkpt>
      <trkpt lat="42.001911" lon="13.765749">
        <ele>1596.61</ele>
      </trkpt>
      <trkpt lat="42.001589" lon="13.765985">
        <ele>1596.39</ele>
      </trkpt>
      <trkpt lat="42.001167" lon="13.766277">
        <ele>1599.58</ele>
      </trkpt>
      <trkpt lat="42.000932" lon="13.766429">
        <ele>1602.1</ele>
      </trkpt>
      <trkpt lat="42.000461" lon="13.766732">
        <ele>1588.65</ele>
      </trkpt>
      <trkpt lat="41.999941" lon="13.767067">
        <ele>1587.33</ele>
      </trkpt>
      <trkpt lat="41.999686" lon="13.767199">
        <ele>1585.09</ele>
      </trkpt>
      <trkpt lat="41.999394" lon="13.767386">
        <ele>1583.98</ele>
      </trkpt>
      <trkpt lat="41.999174" lon="13.767561">
        <ele>1584.76</ele>
      </trkpt>
      <trkpt lat="41.998955" lon="13.767751">
        <ele>1585.92</ele>
      </trkpt>
      <trkpt lat="41.998518" lon="13.768129">
        <ele>1584.01</ele>
      </trkpt>
      <trkpt lat="41.998405" lon="13.768199">
        <ele>1583.08</ele>
      </trkpt>
      <trkpt lat="41.998082" lon="13.768457">
        <ele>1582.67</ele>
      </trkpt>
      <trkpt lat="41.998017" lon="13.768522">
        <ele>1583.43</ele>
      </trkpt>
      <trkpt lat="41.997986" lon="13.768589">
        <ele>1583.8</ele>
      </trkpt>
      <trkpt lat="41.997942" lon="13.768729">
        <ele>1585</ele>
      </trkpt>
      <trkpt lat="41.997806" lon="13.769071">
        <ele>1587.78</ele>
      </trkpt>
      <trkpt lat="41.997731" lon="13.7692">
        <ele>1587.35</ele>
      </trkpt>
      <trkpt lat="41.997604" lon="13.769328">
        <ele>1588.2</ele>
      </trkpt>
      <trkpt lat="41.99754" lon="13.769328">
        <ele>1589.24</ele>
      </trkpt>
      <trkpt lat="41.997479" lon="13.769293">
        <ele>1590.8</ele>
      </trkpt>
      <trkpt lat="41.997422" lon="13.769207">
        <ele>1592.65</ele>
      </trkpt>
      <trkpt lat="41.99741" lon="13.768888">
        <ele>1592.97</ele>
      </trkpt>
      <trkpt lat="41.997381" lon="13.768764">
        <ele>1593.97</ele>
      </trkpt>
      <trkpt lat="41.997384" lon="13.768682">
        <ele>1594.7</ele>
      </trkpt>
      <trkpt lat="41.99743" lon="13.768573">
        <ele>1595.88</ele>
      </trkpt>
      <trkpt lat="41.997575" lon="13.768359">
        <ele>1595.35</ele>
      </trkpt>
      <trkpt lat="41.997682" lon="13.768032">
        <ele>1595.78</ele>
      </trkpt>
      <trkpt lat="41.997841" lon="13.767721">
        <ele>1591.54</ele>
      </trkpt>
      <trkpt lat="41.99787" lon="13.767631">
        <ele>1590.93</ele>
      </trkpt>
      <trkpt lat="41.997867" lon="13.767557">
        <ele>1591.47</ele>
      </trkpt>
      <trkpt lat="41.997821" lon="13.767483">
        <ele>1593.49</ele>
      </trkpt>
      <trkpt lat="41.99776" lon="13.767359">
        <ele>1596.39</ele>
      </trkpt>
      <trkpt lat="41.99767" lon="13.767199">
        <ele>1599.46</ele>
      </trkpt>
      <trkpt lat="41.997592" lon="13.767083">
        <ele>1601.34</ele>
      </trkpt>
      <trkpt lat="41.9975" lon="13.767044">
        <ele>1603.47</ele>
      </trkpt>
      <trkpt lat="41.997428" lon="13.767048">
        <ele>1604.79</ele>
      </trkpt>
      <trkpt lat="41.997398" lon="13.767036">
        <ele>1604.3</ele>
      </trkpt>
      <trkpt lat="41.997289" lon="13.767075">
        <ele>1604.66</ele>
      </trkpt>
      <trkpt lat="41.997216" lon="13.767114">
        <ele>1605.23</ele>
      </trkpt>
      <trkpt lat="41.997164" lon="13.767223">
        <ele>1607.46</ele>
      </trkpt>
      <trkpt lat="41.996982" lon="13.767569">
        <ele>1611.46</ele>
      </trkpt>
      <trkpt lat="41.996716" lon="13.767946">
        <ele>1613.24</ele>
      </trkpt>
      <trkpt lat="41.99667" lon="13.767997">
        <ele>1613.69</ele>
      </trkpt>
      <trkpt lat="41.996502" lon="13.768094">
        <ele>1610.98</ele>
      </trkpt>
      <trkpt lat="41.99625" lon="13.768312">
        <ele>1607.62</ele>
      </trkpt>
      <trkpt lat="41.99611" lon="13.768466">
        <ele>1609.99</ele>
      </trkpt>
      <trkpt lat="41.99597" lon="13.76862">
        <ele>1614.41</ele>
      </trkpt>
      <trkpt lat="41.9959" lon="13.768624">
        <ele>1615.07</ele>
      </trkpt>
      <trkpt lat="41.995776" lon="13.768569">
        <ele>1614.45</ele>
      </trkpt>
      <trkpt lat="41.995599" lon="13.768581">
        <ele>1616.17</ele>
      </trkpt>
      <trkpt lat="41.995487" lon="13.768573">
        <ele>1616.83</ele>
      </trkpt>
      <trkpt lat="41.995411" lon="13.768612">
        <ele>1618.55</ele>
      </trkpt>
      <trkpt lat="41.995371" lon="13.768659">
        <ele>1620.07</ele>
      </trkpt>
      <trkpt lat="41.995244" lon="13.768962">
        <ele>1625.51</ele>
      </trkpt>
      <trkpt lat="41.995183" lon="13.769122">
        <ele>1626.46</ele>
      </trkpt>
      <trkpt lat="41.995192" lon="13.769262">
        <ele>1626.39</ele>
      </trkpt>
      <trkpt lat="41.995221" lon="13.769421">
        <ele>1626.33</ele>
      </trkpt>
      <trkpt lat="41.995336" lon="13.769799">
        <ele>1625.96</ele>
      </trkpt>
      <trkpt lat="41.995328" lon="13.769888">
        <ele>1625.9</ele>
      </trkpt>
      <trkpt lat="41.995284" lon="13.769966">
        <ele>1626.22</ele>
      </trkpt>
      <trkpt lat="41.995238" lon="13.770005">
        <ele>1626.63</ele>
      </trkpt>
      <trkpt lat="41.994755" lon="13.770219">
        <ele>1634.31</ele>
      </trkpt>
      <trkpt lat="41.994558" lon="13.770324">
        <ele>1639.47</ele>
      </trkpt>
      <trkpt lat="41.99435" lon="13.770495">
        <ele>1644.95</ele>
      </trkpt>
      <trkpt lat="41.994122" lon="13.770776">
        <ele>1645.29</ele>
      </trkpt>
      <trkpt lat="41.99385" lon="13.770997">
        <ele>1648.1</ele>
      </trkpt>
      <trkpt lat="41.993679" lon="13.771184">
        <ele>1649.29</ele>
      </trkpt>
      <trkpt lat="41.993508" lon="13.771293">
        <ele>1650.76</ele>
      </trkpt>
      <trkpt lat="41.993422" lon="13.771313">
        <ele>1651.5</ele>
      </trkpt>
      <trkpt lat="41.993341" lon="13.771437">
        <ele>1652.39</ele>
      </trkpt>
      <trkpt lat="41.993315" lon="13.771531">
        <ele>1653.04</ele>
      </trkpt>
      <trkpt lat="41.99326" lon="13.771624">
        <ele>1654.32</ele>
      </trkpt>
      <trkpt lat="41.993219" lon="13.771667">
        <ele>1655.11</ele>
      </trkpt>
      <trkpt lat="41.993141" lon="13.771671">
        <ele>1656.9</ele>
      </trkpt>
      <trkpt lat="41.993077" lon="13.771624">
        <ele>1658.6</ele>
      </trkpt>
      <trkpt lat="41.993034" lon="13.771523">
        <ele>1659.62</ele>
      </trkpt>
      <trkpt lat="41.993031" lon="13.771445">
        <ele>1659.16</ele>
      </trkpt>
      <trkpt lat="41.992939" lon="13.771278">
        <ele>1658.63</ele>
      </trkpt>
      <trkpt lat="41.99286" lon="13.771258">
        <ele>1660.14</ele>
      </trkpt>
      <trkpt lat="41.992354" lon="13.771254">
        <ele>1668.77</ele>
      </trkpt>
      <trkpt lat="41.992256" lon="13.771282">
        <ele>1670.16</ele>
      </trkpt>
      <trkpt lat="41.99214" lon="13.771336">
        <ele>1671.32</ele>
      </trkpt>
      <trkpt lat="41.99199" lon="13.771433">
        <ele>1672.26</ele>
      </trkpt>
      <trkpt lat="41.991698" lon="13.771499">
        <ele>1673.22</ele>
      </trkpt>
      <trkpt lat="41.991495" lon="13.771511">
        <ele>1673.93</ele>
      </trkpt>
      <trkpt lat="41.991374" lon="13.771515">
        <ele>1675.88</ele>
      </trkpt>
      <trkpt lat="41.99133" lon="13.771554">
        <ele>1677.08</ele>
      </trkpt>
      <trkpt lat="41.991336" lon="13.771616">
        <ele>1677.39</ele>
      </trkpt>
      <trkpt lat="41.991484" lon="13.771663">
        <ele>1675.91</ele>
      </trkpt>
      <trkpt lat="41.991582" lon="13.771749">
        <ele>1677.23</ele>
      </trkpt>
      <trkpt lat="41.991805" lon="13.771912">
        <ele>1681.96</ele>
      </trkpt>
      <trkpt lat="41.99186" lon="13.771963">
        <ele>1682.77</ele>
      </trkpt>
      <trkpt lat="41.991886" lon="13.772021">
        <ele>1682.91</ele>
      </trkpt>
      <trkpt lat="41.991889" lon="13.772091">
        <ele>1682.45</ele>
      </trkpt>
      <trkpt lat="41.991857" lon="13.772169">
        <ele>1682.99</ele>
      </trkpt>
      <trkpt lat="41.991793" lon="13.772212">
        <ele>1683.61</ele>
      </trkpt>
      <trkpt lat="41.991721" lon="13.772235">
        <ele>1684.71</ele>
      </trkpt>
      <trkpt lat="41.991634" lon="13.772196">
        <ele>1687.15</ele>
      </trkpt>
      <trkpt lat="41.991573" lon="13.77213">
        <ele>1688.01</ele>
      </trkpt>
      <trkpt lat="41.99149" lon="13.772134">
        <ele>1688.81</ele>
      </trkpt>
      <trkpt lat="41.991394" lon="13.772181">
        <ele>1690.76</ele>
      </trkpt>
      <trkpt lat="41.991229" lon="13.772344">
        <ele>1694.28</ele>
      </trkpt>
      <trkpt lat="41.991145" lon="13.772387">
        <ele>1695.68</ele>
      </trkpt>
      <trkpt lat="41.99107" lon="13.772383">
        <ele>1697.46</ele>
      </trkpt>
      <trkpt lat="41.990963" lon="13.772317">
        <ele>1700.05</ele>
      </trkpt>
      <trkpt lat="41.990599" lon="13.772177">
        <ele>1706.89</ele>
      </trkpt>
      <trkpt lat="41.990535" lon="13.772122">
        <ele>1707.54</ele>
      </trkpt>
      <trkpt lat="41.9905" lon="13.772079">
        <ele>1707.89</ele>
      </trkpt>
      <trkpt lat="41.990463" lon="13.77206">
        <ele>1708.72</ele>
      </trkpt>
      <trkpt lat="41.990425" lon="13.772068">
        <ele>1710.03</ele>
      </trkpt>
      <trkpt lat="41.990411" lon="13.772122">
        <ele>1711.44</ele>
      </trkpt>
      <trkpt lat="41.990416" lon="13.77227">
        <ele>1713.82</ele>
      </trkpt>
      <trkpt lat="41.990393" lon="13.772468">
        <ele>1715.74</ele>
      </trkpt>
      <trkpt lat="41.990269" lon="13.772823">
        <ele>1718.05</ele>
      </trkpt>
      <trkpt lat="41.99024" lon="13.772986">
        <ele>1719.44</ele>
      </trkpt>
      <trkpt lat="41.99024" lon="13.773094">
        <ele>1720.34</ele>
      </trkpt>
      <trkpt lat="41.990284" lon="13.773261">
        <ele>1721.26</ele>
      </trkpt>
      <trkpt lat="41.990327" lon="13.77339">
        <ele>1722.09</ele>
      </trkpt>
      <trkpt lat="41.990391" lon="13.773487">
        <ele>1721.72</ele>
      </trkpt>
      <trkpt lat="41.990446" lon="13.773534">
        <ele>1721.16</ele>
      </trkpt>
      <trkpt lat="41.990495" lon="13.773604">
        <ele>1720.69</ele>
      </trkpt>
      <trkpt lat="41.990501" lon="13.773662">
        <ele>1721</ele>
      </trkpt>
      <trkpt lat="41.990472" lon="13.773732">
        <ele>1722.17</ele>
      </trkpt>
      <trkpt lat="41.990408" lon="13.773759">
        <ele>1723.94</ele>
      </trkpt>
      <trkpt lat="41.990353" lon="13.773748">
        <ele>1724.94</ele>
      </trkpt>
      <trkpt lat="41.990315" lon="13.773678">
        <ele>1725.34</ele>
      </trkpt>
      <trkpt lat="41.990263" lon="13.773608">
        <ele>1725.72</ele>
      </trkpt>
      <trkpt lat="41.989925" lon="13.773238">
        <ele>1728.72</ele>
      </trkpt>
      <trkpt lat="41.989777" lon="13.773094">
        <ele>1732.02</ele>
      </trkpt>
      <trkpt lat="41.989668" lon="13.773039">
        <ele>1733.69</ele>
      </trkpt>
      <trkpt lat="41.989583" lon="13.772948">
        <ele>1733.63</ele>
      </trkpt>
      <trkpt lat="41.989572" lon="13.772937">
        <ele>1733.62</ele>
      </trkpt>
      <trkpt lat="41.989553" lon="13.772769">
        <ele>1735.13</ele>
      </trkpt>
      <trkpt lat="41.989553" lon="13.772666">
        <ele>1736.16</ele>
      </trkpt>
      <trkpt lat="41.989579" lon="13.772581">
        <ele>1736.69</ele>
      </trkpt>
      <trkpt lat="41.989554" lon="13.772331">
        <ele>1738.33</ele>
      </trkpt>
      <trkpt lat="41.989487" lon="13.772231">
        <ele>1739.53</ele>
      </trkpt>
      <trkpt lat="41.989384" lon="13.771918">
        <ele>1742.45</ele>
      </trkpt>
      <trkpt lat="41.989288" lon="13.771742">
        <ele>1744.73</ele>
      </trkpt>
      <trkpt lat="41.989301" lon="13.771488">
        <ele>1746.2</ele>
      </trkpt>
      <trkpt lat="41.989294" lon="13.771334">
        <ele>1746.39</ele>
      </trkpt>
      <trkpt lat="41.98925" lon="13.771133">
        <ele>1748.45</ele>
      </trkpt>
      <trkpt lat="41.989145" lon="13.770948">
        <ele>1753.15</ele>
      </trkpt>
      <trkpt lat="41.98895" lon="13.770842">
        <ele>1757.84</ele>
      </trkpt>
      <trkpt lat="41.988756" lon="13.770735">
        <ele>1760.34</ele>
      </trkpt>
      <trkpt lat="41.988609" lon="13.770572">
        <ele>1763.65</ele>
      </trkpt>
      <trkpt lat="41.988564" lon="13.770293">
        <ele>1766.79</ele>
      </trkpt>
      <trkpt lat="41.988526" lon="13.770049">
        <ele>1767.11</ele>
      </trkpt>
      <trkpt lat="41.98851" lon="13.769825">
        <ele>1767.28</ele>
      </trkpt>
      <trkpt lat="41.988262" lon="13.769139">
        <ele>1762.76</ele>
      </trkpt>
      <trkpt lat="41.988207" lon="13.769019">
        <ele>1762.28</ele>
      </trkpt>
      <trkpt lat="41.988166" lon="13.768787">
        <ele>1762.16</ele>
      </trkpt>
      <trkpt lat="41.988045" lon="13.768499">
        <ele>1762.23</ele>
      </trkpt>
      <trkpt lat="41.988016" lon="13.768405">
        <ele>1762.31</ele>
      </trkpt>
      <trkpt lat="41.987911" lon="13.768263">
        <ele>1763.26</ele>
      </trkpt>
      <trkpt lat="41.987783" lon="13.768182">
        <ele>1765.55</ele>
      </trkpt>
      <trkpt lat="41.987486" lon="13.76786">
        <ele>1769.7</ele>
      </trkpt>
      <trkpt lat="41.987266" lon="13.76774">
        <ele>1773.31</ele>
      </trkpt>
      <trkpt lat="41.987033" lon="13.767675">
        <ele>1777.46</ele>
      </trkpt>
      <trkpt lat="41.9869" lon="13.767697">
        <ele>1779</ele>
      </trkpt>
      <trkpt lat="41.986788" lon="13.76777">
        <ele>1780.7</ele>
      </trkpt>
      <trkpt lat="41.98667" lon="13.767937">
        <ele>1783.87</ele>
      </trkpt>
      <trkpt lat="41.986718" lon="13.768096">
        <ele>1786.64</ele>
      </trkpt>
      <trkpt lat="41.986757" lon="13.768201">
        <ele>1787.87</ele>
      </trkpt>
      <trkpt lat="41.986702" lon="13.768218">
        <ele>1787.82</ele>
      </trkpt>
      <trkpt lat="41.986638" lon="13.768206">
        <ele>1786.79</ele>
      </trkpt>
      <trkpt lat="41.986702" lon="13.768218">
        <ele>1787.82</ele>
      </trkpt>
      <trkpt lat="41.986757" lon="13.768201">
        <ele>1787.87</ele>
      </trkpt>
      <trkpt lat="41.986718" lon="13.768096">
        <ele>1786.64</ele>
      </trkpt>
      <trkpt lat="41.98667" lon="13.767937">
        <ele>1783.87</ele>
      </trkpt>
      <trkpt lat="41.986788" lon="13.76777">
        <ele>1780.7</ele>
      </trkpt>
      <trkpt lat="41.9869" lon="13.767697">
        <ele>1779</ele>
      </trkpt>
      <trkpt lat="41.987033" lon="13.767675">
        <ele>1777.46</ele>
      </trkpt>
      <trkpt lat="41.987266" lon="13.76774">
        <ele>1773.31</ele>
      </trkpt>
      <trkpt lat="41.987486" lon="13.76786">
        <ele>1769.7</ele>
      </trkpt>
      <trkpt lat="41.987783" lon="13.768182">
        <ele>1765.55</ele>
      </trkpt>
      <trkpt lat="41.987911" lon="13.768263">
        <ele>1763.26</ele>
      </trkpt>
      <trkpt lat="41.988016" lon="13.768405">
        <ele>1762.31</ele>
      </trkpt>
      <trkpt lat="41.988045" lon="13.768499">
        <ele>1762.23</ele>
      </trkpt>
      <trkpt lat="41.988166" lon="13.768787">
        <ele>1762.16</ele>
      </trkpt>
      <trkpt lat="41.988207" lon="13.769019">
        <ele>1762.28</ele>
      </trkpt>
      <trkpt lat="41.988262" lon="13.769139">
        <ele>1762.76</ele>
      </trkpt>
      <trkpt lat="41.98851" lon="13.769825">
        <ele>1767.28</ele>
      </trkpt>
      <trkpt lat="41.988526" lon="13.770049">
        <ele>1767.11</ele>
      </trkpt>
      <trkpt lat="41.988564" lon="13.770293">
        <ele>1766.79</ele>
      </trkpt>
      <trkpt lat="41.988609" lon="13.770572">
        <ele>1763.65</ele>
      </trkpt>
      <trkpt lat="41.988756" lon="13.770735">
        <ele>1760.34</ele>
      </trkpt>
      <trkpt lat="41.98895" lon="13.770842">
        <ele>1757.84</ele>
      </trkpt>
      <trkpt lat="41.989145" lon="13.770948">
        <ele>1753.15</ele>
      </trkpt>
      <trkpt lat="41.98925" lon="13.771133">
        <ele>1748.45</ele>
      </trkpt>
      <trkpt lat="41.989294" lon="13.771334">
        <ele>1746.39</ele>
      </trkpt>
      <trkpt lat="41.989301" lon="13.771488">
        <ele>1746.2</ele>
      </trkpt>
      <trkpt lat="41.989288" lon="13.771742">
        <ele>1744.73</ele>
      </trkpt>
      <trkpt lat="41.989384" lon="13.771918">
        <ele>1742.45</ele>
      </trkpt>
      <trkpt lat="41.989487" lon="13.772231">
        <ele>1739.53</ele>
      </trkpt>
      <trkpt lat="41.989554" lon="13.772331">
        <ele>1738.33</ele>
      </trkpt>
      <trkpt lat="41.989579" lon="13.772581">
        <ele>1736.69</ele>
      </trkpt>
      <trkpt lat="41.989553" lon="13.772666">
        <ele>1736.16</ele>
      </trkpt>
      <trkpt lat="41.989553" lon="13.772769">
        <ele>1735.13</ele>
      </trkpt>
      <trkpt lat="41.989572" lon="13.772937">
        <ele>1733.62</ele>
      </trkpt>
      <trkpt lat="41.989668" lon="13.773039">
        <ele>1733.69</ele>
      </trkpt>
      <trkpt lat="41.989595" lon="13.773016">
        <ele>1733.22</ele>
      </trkpt>
      <trkpt lat="41.989494" lon="13.773047">
        <ele>1731.32</ele>
      </trkpt>
      <trkpt lat="41.989422" lon="13.773109">
        <ele>1729.46</ele>
      </trkpt>
      <trkpt lat="41.989376" lon="13.773249">
        <ele>1727.02</ele>
      </trkpt>
      <trkpt lat="41.98932" lon="13.773471">
        <ele>1724.25</ele>
      </trkpt>
      <trkpt lat="41.989303" lon="13.773771">
        <ele>1720.83</ele>
      </trkpt>
      <trkpt lat="41.989329" lon="13.773899">
        <ele>1719.28</ele>
      </trkpt>
      <trkpt lat="41.989453" lon="13.774098">
        <ele>1718.7</ele>
      </trkpt>
      <trkpt lat="41.989459" lon="13.774172">
        <ele>1717.55</ele>
      </trkpt>
      <trkpt lat="41.989436" lon="13.774234">
        <ele>1715.92</ele>
      </trkpt>
      <trkpt lat="41.989375" lon="13.774269">
        <ele>1713.88</ele>
      </trkpt>
      <trkpt lat="41.989306" lon="13.774234">
        <ele>1712.87</ele>
      </trkpt>
      <trkpt lat="41.98921" lon="13.774211">
        <ele>1711.99</ele>
      </trkpt>
      <trkpt lat="41.989031" lon="13.774215">
        <ele>1711.33</ele>
      </trkpt>
      <trkpt lat="41.988832" lon="13.77418">
        <ele>1709.79</ele>
      </trkpt>
      <trkpt lat="41.988725" lon="13.774137">
        <ele>1708.47</ele>
      </trkpt>
      <trkpt lat="41.988606" lon="13.774012">
        <ele>1707.21</ele>
      </trkpt>
      <trkpt lat="41.988571" lon="13.773911">
        <ele>1707.84</ele>
      </trkpt>
      <trkpt lat="41.988551" lon="13.773611">
        <ele>1708.17</ele>
      </trkpt>
      <trkpt lat="41.988525" lon="13.773483">
        <ele>1707.56</ele>
      </trkpt>
      <trkpt lat="41.988487" lon="13.773382">
        <ele>1706.58</ele>
      </trkpt>
      <trkpt lat="41.988432" lon="13.773347">
        <ele>1704.79</ele>
      </trkpt>
      <trkpt lat="41.988375" lon="13.773362">
        <ele>1703.05</ele>
      </trkpt>
      <trkpt lat="41.988331" lon="13.773409">
        <ele>1702.23</ele>
      </trkpt>
      <trkpt lat="41.988181" lon="13.773771">
        <ele>1698.64</ele>
      </trkpt>
      <trkpt lat="41.988036" lon="13.774024">
        <ele>1694.82</ele>
      </trkpt>
      <trkpt lat="41.987894" lon="13.774281">
        <ele>1694.72</ele>
      </trkpt>
      <trkpt lat="41.987819" lon="13.774394">
        <ele>1694.25</ele>
      </trkpt>
      <trkpt lat="41.987727" lon="13.774475">
        <ele>1692.5</ele>
      </trkpt>
      <trkpt lat="41.987631" lon="13.774491">
        <ele>1691.29</ele>
      </trkpt>
      <trkpt lat="41.987559" lon="13.774522">
        <ele>1690.26</ele>
      </trkpt>
      <trkpt lat="41.987475" lon="13.774577">
        <ele>1688.98</ele>
      </trkpt>
      <trkpt lat="41.987345" lon="13.774693">
        <ele>1686.61</ele>
      </trkpt>
      <trkpt lat="41.987244" lon="13.774818">
        <ele>1684.79</ele>
      </trkpt>
      <trkpt lat="41.987128" lon="13.774923">
        <ele>1682.97</ele>
      </trkpt>
      <trkpt lat="41.986995" lon="13.774989">
        <ele>1681.73</ele>
      </trkpt>
      <trkpt lat="41.986876" lon="13.775028">
        <ele>1680.67</ele>
      </trkpt>
      <trkpt lat="41.986778" lon="13.775009">
        <ele>1679.78</ele>
      </trkpt>
      <trkpt lat="41.986734" lon="13.774915">
        <ele>1679.33</ele>
      </trkpt>
      <trkpt lat="41.986732" lon="13.774818">
        <ele>1678.72</ele>
      </trkpt>
      <trkpt lat="41.986743" lon="13.774705">
        <ele>1678.5</ele>
      </trkpt>
      <trkpt lat="41.986789" lon="13.774584">
        <ele>1679.23</ele>
      </trkpt>
      <trkpt lat="41.986868" lon="13.774444">
        <ele>1678.86</ele>
      </trkpt>
      <trkpt lat="41.98698" lon="13.774277">
        <ele>1678.73</ele>
      </trkpt>
      <trkpt lat="41.987113" lon="13.774172">
        <ele>1679.53</ele>
      </trkpt>
      <trkpt lat="41.987287" lon="13.774078">
        <ele>1679.82</ele>
      </trkpt>
      <trkpt lat="41.987434" lon="13.773973">
        <ele>1679.46</ele>
      </trkpt>
      <trkpt lat="41.987582" lon="13.77379">
        <ele>1678.72</ele>
      </trkpt>
      <trkpt lat="41.987605" lon="13.773662">
        <ele>1677.66</ele>
      </trkpt>
      <trkpt lat="41.987602" lon="13.773541">
        <ele>1676.91</ele>
      </trkpt>
      <trkpt lat="41.987585" lon="13.773452">
        <ele>1676.77</ele>
      </trkpt>
      <trkpt lat="41.987518" lon="13.773382">
        <ele>1676.89</ele>
      </trkpt>
      <trkpt lat="41.987434" lon="13.773386">
        <ele>1676.74</ele>
      </trkpt>
      <trkpt lat="41.987194" lon="13.773495">
        <ele>1674.8</ele>
      </trkpt>
      <trkpt lat="41.986949" lon="13.773549">
        <ele>1673.03</ele>
      </trkpt>
      <trkpt lat="41.986772" lon="13.773608">
        <ele>1672.14</ele>
      </trkpt>
      <trkpt lat="41.9858" lon="13.774172">
        <ele>1661.85</ele>
      </trkpt>
      <trkpt lat="41.985664" lon="13.774238">
        <ele>1660.88</ele>
      </trkpt>
      <trkpt lat="41.985629" lon="13.774242">
        <ele>1660.81</ele>
      </trkpt>
      <trkpt lat="41.985554" lon="13.774211">
        <ele>1661.1</ele>
      </trkpt>
      <trkpt lat="41.98543" lon="13.774125">
        <ele>1658.52</ele>
      </trkpt>
      <trkpt lat="41.985323" lon="13.773993">
        <ele>1655.1</ele>
      </trkpt>
      <trkpt lat="41.985207" lon="13.773779">
        <ele>1652.31</ele>
      </trkpt>
      <trkpt lat="41.985091" lon="13.773514">
        <ele>1651.01</ele>
      </trkpt>
      <trkpt lat="41.985065" lon="13.773425">
        <ele>1651.03</ele>
      </trkpt>
      <trkpt lat="41.985048" lon="13.773226">
        <ele>1650.95</ele>
      </trkpt>
      <trkpt lat="41.985051" lon="13.773137">
        <ele>1651.09</ele>
      </trkpt>
      <trkpt lat="41.985031" lon="13.773032">
        <ele>1650.14</ele>
      </trkpt>
      <trkpt lat="41.985008" lon="13.772779">
        <ele>1648.65</ele>
      </trkpt>
      <trkpt lat="41.984982" lon="13.772724">
        <ele>1648.01</ele>
      </trkpt>
      <trkpt lat="41.984866" lon="13.772607">
        <ele>1645.87</ele>
      </trkpt>
      <trkpt lat="41.984808" lon="13.772537">
        <ele>1645.12</ele>
      </trkpt>
      <trkpt lat="41.984701" lon="13.772351">
        <ele>1643.53</ele>
      </trkpt>
      <trkpt lat="41.98464" lon="13.772226">
        <ele>1643.34</ele>
      </trkpt>
      <trkpt lat="41.984626" lon="13.772148">
        <ele>1644.33</ele>
      </trkpt>
      <trkpt lat="41.984591" lon="13.772137">
        <ele>1642.77</ele>
      </trkpt>
      <trkpt lat="41.984559" lon="13.77216">
        <ele>1640.42</ele>
      </trkpt>
      <trkpt lat="41.984551" lon="13.772199">
        <ele>1639.16</ele>
      </trkpt>
      <trkpt lat="41.984684" lon="13.772646">
        <ele>1637.7</ele>
      </trkpt>
      <trkpt lat="41.984727" lon="13.772701">
        <ele>1638.55</ele>
      </trkpt>
      <trkpt lat="41.984759" lon="13.772779">
        <ele>1638.33</ele>
      </trkpt>
      <trkpt lat="41.984767" lon="13.772853">
        <ele>1637.07</ele>
      </trkpt>
      <trkpt lat="41.984759" lon="13.772915">
        <ele>1636.46</ele>
      </trkpt>
      <trkpt lat="41.984623" lon="13.773432">
        <ele>1629.34</ele>
      </trkpt>
      <trkpt lat="41.9846" lon="13.773825">
        <ele>1628.79</ele>
      </trkpt>
      <trkpt lat="41.984579" lon="13.774082">
        <ele>1626.51</ele>
      </trkpt>
      <trkpt lat="41.984533" lon="13.774351">
        <ele>1623.1</ele>
      </trkpt>
      <trkpt lat="41.984449" lon="13.774686">
        <ele>1618.54</ele>
      </trkpt>
      <trkpt lat="41.984389" lon="13.774892">
        <ele>1616.17</ele>
      </trkpt>
      <trkpt lat="41.984342" lon="13.775184">
        <ele>1614.61</ele>
      </trkpt>
      <trkpt lat="41.984345" lon="13.775332">
        <ele>1614.96</ele>
      </trkpt>
      <trkpt lat="41.984322" lon="13.775386">
        <ele>1613.88</ele>
      </trkpt>
      <trkpt lat="41.98429" lon="13.775417">
        <ele>1612.38</ele>
      </trkpt>
      <trkpt lat="41.984255" lon="13.775386">
        <ele>1610.96</ele>
      </trkpt>
      <trkpt lat="41.984247" lon="13.775234">
        <ele>1610.62</ele>
      </trkpt>
      <trkpt lat="41.984177" lon="13.77497">
        <ele>1607.91</ele>
      </trkpt>
      <trkpt lat="41.984119" lon="13.774456">
        <ele>1605.37</ele>
      </trkpt>
      <trkpt lat="41.984096" lon="13.774148">
        <ele>1605.23</ele>
      </trkpt>
      <trkpt lat="41.984047" lon="13.773973">
        <ele>1604.41</ele>
      </trkpt>
      <trkpt lat="41.983978" lon="13.773861">
        <ele>1602.2</ele>
      </trkpt>
      <trkpt lat="41.983908" lon="13.773518">
        <ele>1599.23</ele>
      </trkpt>
      <trkpt lat="41.983934" lon="13.77316">
        <ele>1599.64</ele>
      </trkpt>
      <trkpt lat="41.983923" lon="13.772993">
        <ele>1600.58</ele>
      </trkpt>
      <trkpt lat="41.983894" lon="13.772868">
        <ele>1601.62</ele>
      </trkpt>
      <trkpt lat="41.983859" lon="13.772786">
        <ele>1601</ele>
      </trkpt>
      <trkpt lat="41.983801" lon="13.77274">
        <ele>1599.4</ele>
      </trkpt>
      <trkpt lat="41.983697" lon="13.772728">
        <ele>1596.91</ele>
      </trkpt>
      <trkpt lat="41.983584" lon="13.772709">
        <ele>1596.24</ele>
      </trkpt>
      <trkpt lat="41.983541" lon="13.77272">
        <ele>1595.8</ele>
      </trkpt>
      <trkpt lat="41.983524" lon="13.772763">
        <ele>1594.29</ele>
      </trkpt>
      <trkpt lat="41.983532" lon="13.772814">
        <ele>1592.6</ele>
      </trkpt>
      <trkpt lat="41.983584" lon="13.772845">
        <ele>1591.92</ele>
      </trkpt>
      <trkpt lat="41.983648" lon="13.772864">
        <ele>1592.11</ele>
      </trkpt>
      <trkpt lat="41.98368" lon="13.772923">
        <ele>1592.68</ele>
      </trkpt>
      <trkpt lat="41.983694" lon="13.773028">
        <ele>1592.02</ele>
      </trkpt>
      <trkpt lat="41.983613" lon="13.773386">
        <ele>1587.14</ele>
      </trkpt>
      <trkpt lat="41.983541" lon="13.773802">
        <ele>1583.13</ele>
      </trkpt>
      <trkpt lat="41.983472" lon="13.774347">
        <ele>1577.64</ele>
      </trkpt>
      <trkpt lat="41.983422" lon="13.774584">
        <ele>1574.41</ele>
      </trkpt>
      <trkpt lat="41.983408" lon="13.774732">
        <ele>1574.57</ele>
      </trkpt>
      <trkpt lat="41.983396" lon="13.774779">
        <ele>1574.3</ele>
      </trkpt>
      <trkpt lat="41.983362" lon="13.774826">
        <ele>1573.09</ele>
      </trkpt>
      <trkpt lat="41.983333" lon="13.774822">
        <ele>1572.05</ele>
      </trkpt>
      <trkpt lat="41.983307" lon="13.774759">
        <ele>1570.9</ele>
      </trkpt>
      <trkpt lat="41.983286" lon="13.774495">
        <ele>1570.32</ele>
      </trkpt>
      <trkpt lat="41.983208" lon="13.774211">
        <ele>1568.48</ele>
      </trkpt>
      <trkpt lat="41.983156" lon="13.773911">
        <ele>1567.67</ele>
      </trkpt>
      <trkpt lat="41.983127" lon="13.77365">
        <ele>1568.24</ele>
      </trkpt>
      <trkpt lat="41.983101" lon="13.7736">
        <ele>1567.66</ele>
      </trkpt>
      <trkpt lat="41.983064" lon="13.7736">
        <ele>1566.39</ele>
      </trkpt>
      <trkpt lat="41.983038" lon="13.773631">
        <ele>1565.2</ele>
      </trkpt>
      <trkpt lat="41.983026" lon="13.773794">
        <ele>1563.43</ele>
      </trkpt>
      <trkpt lat="41.983009" lon="13.773861">
        <ele>1562.37</ele>
      </trkpt>
      <trkpt lat="41.982936" lon="13.774055">
        <ele>1558.92</ele>
      </trkpt>
      <trkpt lat="41.982771" lon="13.774783">
        <ele>1552.76</ele>
      </trkpt>
      <trkpt lat="41.982722" lon="13.775215">
        <ele>1548.49</ele>
      </trkpt>
      <trkpt lat="41.982682" lon="13.775721">
        <ele>1544.28</ele>
      </trkpt>
      <trkpt lat="41.982679" lon="13.775954">
        <ele>1541.82</ele>
      </trkpt>
      <trkpt lat="41.982693" lon="13.776133">
        <ele>1539.13</ele>
      </trkpt>
      <trkpt lat="41.982737" lon="13.776301">
        <ele>1537.48</ele>
      </trkpt>
      <trkpt lat="41.982777" lon="13.776374">
        <ele>1537.22</ele>
      </trkpt>
      <trkpt lat="41.982789" lon="13.776445">
        <ele>1536.12</ele>
      </trkpt>
      <trkpt lat="41.982774" lon="13.77648">
        <ele>1534.85</ele>
      </trkpt>
      <trkpt lat="41.982731" lon="13.776499">
        <ele>1532.94</ele>
      </trkpt>
      <trkpt lat="41.982696" lon="13.776464">
        <ele>1532.48</ele>
      </trkpt>
      <trkpt lat="41.982676" lon="13.776394">
        <ele>1533.24</ele>
      </trkpt>
      <trkpt lat="41.982616" lon="13.776279">
        <ele>1533.27</ele>
      </trkpt>
      <trkpt lat="41.982452" lon="13.776051">
        <ele>1532.41</ele>
      </trkpt>
      <trkpt lat="41.98231" lon="13.775907">
        <ele>1529.85</ele>
      </trkpt>
      <trkpt lat="41.98209" lon="13.775709">
        <ele>1524.98</ele>
      </trkpt>
      <trkpt lat="41.982" lon="13.775648">
        <ele>1523.22</ele>
      </trkpt>
      <trkpt lat="41.981971" lon="13.775534">
        <ele>1522.78</ele>
      </trkpt>
      <trkpt lat="41.981983" lon="13.775428">
        <ele>1523.05</ele>
      </trkpt>
      <trkpt lat="41.981983" lon="13.775321">
        <ele>1523.06</ele>
      </trkpt>
      <trkpt lat="41.981887" lon="13.775215">
        <ele>1522.03</ele>
      </trkpt>
      <trkpt lat="41.981757" lon="13.775192">
        <ele>1521.84</ele>
      </trkpt>
      <trkpt lat="41.981627" lon="13.775299">
        <ele>1520.45</ele>
      </trkpt>
      <trkpt lat="41.981497" lon="13.775367">
        <ele>1518.75</ele>
      </trkpt>
      <trkpt lat="41.981322" lon="13.775344">
        <ele>1518.46</ele>
      </trkpt>
      <trkpt lat="41.98112" lon="13.775344">
        <ele>1516.88</ele>
      </trkpt>
      <trkpt lat="41.980919" lon="13.775344">
        <ele>1512.86</ele>
      </trkpt>
      <trkpt lat="41.980549" lon="13.775314">
        <ele>1502.89</ele>
      </trkpt>
      <trkpt lat="41.980185" lon="13.775196">
        <ele>1497.93</ele>
      </trkpt>
      <trkpt lat="41.979887" lon="13.775136">
        <ele>1495.09</ele>
      </trkpt>
      <trkpt lat="41.979475" lon="13.775294">
        <ele>1489.74</ele>
      </trkpt>
      <trkpt lat="41.979219" lon="13.775428">
        <ele>1486.4</ele>
      </trkpt>
      <trkpt lat="41.978729" lon="13.775705">
        <ele>1490.31</ele>
      </trkpt>
      <trkpt lat="41.978501" lon="13.775753">
        <ele>1492.05</ele>
      </trkpt>
      <trkpt lat="41.978203" lon="13.775781">
        <ele>1494.56</ele>
      </trkpt>
      <trkpt lat="41.977982" lon="13.775734">
        <ele>1495.93</ele>
      </trkpt>
      <trkpt lat="41.977719" lon="13.775695">
        <ele>1497.17</ele>
      </trkpt>
      <trkpt lat="41.977613" lon="13.7756">
        <ele>1497.26</ele>
      </trkpt>
      <trkpt lat="41.977464" lon="13.775533">
        <ele>1499.54</ele>
      </trkpt>
      <trkpt lat="41.977229" lon="13.775676">
        <ele>1502.8</ele>
      </trkpt>
      <trkpt lat="41.976952" lon="13.775887">
        <ele>1507.34</ele>
      </trkpt>
      <trkpt lat="41.976774" lon="13.776173">
        <ele>1509.68</ele>
      </trkpt>
      <trkpt lat="41.976625" lon="13.776326">
        <ele>1512.53</ele>
      </trkpt>
      <trkpt lat="41.976568" lon="13.77646">
        <ele>1513.06</ele>
      </trkpt>
      <trkpt lat="41.976604" lon="13.776585">
        <ele>1513.44</ele>
      </trkpt>
      <trkpt lat="41.976717" lon="13.776642">
        <ele>1514.03</ele>
      </trkpt>
      <trkpt lat="41.976973" lon="13.776613">
        <ele>1515.07</ele>
      </trkpt>
      <trkpt lat="41.977563" lon="13.776441">
        <ele>1511.91</ele>
      </trkpt>
      <trkpt lat="41.977627" lon="13.776508">
        <ele>1512.75</ele>
      </trkpt>
      <trkpt lat="41.977632" lon="13.776593">
        <ele>1514.18</ele>
      </trkpt>
      <trkpt lat="41.977632" lon="13.776593">
        <ele>1514.18</ele>
      </trkpt>
      <trkpt lat="41.977634" lon="13.776632">
        <ele>1514.85</ele>
      </trkpt>
      <trkpt lat="41.977712" lon="13.776747">
        <ele>1515.63</ele>
      </trkpt>
      <trkpt lat="41.977762" lon="13.777101">
        <ele>1520.33</ele>
      </trkpt>
      <trkpt lat="41.977684" lon="13.777359">
        <ele>1523.11</ele>
      </trkpt>
      <trkpt lat="41.977549" lon="13.777512">
        <ele>1525.1</ele>
      </trkpt>
      <trkpt lat="41.977378" lon="13.777617">
        <ele>1525.64</ele>
      </trkpt>
      <trkpt lat="41.977115" lon="13.777684">
        <ele>1529.15</ele>
      </trkpt>
      <trkpt lat="41.976845" lon="13.777713">
        <ele>1537.44</ele>
      </trkpt>
      <trkpt lat="41.976646" lon="13.777713">
        <ele>1538.64</ele>
      </trkpt>
      <trkpt lat="41.976547" lon="13.777837">
        <ele>1540.37</ele>
      </trkpt>
      <trkpt lat="41.976504" lon="13.777999">
        <ele>1542.72</ele>
      </trkpt>
      <trkpt lat="41.976582" lon="13.778162">
        <ele>1544.69</ele>
      </trkpt>
      <trkpt lat="41.976696" lon="13.778324">
        <ele>1545.65</ele>
      </trkpt>
      <trkpt lat="41.976852" lon="13.778439">
        <ele>1543.3</ele>
      </trkpt>
      <trkpt lat="41.977015" lon="13.778659">
        <ele>1543.6</ele>
      </trkpt>
      <trkpt lat="41.977151" lon="13.778831">
        <ele>1546.17</ele>
      </trkpt>
      <trkpt lat="41.977179" lon="13.779013">
        <ele>1550.62</ele>
      </trkpt>
      <trkpt lat="41.977151" lon="13.779242">
        <ele>1553.48</ele>
      </trkpt>
      <trkpt lat="41.977009" lon="13.779586">
        <ele>1557.24</ele>
      </trkpt>
      <trkpt lat="41.976943" lon="13.779683">
        <ele>1558.78</ele>
      </trkpt>
      <trkpt lat="41.976943" lon="13.779683">
        <ele>1558.79</ele>
      </trkpt>
      <trkpt lat="41.976938" lon="13.779692">
        <ele>1558.92</ele>
      </trkpt>
      <trkpt lat="41.976824" lon="13.779692">
        <ele>1559.81</ele>
      </trkpt>
      <trkpt lat="41.97681" lon="13.779577">
        <ele>1558.59</ele>
      </trkpt>
      <trkpt lat="41.976831" lon="13.779443">
        <ele>1557.06</ele>
      </trkpt>
      <trkpt lat="41.976895" lon="13.77928">
        <ele>1554.47</ele>
      </trkpt>
      <trkpt lat="41.976867" lon="13.779108">
        <ele>1553.34</ele>
      </trkpt>
      <trkpt lat="41.976774" lon="13.779013">
        <ele>1554.54</ele>
      </trkpt>
      <trkpt lat="41.976735" lon="13.779002">
        <ele>1555.11</ele>
      </trkpt>
      <trkpt lat="41.97649" lon="13.778936">
        <ele>1558.63</ele>
      </trkpt>
      <trkpt lat="41.97612" lon="13.778879">
        <ele>1564.57</ele>
      </trkpt>
      <trkpt lat="41.975694" lon="13.778793">
        <ele>1569.91</ele>
      </trkpt>
      <trkpt lat="41.97531" lon="13.778793">
        <ele>1573.91</ele>
      </trkpt>
      <trkpt lat="41.975019" lon="13.778783">
        <ele>1576.16</ele>
      </trkpt>
      <trkpt lat="41.974777" lon="13.778889">
        <ele>1578.53</ele>
      </trkpt>
      <trkpt lat="41.974606" lon="13.778994">
        <ele>1581.01</ele>
      </trkpt>
      <trkpt lat="41.974379" lon="13.779214">
        <ele>1583</ele>
      </trkpt>
      <trkpt lat="41.974088" lon="13.779529">
        <ele>1585.09</ele>
      </trkpt>
      <trkpt lat="41.973782" lon="13.779759">
        <ele>1589.27</ele>
      </trkpt>
      <trkpt lat="41.973448" lon="13.779988">
        <ele>1592.92</ele>
      </trkpt>
      <trkpt lat="41.973206" lon="13.780179">
        <ele>1593.79</ele>
      </trkpt>
      <trkpt lat="41.972972" lon="13.780514">
        <ele>1596.76</ele>
      </trkpt>
      <trkpt lat="41.972794" lon="13.78081">
        <ele>1598.47</ele>
      </trkpt>
      <trkpt lat="41.97251" lon="13.781508">
        <ele>1601.42</ele>
      </trkpt>
      <trkpt lat="41.972417" lon="13.781996">
        <ele>1603.58</ele>
      </trkpt>
      <trkpt lat="41.972289" lon="13.782426">
        <ele>1605.05</ele>
      </trkpt>
      <trkpt lat="41.972211" lon="13.782799">
        <ele>1606.99</ele>
      </trkpt>
      <trkpt lat="41.972126" lon="13.783133">
        <ele>1606.93</ele>
      </trkpt>
      <trkpt lat="41.972005" lon="13.78343">
        <ele>1606.48</ele>
      </trkpt>
      <trkpt lat="41.971934" lon="13.783783">
        <ele>1606.43</ele>
      </trkpt>
      <trkpt lat="41.971906" lon="13.78407">
        <ele>1605.37</ele>
      </trkpt>
      <trkpt lat="41.971898" lon="13.784261">
        <ele>1604.84</ele>
      </trkpt>
      <trkpt lat="41.971856" lon="13.784539">
        <ele>1603.25</ele>
      </trkpt>
      <trkpt lat="41.971876" lon="13.784646">
        <ele>1603.11</ele>
      </trkpt>
      <trkpt lat="41.971876" lon="13.784646">
        <ele>1603.11</ele>
      </trkpt>
      <trkpt lat="41.971876" lon="13.784646">
        <ele>1603.11</ele>
      </trkpt>
      <trkpt lat="41.971856" lon="13.784539">
        <ele>1603.25</ele>
      </trkpt>
      <trkpt lat="41.971737" lon="13.785124">
        <ele>1603.22</ele>
      </trkpt>
      <trkpt lat="41.971565" lon="13.785317">
        <ele>1604.57</ele>
      </trkpt>
      <trkpt lat="41.971313" lon="13.78546">
        <ele>1604.2</ele>
      </trkpt>
      <trkpt lat="41.971139" lon="13.78561">
        <ele>1602.95</ele>
      </trkpt>
      <trkpt lat="41.971026" lon="13.785751">
        <ele>1603.11</ele>
      </trkpt>
      <trkpt lat="41.970964" lon="13.786013">
        <ele>1601.42</ele>
      </trkpt>
      <trkpt lat="41.970909" lon="13.786095">
        <ele>1601.25</ele>
      </trkpt>
      <trkpt lat="41.970791" lon="13.78618">
        <ele>1603.34</ele>
      </trkpt>
      <trkpt lat="41.970602" lon="13.786137">
        <ele>1607.55</ele>
      </trkpt>
      <trkpt lat="41.970254" lon="13.78613">
        <ele>1607.77</ele>
      </trkpt>
      <trkpt lat="41.969925" lon="13.785928">
        <ele>1604.88</ele>
      </trkpt>
      <trkpt lat="41.969664" lon="13.785616">
        <ele>1599.9</ele>
      </trkpt>
      <trkpt lat="41.969455" lon="13.785329">
        <ele>1596.63</ele>
      </trkpt>
      <trkpt lat="41.969306" lon="13.785213">
        <ele>1595.32</ele>
      </trkpt>
      <trkpt lat="41.9691" lon="13.785151">
        <ele>1597.15</ele>
      </trkpt>
      <trkpt lat="41.968938" lon="13.785019">
        <ele>1600.15</ele>
      </trkpt>
      <trkpt lat="41.968736" lon="13.784888">
        <ele>1604.33</ele>
      </trkpt>
      <trkpt lat="41.968658" lon="13.784877">
        <ele>1606.12</ele>
      </trkpt>
      <trkpt lat="41.968574" lon="13.784926">
        <ele>1607.88</ele>
      </trkpt>
      <trkpt lat="41.968464" lon="13.785129">
        <ele>1608.03</ele>
      </trkpt>
      <trkpt lat="41.968366" lon="13.785087">
        <ele>1611.77</ele>
      </trkpt>
      <trkpt lat="41.968152" lon="13.784872">
        <ele>1620.73</ele>
      </trkpt>
      <trkpt lat="41.967942" lon="13.784734">
        <ele>1626.46</ele>
      </trkpt>
      <trkpt lat="41.967683" lon="13.784557">
        <ele>1630.94</ele>
      </trkpt>
      <trkpt lat="41.967634" lon="13.784382">
        <ele>1627.43</ele>
      </trkpt>
      <trkpt lat="41.967513" lon="13.784255">
        <ele>1623.85</ele>
      </trkpt>
      <trkpt lat="41.96729" lon="13.783956">
        <ele>1616.93</ele>
      </trkpt>
      <trkpt lat="41.967195" lon="13.783676">
        <ele>1618.08</ele>
      </trkpt>
      <trkpt lat="41.967141" lon="13.7835">
        <ele>1621.27</ele>
      </trkpt>
      <trkpt lat="41.967103" lon="13.783316">
        <ele>1624.09</ele>
      </trkpt>
      <trkpt lat="41.967084" lon="13.783144">
        <ele>1625.61</ele>
      </trkpt>
      <trkpt lat="41.967139" lon="13.782867">
        <ele>1626.91</ele>
      </trkpt>
      <trkpt lat="41.967128" lon="13.782708">
        <ele>1624.94</ele>
      </trkpt>
      <trkpt lat="41.967027" lon="13.78236">
        <ele>1617.68</ele>
      </trkpt>
      <trkpt lat="41.966916" lon="13.782068">
        <ele>1609.41</ele>
      </trkpt>
      <trkpt lat="41.966815" lon="13.781828">
        <ele>1603.42</ele>
      </trkpt>
      <trkpt lat="41.966738" lon="13.781631">
        <ele>1600.6</ele>
      </trkpt>
      <trkpt lat="41.966667" lon="13.781605">
        <ele>1599.83</ele>
      </trkpt>
      <trkpt lat="41.966597" lon="13.781676">
        <ele>1599.14</ele>
      </trkpt>
      <trkpt lat="41.966424" lon="13.782262">
        <ele>1596.12</ele>
      </trkpt>
      <trkpt lat="41.966367" lon="13.782614">
        <ele>1594.51</ele>
      </trkpt>
      <trkpt lat="41.966273" lon="13.782813">
        <ele>1592.62</ele>
      </trkpt>
      <trkpt lat="41.966086" lon="13.783081">
        <ele>1589.9</ele>
      </trkpt>
      <trkpt lat="41.965964" lon="13.783496">
        <ele>1586.56</ele>
      </trkpt>
      <trkpt lat="41.965921" lon="13.783677">
        <ele>1584.74</ele>
      </trkpt>
      <trkpt lat="41.96579" lon="13.783975">
        <ele>1581.21</ele>
      </trkpt>
      <trkpt lat="41.965753" lon="13.784168">
        <ele>1579.49</ele>
      </trkpt>
      <trkpt lat="41.965672" lon="13.784353">
        <ele>1577.79</ele>
      </trkpt>
      <trkpt lat="41.96569" lon="13.784731">
        <ele>1575.15</ele>
      </trkpt>
      <trkpt lat="41.965693" lon="13.78497">
        <ele>1573.47</ele>
      </trkpt>
      <trkpt lat="41.965687" lon="13.785256">
        <ele>1572.65</ele>
      </trkpt>
      <trkpt lat="41.965631" lon="13.785545">
        <ele>1569.75</ele>
      </trkpt>
      <trkpt lat="41.965584" lon="13.785948">
        <ele>1567.32</ele>
      </trkpt>
      <trkpt lat="41.9655" lon="13.786238">
        <ele>1566.24</ele>
      </trkpt>
      <trkpt lat="41.965406" lon="13.786444">
        <ele>1564.91</ele>
      </trkpt>
      <trkpt lat="41.965313" lon="13.786578">
        <ele>1562.03</ele>
      </trkpt>
      <trkpt lat="41.965266" lon="13.786758">
        <ele>1559.44</ele>
      </trkpt>
      <trkpt lat="41.965244" lon="13.786926">
        <ele>1557.56</ele>
      </trkpt>
      <trkpt lat="41.965278" lon="13.787208">
        <ele>1555.92</ele>
      </trkpt>
      <trkpt lat="41.965281" lon="13.787955">
        <ele>1550.44</ele>
      </trkpt>
      <trkpt lat="41.965188" lon="13.788656">
        <ele>1546.74</ele>
      </trkpt>
      <trkpt lat="41.965072" lon="13.789034">
        <ele>1544.35</ele>
      </trkpt>
      <trkpt lat="41.964929" lon="13.789462">
        <ele>1542.14</ele>
      </trkpt>
      <trkpt lat="41.964788" lon="13.789785">
        <ele>1540.36</ele>
      </trkpt>
      <trkpt lat="41.96464" lon="13.790017">
        <ele>1537.69</ele>
      </trkpt>
      <trkpt lat="41.96464" lon="13.790017">
        <ele>1537.69</ele>
      </trkpt>
      <trkpt lat="41.964504" lon="13.790352">
        <ele>1536.08</ele>
      </trkpt>
      <trkpt lat="41.964373" lon="13.790641">
        <ele>1533.32</ele>
      </trkpt>
      <trkpt lat="41.964276" lon="13.790763">
        <ele>1530.91</ele>
      </trkpt>
      <trkpt lat="41.964148" lon="13.791019">
        <ele>1528.89</ele>
      </trkpt>
      <trkpt lat="41.963942" lon="13.791254">
        <ele>1525.81</ele>
      </trkpt>
      <trkpt lat="41.963758" lon="13.791401">
        <ele>1524.31</ele>
      </trkpt>
      <trkpt lat="41.96354" lon="13.79154">
        <ele>1522.91</ele>
      </trkpt>
      <trkpt lat="41.963352" lon="13.791615">
        <ele>1521.47</ele>
      </trkpt>
      <trkpt lat="41.963131" lon="13.79175">
        <ele>1520</ele>
      </trkpt>
      <trkpt lat="41.962928" lon="13.791892">
        <ele>1518.68</ele>
      </trkpt>
      <trkpt lat="41.962844" lon="13.791972">
        <ele>1517.88</ele>
      </trkpt>
      <trkpt lat="41.962765" lon="13.79217">
        <ele>1517.96</ele>
      </trkpt>
      <trkpt lat="41.962656" lon="13.792371">
        <ele>1517.16</ele>
      </trkpt>
      <trkpt lat="41.962357" lon="13.792875">
        <ele>1513.67</ele>
      </trkpt>
      <trkpt lat="41.96196" lon="13.793475">
        <ele>1512.01</ele>
      </trkpt>
      <trkpt lat="41.961729" lon="13.793819">
        <ele>1509.45</ele>
      </trkpt>
      <trkpt lat="41.961639" lon="13.793983">
        <ele>1508.39</ele>
      </trkpt>
      <trkpt lat="41.961542" lon="13.794201">
        <ele>1507.02</ele>
      </trkpt>
      <trkpt lat="41.961501" lon="13.79434">
        <ele>1507.24</ele>
      </trkpt>
      <trkpt lat="41.961429" lon="13.79447">
        <ele>1505.81</ele>
      </trkpt>
      <trkpt lat="41.961205" lon="13.794827">
        <ele>1500.19</ele>
      </trkpt>
      <trkpt lat="41.961002" lon="13.795138">
        <ele>1498</ele>
      </trkpt>
      <trkpt lat="41.960658" lon="13.795536">
        <ele>1495.59</ele>
      </trkpt>
      <trkpt lat="41.960459" lon="13.795713">
        <ele>1494.45</ele>
      </trkpt>
      <trkpt lat="41.960331" lon="13.795813">
        <ele>1494.52</ele>
      </trkpt>
      <trkpt lat="41.960243" lon="13.795939">
        <ele>1493.78</ele>
      </trkpt>
      <trkpt lat="41.960072" lon="13.796384">
        <ele>1492.73</ele>
      </trkpt>
      <trkpt lat="41.960015" lon="13.796777">
        <ele>1488.96</ele>
      </trkpt>
      <trkpt lat="41.96" lon="13.796913">
        <ele>1488.32</ele>
      </trkpt>
      <trkpt lat="41.959937" lon="13.797127">
        <ele>1487.29</ele>
      </trkpt>
      <trkpt lat="41.959894" lon="13.797459">
        <ele>1485.57</ele>
      </trkpt>
      <trkpt lat="41.959825" lon="13.797723">
        <ele>1484.91</ele>
      </trkpt>
      <trkpt lat="41.959744" lon="13.797912">
        <ele>1483.4</ele>
      </trkpt>
      <trkpt lat="41.959663" lon="13.79829">
        <ele>1480.08</ele>
      </trkpt>
      <trkpt lat="41.959625" lon="13.798895">
        <ele>1476.04</ele>
      </trkpt>
      <trkpt lat="41.959575" lon="13.799079">
        <ele>1474.9</ele>
      </trkpt>
      <trkpt lat="41.959482" lon="13.799314">
        <ele>1473.23</ele>
      </trkpt>
      <trkpt lat="41.959394" lon="13.799503">
        <ele>1473.05</ele>
      </trkpt>
      <trkpt lat="41.959272" lon="13.799717">
        <ele>1471.9</ele>
      </trkpt>
      <trkpt lat="41.959163" lon="13.799877">
        <ele>1471.33</ele>
      </trkpt>
      <trkpt lat="41.958968" lon="13.80012">
        <ele>1471.91</ele>
      </trkpt>
      <trkpt lat="41.958658" lon="13.800476">
        <ele>1472.02</ele>
      </trkpt>
      <trkpt lat="41.958293" lon="13.800876">
        <ele>1468.76</ele>
      </trkpt>
      <trkpt lat="41.957849" lon="13.8014">
        <ele>1466.58</ele>
      </trkpt>
      <trkpt lat="41.957452" lon="13.801943">
        <ele>1465</ele>
      </trkpt>
      <trkpt lat="41.957254" lon="13.802214">
        <ele>1460.82</ele>
      </trkpt>
      <trkpt lat="41.957024" lon="13.802561">
        <ele>1455.23</ele>
      </trkpt>
      <trkpt lat="41.956794" lon="13.802862">
        <ele>1454.04</ele>
      </trkpt>
      <trkpt lat="41.956697" lon="13.802957">
        <ele>1452.86</ele>
      </trkpt>
      <trkpt lat="41.956486" lon="13.803081">
        <ele>1450.63</ele>
      </trkpt>
      <trkpt lat="41.956351" lon="13.803131">
        <ele>1449.59</ele>
      </trkpt>
      <trkpt lat="41.956163" lon="13.803182">
        <ele>1448.39</ele>
      </trkpt>
      <trkpt lat="41.955931" lon="13.803223">
        <ele>1447.61</ele>
      </trkpt>
      <trkpt lat="41.955798" lon="13.803264">
        <ele>1446.63</ele>
      </trkpt>
      <trkpt lat="41.955688" lon="13.803286">
        <ele>1446.77</ele>
      </trkpt>
      <trkpt lat="41.955613" lon="13.803268">
        <ele>1447.59</ele>
      </trkpt>
      <trkpt lat="41.955544" lon="13.803281">
        <ele>1448.02</ele>
      </trkpt>
      <trkpt lat="41.955477" lon="13.803337">
        <ele>1447.35</ele>
      </trkpt>
      <trkpt lat="41.955346" lon="13.803406">
        <ele>1446.26</ele>
      </trkpt>
      <trkpt lat="41.955269" lon="13.803442">
        <ele>1445.67</ele>
      </trkpt>
      <trkpt lat="41.955129" lon="13.803485">
        <ele>1445</ele>
      </trkpt>
      <trkpt lat="41.955036" lon="13.803472">
        <ele>1443.62</ele>
      </trkpt>
      <trkpt lat="41.954968" lon="13.803399">
        <ele>1443.84</ele>
      </trkpt>
      <trkpt lat="41.954861" lon="13.80334">
        <ele>1442.7</ele>
      </trkpt>
      <trkpt lat="41.954773" lon="13.80338">
        <ele>1441.78</ele>
      </trkpt>
      <trkpt lat="41.954778" lon="13.803342">
        <ele>1442.22</ele>
      </trkpt>
      <trkpt lat="41.954773" lon="13.80338">
        <ele>1441.78</ele>
      </trkpt>
      <trkpt lat="41.954661" lon="13.803504">
        <ele>1441.21</ele>
      </trkpt>
      <trkpt lat="41.954475" lon="13.80359">
        <ele>1441.37</ele>
      </trkpt>
      <trkpt lat="41.95409" lon="13.803734">
        <ele>1443.53</ele>
      </trkpt>
      <trkpt lat="41.953456" lon="13.803898">
        <ele>1448.23</ele>
      </trkpt>
      <trkpt lat="41.953251" lon="13.803931">
        <ele>1448.99</ele>
      </trkpt>
      <trkpt lat="41.953051" lon="13.804029">
        <ele>1448.23</ele>
      </trkpt>
      <trkpt lat="41.952895" lon="13.804042">
        <ele>1451.43</ele>
      </trkpt>
      <trkpt lat="41.952734" lon="13.804141">
        <ele>1451.69</ele>
      </trkpt>
      <trkpt lat="41.952597" lon="13.804206">
        <ele>1453.36</ele>
      </trkpt>
      <trkpt lat="41.952514" lon="13.804193">
        <ele>1453.42</ele>
      </trkpt>
      <trkpt lat="41.952431" lon="13.804095">
        <ele>1451.76</ele>
      </trkpt>
      <trkpt lat="41.952378" lon="13.803937">
        <ele>1449.78</ele>
      </trkpt>
      <trkpt lat="41.952285" lon="13.803826">
        <ele>1446.43</ele>
      </trkpt>
      <trkpt lat="41.952163" lon="13.803655">
        <ele>1442.43</ele>
      </trkpt>
      <trkpt lat="41.952085" lon="13.803491">
        <ele>1438.83</ele>
      </trkpt>
      <trkpt lat="41.952012" lon="13.803262">
        <ele>1434.75</ele>
      </trkpt>
      <trkpt lat="41.951958" lon="13.803026">
        <ele>1432.26</ele>
      </trkpt>
      <trkpt lat="41.951905" lon="13.802829">
        <ele>1430.46</ele>
      </trkpt>
      <trkpt lat="41.951822" lon="13.80275">
        <ele>1428.51</ele>
      </trkpt>
      <trkpt lat="41.951685" lon="13.80273">
        <ele>1425.87</ele>
      </trkpt>
      <trkpt lat="41.951534" lon="13.802789">
        <ele>1425.01</ele>
      </trkpt>
      <trkpt lat="41.951427" lon="13.802763">
        <ele>1426.16</ele>
      </trkpt>
      <trkpt lat="41.951202" lon="13.802684">
        <ele>1427.07</ele>
      </trkpt>
      <trkpt lat="41.951085" lon="13.802639">
        <ele>1425.87</ele>
      </trkpt>
      <trkpt lat="41.950968" lon="13.802684">
        <ele>1423.66</ele>
      </trkpt>
      <trkpt lat="41.950875" lon="13.802776">
        <ele>1422.33</ele>
      </trkpt>
      <trkpt lat="41.950841" lon="13.802848">
        <ele>1421.75</ele>
      </trkpt>
      <trkpt lat="41.950744" lon="13.802875">
        <ele>1422.07</ele>
      </trkpt>
      <trkpt lat="41.950592" lon="13.802816">
        <ele>1423.89</ele>
      </trkpt>
      <trkpt lat="41.950446" lon="13.802776">
        <ele>1425.09</ele>
      </trkpt>
      <trkpt lat="41.950348" lon="13.802835">
        <ele>1424.11</ele>
      </trkpt>
      <trkpt lat="41.95028" lon="13.802835">
        <ele>1424.11</ele>
      </trkpt>
      <trkpt lat="41.950197" lon="13.802783">
        <ele>1424.49</ele>
      </trkpt>
      <trkpt lat="41.950105" lon="13.802776">
        <ele>1424.39</ele>
      </trkpt>
      <trkpt lat="41.950017" lon="13.802835">
        <ele>1424.34</ele>
      </trkpt>
      <trkpt lat="41.949714" lon="13.803098">
        <ele>1426.89</ele>
      </trkpt>
      <trkpt lat="41.949543" lon="13.80315">
        <ele>1426.62</ele>
      </trkpt>
      <trkpt lat="41.949397" lon="13.803144">
        <ele>1424.46</ele>
      </trkpt>
      <trkpt lat="41.949158" lon="13.803058">
        <ele>1420.26</ele>
      </trkpt>
      <trkpt lat="41.949043" lon="13.803031">
        <ele>1417.5</ele>
      </trkpt>
      <trkpt lat="41.94878" lon="13.803031">
        <ele>1412.8</ele>
      </trkpt>
      <trkpt lat="41.948729" lon="13.802999">
        <ele>1411.76</ele>
      </trkpt>
      <trkpt lat="41.948621" lon="13.802907">
        <ele>1410.89</ele>
      </trkpt>
      <trkpt lat="41.948485" lon="13.802927">
        <ele>1411.28</ele>
      </trkpt>
      <trkpt lat="41.948378" lon="13.80296">
        <ele>1412.07</ele>
      </trkpt>
      <trkpt lat="41.948299" lon="13.802914">
        <ele>1409.11</ele>
      </trkpt>
      <trkpt lat="41.948265" lon="13.802783">
        <ele>1406.1</ele>
      </trkpt>
      <trkpt lat="41.948158" lon="13.802645">
        <ele>1400.4</ele>
      </trkpt>
      <trkpt lat="41.947924" lon="13.802317">
        <ele>1389.34</ele>
      </trkpt>
      <trkpt lat="41.94786" lon="13.802133">
        <ele>1388</ele>
      </trkpt>
      <trkpt lat="41.947665" lon="13.801786">
        <ele>1380.69</ele>
      </trkpt>
      <trkpt lat="41.947514" lon="13.801412">
        <ele>1376.95</ele>
      </trkpt>
      <trkpt lat="41.947412" lon="13.801202">
        <ele>1372.48</ele>
      </trkpt>
      <trkpt lat="41.947377" lon="13.801051">
        <ele>1371.18</ele>
      </trkpt>
      <trkpt lat="41.947363" lon="13.800808">
        <ele>1370.74</ele>
      </trkpt>
      <trkpt lat="41.947309" lon="13.800763">
        <ele>1368.74</ele>
      </trkpt>
      <trkpt lat="41.947235" lon="13.800896">
        <ele>1366.25</ele>
      </trkpt>
      <trkpt lat="41.947165" lon="13.80109">
        <ele>1363.32</ele>
      </trkpt>
      <trkpt lat="41.947133" lon="13.801249">
        <ele>1360.9</ele>
      </trkpt>
      <trkpt lat="41.94709" lon="13.801357">
        <ele>1357.76</ele>
      </trkpt>
      <trkpt lat="41.947026" lon="13.801378">
        <ele>1356.15</ele>
      </trkpt>
      <trkpt lat="41.946903" lon="13.801249">
        <ele>1356.83</ele>
      </trkpt>
      <trkpt lat="41.946812" lon="13.801206">
        <ele>1358.07</ele>
      </trkpt>
      <trkpt lat="41.946742" lon="13.801299">
        <ele>1356.1</ele>
      </trkpt>
      <trkpt lat="41.946748" lon="13.801429">
        <ele>1354.61</ele>
      </trkpt>
      <trkpt lat="41.947031" lon="13.801954">
        <ele>1351.47</ele>
      </trkpt>
      <trkpt lat="41.94708" lon="13.802192">
        <ele>1349.33</ele>
      </trkpt>
      <trkpt lat="41.947106" lon="13.802408">
        <ele>1346.76</ele>
      </trkpt>
      <trkpt lat="41.947106" lon="13.802617">
        <ele>1344.34</ele>
      </trkpt>
      <trkpt lat="41.947036" lon="13.802781">
        <ele>1343.77</ele>
      </trkpt>
      <trkpt lat="41.946933" lon="13.802948">
        <ele>1343.28</ele>
      </trkpt>
      <trkpt lat="41.946843" lon="13.803351">
        <ele>1339.1</ele>
      </trkpt>
      <trkpt lat="41.946848" lon="13.803512">
        <ele>1335.98</ele>
      </trkpt>
      <trkpt lat="41.946886" lon="13.803639">
        <ele>1332.34</ele>
      </trkpt>
      <trkpt lat="41.946856" lon="13.803794">
        <ele>1328.62</ele>
      </trkpt>
      <trkpt lat="41.946792" lon="13.803863">
        <ele>1326.31</ele>
      </trkpt>
      <trkpt lat="41.946655" lon="13.803984">
        <ele>1320.72</ele>
      </trkpt>
      <trkpt lat="41.946501" lon="13.804071">
        <ele>1314.79</ele>
      </trkpt>
      <trkpt lat="41.946304" lon="13.804151">
        <ele>1310.4</ele>
      </trkpt>
      <trkpt lat="41.946072" lon="13.804238">
        <ele>1309.38</ele>
      </trkpt>
      <trkpt lat="41.945785" lon="13.804295">
        <ele>1309.07</ele>
      </trkpt>
      <trkpt lat="41.945742" lon="13.804295">
        <ele>1309.07</ele>
      </trkpt>
      <trkpt lat="41.945661" lon="13.804555">
        <ele>1301.51</ele>
      </trkpt>
      <trkpt lat="41.945593" lon="13.804641">
        <ele>1301.11</ele>
      </trkpt>
      <trkpt lat="41.945476" lon="13.804959">
        <ele>1295.86</ele>
      </trkpt>
      <trkpt lat="41.945361" lon="13.805228">
        <ele>1292.36</ele>
      </trkpt>
      <trkpt lat="41.945233" lon="13.805655">
        <ele>1287.04</ele>
      </trkpt>
      <trkpt lat="41.945006" lon="13.805966">
        <ele>1286.34</ele>
      </trkpt>
      <trkpt lat="41.944903" lon="13.806133">
        <ele>1284.87</ele>
      </trkpt>
      <trkpt lat="41.944736" lon="13.806438">
        <ele>1281.15</ele>
      </trkpt>
      <trkpt lat="41.944543" lon="13.806639">
        <ele>1283.48</ele>
      </trkpt>
      <trkpt lat="41.944445" lon="13.806726">
        <ele>1282.37</ele>
      </trkpt>
      <trkpt lat="41.944385" lon="13.806749">
        <ele>1281.75</ele>
      </trkpt>
      <trkpt lat="41.944282" lon="13.806691">
        <ele>1282.65</ele>
      </trkpt>
      <trkpt lat="41.944132" lon="13.806639">
        <ele>1282.99</ele>
      </trkpt>
      <trkpt lat="41.944072" lon="13.806605">
        <ele>1283.29</ele>
      </trkpt>
      <trkpt lat="41.944033" lon="13.806651">
        <ele>1281.86</ele>
      </trkpt>
      <trkpt lat="41.943995" lon="13.806824">
        <ele>1279.06</ele>
      </trkpt>
      <trkpt lat="41.943939" lon="13.807066">
        <ele>1278.9</ele>
      </trkpt>
      <trkpt lat="41.943888" lon="13.807382">
        <ele>1277.93</ele>
      </trkpt>
      <trkpt lat="41.943922" lon="13.807699">
        <ele>1271.78</ele>
      </trkpt>
      <trkpt lat="41.943901" lon="13.807814">
        <ele>1269.83</ele>
      </trkpt>
      <trkpt lat="41.943858" lon="13.807918">
        <ele>1267.93</ele>
      </trkpt>
      <trkpt lat="41.943802" lon="13.807999">
        <ele>1266.6</ele>
      </trkpt>
      <trkpt lat="41.943631" lon="13.808108">
        <ele>1265.09</ele>
      </trkpt>
      <trkpt lat="41.943554" lon="13.808206">
        <ele>1263.03</ele>
      </trkpt>
      <trkpt lat="41.943502" lon="13.808286">
        <ele>1261.64</ele>
      </trkpt>
      <trkpt lat="41.943454" lon="13.808439">
        <ele>1257.23</ele>
      </trkpt>
      <trkpt lat="41.943341" lon="13.808904">
        <ele>1249.13</ele>
      </trkpt>
      <trkpt lat="41.943303" lon="13.80918">
        <ele>1243.93</ele>
      </trkpt>
      <trkpt lat="41.943265" lon="13.809572">
        <ele>1237.6</ele>
      </trkpt>
      <trkpt lat="41.943231" lon="13.809839">
        <ele>1233.87</ele>
      </trkpt>
      <trkpt lat="41.943197" lon="13.809987">
        <ele>1231.22</ele>
      </trkpt>
      <trkpt lat="41.943162" lon="13.810074">
        <ele>1230.4</ele>
      </trkpt>
      <trkpt lat="41.943066" lon="13.810213">
        <ele>1229.97</ele>
      </trkpt>
      <trkpt lat="41.94295" lon="13.810337">
        <ele>1229.8</ele>
      </trkpt>
      <trkpt lat="41.942758" lon="13.810503">
        <ele>1231.61</ele>
      </trkpt>
      <trkpt lat="41.942515" lon="13.81071">
        <ele>1227.75</ele>
      </trkpt>
      <trkpt lat="41.942426" lon="13.81071">
        <ele>1226.06</ele>
      </trkpt>
      <trkpt lat="41.942388" lon="13.810678">
        <ele>1225.43</ele>
      </trkpt>
      <trkpt lat="41.94233" lon="13.810535">
        <ele>1224.82</ele>
      </trkpt>
      <trkpt lat="41.942247" lon="13.810231">
        <ele>1225.49</ele>
      </trkpt>
      <trkpt lat="41.942213" lon="13.810213">
        <ele>1224.81</ele>
      </trkpt>
      <trkpt lat="41.942175" lon="13.810236">
        <ele>1223.97</ele>
      </trkpt>
      <trkpt lat="41.942042" lon="13.810434">
        <ele>1218.03</ele>
      </trkpt>
      <trkpt lat="41.941983" lon="13.810475">
        <ele>1216.07</ele>
      </trkpt>
      <trkpt lat="41.941877" lon="13.810498">
        <ele>1214.75</ele>
      </trkpt>
      <trkpt lat="41.941394" lon="13.810143">
        <ele>1220.51</ele>
      </trkpt>
      <trkpt lat="41.941305" lon="13.810139">
        <ele>1219.91</ele>
      </trkpt>
      <trkpt lat="41.941243" lon="13.810166">
        <ele>1218.75</ele>
      </trkpt>
      <trkpt lat="41.941209" lon="13.810245">
        <ele>1217.08</ele>
      </trkpt>
      <trkpt lat="41.941164" lon="13.810512">
        <ele>1213.52</ele>
      </trkpt>
      <trkpt lat="41.941031" lon="13.811134">
        <ele>1218.44</ele>
      </trkpt>
      <trkpt lat="41.941017" lon="13.811457">
        <ele>1222.86</ele>
      </trkpt>
      <trkpt lat="41.940996" lon="13.811604">
        <ele>1224.51</ele>
      </trkpt>
      <trkpt lat="41.940962" lon="13.811719">
        <ele>1225.2</ele>
      </trkpt>
      <trkpt lat="41.940914" lon="13.811779">
        <ele>1225.59</ele>
      </trkpt>
      <trkpt lat="41.940849" lon="13.811807">
        <ele>1225.92</ele>
      </trkpt>
      <trkpt lat="41.940767" lon="13.811811">
        <ele>1225.73</ele>
      </trkpt>
      <trkpt lat="41.940445" lon="13.811797">
        <ele>1225.88</ele>
      </trkpt>
      <trkpt lat="41.940188" lon="13.811816">
        <ele>1232.48</ele>
      </trkpt>
      <trkpt lat="41.940071" lon="13.81183">
        <ele>1236.72</ele>
      </trkpt>
      <trkpt lat="41.939961" lon="13.811876">
        <ele>1241.41</ele>
      </trkpt>
      <trkpt lat="41.93991" lon="13.811945">
        <ele>1243.73</ele>
      </trkpt>
      <trkpt lat="41.939845" lon="13.812046">
        <ele>1244.52</ele>
      </trkpt>
      <trkpt lat="41.939811" lon="13.812157">
        <ele>1243.87</ele>
      </trkpt>
      <trkpt lat="41.939794" lon="13.812318">
        <ele>1241.34</ele>
      </trkpt>
      <trkpt lat="41.939807" lon="13.812507">
        <ele>1236.61</ele>
      </trkpt>
      <trkpt lat="41.939855" lon="13.812714">
        <ele>1231.69</ele>
      </trkpt>
      <trkpt lat="41.939937" lon="13.813009">
        <ele>1227.92</ele>
      </trkpt>
      <trkpt lat="41.940033" lon="13.813286">
        <ele>1225.94</ele>
      </trkpt>
      <trkpt lat="41.940177" lon="13.813885">
        <ele>1218.06</ele>
      </trkpt>
      <trkpt lat="41.940263" lon="13.81417">
        <ele>1212.98</ele>
      </trkpt>
      <trkpt lat="41.940321" lon="13.814319">
        <ele>1211.66</ele>
      </trkpt>
      <trkpt lat="41.94052" lon="13.814719">
        <ele>1207.78</ele>
      </trkpt>
      <trkpt lat="41.940647" lon="13.815032">
        <ele>1204.97</ele>
      </trkpt>
      <trkpt lat="41.940787" lon="13.81535">
        <ele>1205.75</ele>
      </trkpt>
      <trkpt lat="41.940811" lon="13.815442">
        <ele>1206.4</ele>
      </trkpt>
      <trkpt lat="41.940825" lon="13.815562">
        <ele>1205.71</ele>
      </trkpt>
      <trkpt lat="41.940856" lon="13.815658">
        <ele>1204.42</ele>
      </trkpt>
      <trkpt lat="41.940993" lon="13.815967">
        <ele>1199.64</ele>
      </trkpt>
      <trkpt lat="41.941034" lon="13.816102">
        <ele>1197.95</ele>
      </trkpt>
      <trkpt lat="41.941041" lon="13.816437">
        <ele>1192.11</ele>
      </trkpt>
      <trkpt lat="41.941062" lon="13.81676">
        <ele>1190.04</ele>
      </trkpt>
      <trkpt lat="41.941086" lon="13.816861">
        <ele>1189.68</ele>
      </trkpt>
      <trkpt lat="41.941267" lon="13.817322">
        <ele>1183.01</ele>
      </trkpt>
      <trkpt lat="41.941322" lon="13.817409">
        <ele>1181.52</ele>
      </trkpt>
      <trkpt lat="41.941397" lon="13.817455">
        <ele>1178.78</ele>
      </trkpt>
      <trkpt lat="41.941504" lon="13.817488">
        <ele>1175.17</ele>
      </trkpt>
      <trkpt lat="41.941606" lon="13.817547">
        <ele>1171.78</ele>
      </trkpt>
      <trkpt lat="41.941689" lon="13.817621">
        <ele>1169.68</ele>
      </trkpt>
      <trkpt lat="41.941816" lon="13.817769">
        <ele>1166.24</ele>
      </trkpt>
      <trkpt lat="41.941929" lon="13.817884">
        <ele>1161.81</ele>
      </trkpt>
      <trkpt lat="41.942049" lon="13.817976">
        <ele>1157.45</ele>
      </trkpt>
      <trkpt lat="41.942103" lon="13.818031">
        <ele>1155.77</ele>
      </trkpt>
      <trkpt lat="41.942124" lon="13.818091">
        <ele>1155.18</ele>
      </trkpt>
      <trkpt lat="41.942124" lon="13.81816">
        <ele>1155.58</ele>
      </trkpt>
      <trkpt lat="41.942052" lon="13.818262">
        <ele>1158.98</ele>
      </trkpt>
      <trkpt lat="41.941857" lon="13.818404">
        <ele>1166.26</ele>
      </trkpt>
      <trkpt lat="41.941836" lon="13.81846">
        <ele>1166.01</ele>
      </trkpt>
      <trkpt lat="41.941829" lon="13.81851">
        <ele>1164.73</ele>
      </trkpt>
      <trkpt lat="41.94185" lon="13.818556">
        <ele>1163.3</ele>
      </trkpt>
      <trkpt lat="41.942182" lon="13.818957">
        <ele>1152.87</ele>
      </trkpt>
      <trkpt lat="41.942511" lon="13.819317">
        <ele>1145.44</ele>
      </trkpt>
      <trkpt lat="41.942563" lon="13.819353">
        <ele>1144.59</ele>
      </trkpt>
      <trkpt lat="41.942679" lon="13.819363">
        <ele>1143.86</ele>
      </trkpt>
      <trkpt lat="41.94282" lon="13.819377">
        <ele>1140.22</ele>
      </trkpt>
      <trkpt lat="41.942912" lon="13.819404">
        <ele>1137.59</ele>
      </trkpt>
      <trkpt lat="41.942957" lon="13.819446">
        <ele>1137</ele>
      </trkpt>
      <trkpt lat="41.942991" lon="13.819506">
        <ele>1137.04</ele>
      </trkpt>
      <trkpt lat="41.942981" lon="13.819575">
        <ele>1138.1</ele>
      </trkpt>
      <trkpt lat="41.942929" lon="13.819658">
        <ele>1139.06</ele>
      </trkpt>
      <trkpt lat="41.942741" lon="13.8198">
        <ele>1134.69</ele>
      </trkpt>
      <trkpt lat="41.942552" lon="13.819865">
        <ele>1130.08</ele>
      </trkpt>
      <trkpt lat="41.942384" lon="13.819865">
        <ele>1127.95</ele>
      </trkpt>
      <trkpt lat="41.942021" lon="13.819842">
        <ele>1126.17</ele>
      </trkpt>
      <trkpt lat="41.941877" lon="13.819842">
        <ele>1124.94</ele>
      </trkpt>
      <trkpt lat="41.941648" lon="13.819865">
        <ele>1120.26</ele>
      </trkpt>
      <trkpt lat="41.941517" lon="13.819842">
        <ele>1118.16</ele>
      </trkpt>
      <trkpt lat="41.941432" lon="13.81981">
        <ele>1116.95</ele>
      </trkpt>
      <trkpt lat="41.941295" lon="13.819777">
        <ele>1114.75</ele>
      </trkpt>
      <trkpt lat="41.941264" lon="13.8198">
        <ele>1112.98</ele>
      </trkpt>
      <trkpt lat="41.941254" lon="13.819837">
        <ele>1111.21</ele>
      </trkpt>
      <trkpt lat="41.941284" lon="13.819888">
        <ele>1110.11</ele>
      </trkpt>
      <trkpt lat="41.941528" lon="13.820003">
        <ele>1111.02</ele>
      </trkpt>
      <trkpt lat="41.941829" lon="13.820187">
        <ele>1105.66</ele>
      </trkpt>
      <trkpt lat="41.942145" lon="13.820409">
        <ele>1104.48</ele>
      </trkpt>
      <trkpt lat="41.942203" lon="13.820468">
        <ele>1104.66</ele>
      </trkpt>
      <trkpt lat="41.942234" lon="13.820524">
        <ele>1104.47</ele>
      </trkpt>
      <trkpt lat="41.94223" lon="13.820588">
        <ele>1103.24</ele>
      </trkpt>
      <trkpt lat="41.942196" lon="13.820611">
        <ele>1101.72</ele>
      </trkpt>
      <trkpt lat="41.942148" lon="13.820593">
        <ele>1100.34</ele>
      </trkpt>
      <trkpt lat="41.942103" lon="13.820561">
        <ele>1099.47</ele>
      </trkpt>
      <trkpt lat="41.941833" lon="13.820538">
        <ele>1091.03</ele>
      </trkpt>
      <trkpt lat="41.941559" lon="13.820482">
        <ele>1087.71</ele>
      </trkpt>
      <trkpt lat="41.94126" lon="13.820413">
        <ele>1086.56</ele>
      </trkpt>
      <trkpt lat="41.941103" lon="13.820353">
        <ele>1085.44</ele>
      </trkpt>
      <trkpt lat="41.941055" lon="13.820358">
        <ele>1083.8</ele>
      </trkpt>
      <trkpt lat="41.941027" lon="13.820386">
        <ele>1081.89</ele>
      </trkpt>
      <trkpt lat="41.941065" lon="13.820441">
        <ele>1080.69</ele>
      </trkpt>
      <trkpt lat="41.941254" lon="13.820547">
        <ele>1080.62</ele>
      </trkpt>
      <trkpt lat="41.941579" lon="13.820773">
        <ele>1076.8</ele>
      </trkpt>
      <trkpt lat="41.941764" lon="13.820906">
        <ele>1077.24</ele>
      </trkpt>
      <trkpt lat="41.941877" lon="13.821031">
        <ele>1078.88</ele>
      </trkpt>
      <trkpt lat="41.941894" lon="13.821095">
        <ele>1078.27</ele>
      </trkpt>
      <trkpt lat="41.941867" lon="13.821141">
        <ele>1076.12</ele>
      </trkpt>
      <trkpt lat="41.94184" lon="13.821132">
        <ele>1075.1</ele>
      </trkpt>
      <trkpt lat="41.941706" lon="13.821017">
        <ele>1072.46</ele>
      </trkpt>
      <trkpt lat="41.941579" lon="13.820952">
        <ele>1071.16</ele>
      </trkpt>
      <trkpt lat="41.941456" lon="13.820943">
        <ele>1068.9</ele>
      </trkpt>
      <trkpt lat="41.941264" lon="13.820902">
        <ele>1067.27</ele>
      </trkpt>
      <trkpt lat="41.940918" lon="13.820869">
        <ele>1060.91</ele>
      </trkpt>
      <trkpt lat="41.94052" lon="13.820777">
        <ele>1053.81</ele>
      </trkpt>
      <trkpt lat="41.940133" lon="13.82069">
        <ele>1043.38</ele>
      </trkpt>
      <trkpt lat="41.939807" lon="13.820607">
        <ele>1036.76</ele>
      </trkpt>
      <trkpt lat="41.939317" lon="13.820321">
        <ele>1032.53</ele>
      </trkpt>
      <trkpt lat="41.93904" lon="13.820197">
        <ele>1028.42</ele>
      </trkpt>
      <trkpt lat="41.938608" lon="13.819952">
        <ele>1023.82</ele>
      </trkpt>
      <trkpt lat="41.938307" lon="13.819825">
        <ele>1020.41</ele>
      </trkpt>
      <trkpt lat="41.937857" lon="13.819635">
        <ele>1015.3</ele>
      </trkpt>
      <trkpt lat="41.937669" lon="13.819547">
        <ele>1013.94</ele>
      </trkpt>
      <trkpt lat="41.937456" lon="13.819469">
        <ele>1012.6</ele>
      </trkpt>
      <trkpt lat="41.93724" lon="13.819423">
        <ele>1009.68</ele>
      </trkpt>
      <trkpt lat="41.937038" lon="13.819409">
        <ele>1005.58</ele>
      </trkpt>
      <trkpt lat="41.936709" lon="13.819344">
        <ele>1000.87</ele>
      </trkpt>
      <trkpt lat="41.936387" lon="13.819174">
        <ele>999.82</ele>
      </trkpt>
      <trkpt lat="41.936185" lon="13.819114">
        <ele>997.28</ele>
      </trkpt>
      <trkpt lat="41.936051" lon="13.819086">
        <ele>996.27</ele>
      </trkpt>
      <trkpt lat="41.935955" lon="13.819123">
        <ele>995.02</ele>
      </trkpt>
      <trkpt lat="41.935811" lon="13.819201">
        <ele>993.19</ele>
      </trkpt>
      <trkpt lat="41.935732" lon="13.819298">
        <ele>990.35</ele>
      </trkpt>
      <trkpt lat="41.935712" lon="13.819381">
        <ele>988.26</ele>
      </trkpt>
      <trkpt lat="41.935719" lon="13.819473">
        <ele>986.2</ele>
      </trkpt>
      <trkpt lat="41.935753" lon="13.819515">
        <ele>985.59</ele>
      </trkpt>
      <trkpt lat="41.935804" lon="13.819519">
        <ele>985.78</ele>
      </trkpt>
      <trkpt lat="41.935924" lon="13.819395">
        <ele>988.69</ele>
      </trkpt>
      <trkpt lat="41.936027" lon="13.819358">
        <ele>988.84</ele>
      </trkpt>
      <trkpt lat="41.936078" lon="13.819363">
        <ele>988.58</ele>
      </trkpt>
      <trkpt lat="41.936126" lon="13.819413">
        <ele>987.58</ele>
      </trkpt>
      <trkpt lat="41.936171" lon="13.819487">
        <ele>985.34</ele>
      </trkpt>
      <trkpt lat="41.936181" lon="13.819602">
        <ele>981.38</ele>
      </trkpt>
      <trkpt lat="41.936171" lon="13.819738">
        <ele>977.4</ele>
      </trkpt>
      <trkpt lat="41.936132" lon="13.819921">
        <ele>973.74</ele>
      </trkpt>
      <trkpt lat="41.936126" lon="13.820039">
        <ele>971.55</ele>
      </trkpt>
      <trkpt lat="41.936147" lon="13.820434">
        <ele>966.04</ele>
      </trkpt>
      <trkpt lat="41.936192" lon="13.820637">
        <ele>963.22</ele>
      </trkpt>
      <trkpt lat="41.936387" lon="13.821017">
        <ele>954.91</ele>
      </trkpt>
      <trkpt lat="41.936435" lon="13.821169">
        <ele>951.81</ele>
      </trkpt>
      <trkpt lat="41.936473" lon="13.821312">
        <ele>950.87</ele>
      </trkpt>
      <trkpt lat="41.936534" lon="13.821726">
        <ele>951.49</ele>
      </trkpt>
      <trkpt lat="41.936589" lon="13.821897">
        <ele>949.82</ele>
      </trkpt>
      <trkpt lat="41.936719" lon="13.822141">
        <ele>947.06</ele>
      </trkpt>
      <trkpt lat="41.93686" lon="13.822339">
        <ele>943.22</ele>
      </trkpt>
      <trkpt lat="41.936911" lon="13.822468">
        <ele>940.99</ele>
      </trkpt>
      <trkpt lat="41.936952" lon="13.822694">
        <ele>941.54</ele>
      </trkpt>
      <trkpt lat="41.937072" lon="13.823118">
        <ele>940.29</ele>
      </trkpt>
      <trkpt lat="41.937137" lon="13.823638">
        <ele>944.77</ele>
      </trkpt>
      <trkpt lat="41.937161" lon="13.824205">
        <ele>946.35</ele>
      </trkpt>
      <trkpt lat="41.937151" lon="13.824583">
        <ele>947.66</ele>
      </trkpt>
      <trkpt lat="41.937089" lon="13.82485">
        <ele>949.32</ele>
      </trkpt>
      <trkpt lat="41.937011" lon="13.825016">
        <ele>951.1</ele>
      </trkpt>
      <trkpt lat="41.936963" lon="13.825191">
        <ele>951.32</ele>
      </trkpt>
      <trkpt lat="41.936959" lon="13.825431">
        <ele>950.03</ele>
      </trkpt>
      <trkpt lat="41.93698" lon="13.825638">
        <ele>949.95</ele>
      </trkpt>
      <trkpt lat="41.937024" lon="13.825841">
        <ele>948.5</ele>
      </trkpt>
      <trkpt lat="41.937031" lon="13.825924">
        <ele>948.44</ele>
      </trkpt>
      <trkpt lat="41.937008" lon="13.826542">
        <ele>949.15</ele>
      </trkpt>
      <trkpt lat="41.937003" lon="13.827015">
        <ele>951.52</ele>
      </trkpt>
      <trkpt lat="41.936978" lon="13.827544">
        <ele>958.33</ele>
      </trkpt>
      <trkpt lat="41.93697" lon="13.827924">
        <ele>962.03</ele>
      </trkpt>
      <trkpt lat="41.937" lon="13.828143">
        <ele>963.94</ele>
      </trkpt>
      <trkpt lat="41.937058" lon="13.828351">
        <ele>963.84</ele>
      </trkpt>
      <trkpt lat="41.937174" lon="13.828547">
        <ele>960.31</ele>
      </trkpt>
      <trkpt lat="41.937198" lon="13.828644">
        <ele>959.86</ele>
      </trkpt>
      <trkpt lat="41.93718" lon="13.828823">
        <ele>961.51</ele>
      </trkpt>
      <trkpt lat="41.937131" lon="13.829014">
        <ele>963.66</ele>
      </trkpt>
      <trkpt lat="41.937104" lon="13.829078">
        <ele>963.97</ele>
      </trkpt>
      <trkpt lat="41.937048" lon="13.829155">
        <ele>964.83</ele>
      </trkpt>
      <trkpt lat="41.937092" lon="13.829344">
        <ele>963.64</ele>
      </trkpt>
      <trkpt lat="41.937192" lon="13.829854">
        <ele>965.26</ele>
      </trkpt>
      <trkpt lat="41.937224" lon="13.830111">
        <ele>966.31</ele>
      </trkpt>
      <trkpt lat="41.937268" lon="13.830771">
        <ele>969.61</ele>
      </trkpt>
      <trkpt lat="41.937296" lon="13.831525">
        <ele>969.02</ele>
      </trkpt>
      <trkpt lat="41.937278" lon="13.831798">
        <ele>967.42</ele>
      </trkpt>
      <trkpt lat="41.937222" lon="13.832183">
        <ele>964.31</ele>
      </trkpt>
      <trkpt lat="41.937186" lon="13.832502">
        <ele>962.83</ele>
      </trkpt>
      <trkpt lat="41.93712" lon="13.832817">
        <ele>963.09</ele>
      </trkpt>
      <trkpt lat="41.937105" lon="13.832931">
        <ele>964.46</ele>
      </trkpt>
      <trkpt lat="41.937104" lon="13.833045">
        <ele>966.33</ele>
      </trkpt>
      <trkpt lat="41.937122" lon="13.833223">
        <ele>968.24</ele>
      </trkpt>
      <trkpt lat="41.937141" lon="13.83331">
        <ele>966.94</ele>
      </trkpt>
      <trkpt lat="41.93715" lon="13.833321">
        <ele>966.56</ele>
      </trkpt>
      <trkpt lat="41.937238" lon="13.833414">
        <ele>961.69</ele>
      </trkpt>
      <trkpt lat="41.937259" lon="13.83341">
        <ele>960.94</ele>
      </trkpt>
      <trkpt lat="41.937334" lon="13.833398">
        <ele>958.46</ele>
      </trkpt>
      <trkpt lat="41.937481" lon="13.833286">
        <ele>958.98</ele>
      </trkpt>
      <trkpt lat="41.937592" lon="13.833157">
        <ele>961.51</ele>
      </trkpt>
      <trkpt lat="41.937706" lon="13.832934">
        <ele>967.36</ele>
      </trkpt>
      <trkpt lat="41.937823" lon="13.832693">
        <ele>973.54</ele>
      </trkpt>
      <trkpt lat="41.937947" lon="13.832497">
        <ele>974.76</ele>
      </trkpt>
      <trkpt lat="41.938115" lon="13.832258">
        <ele>974.66</ele>
      </trkpt>
      <trkpt lat="41.938281" lon="13.832057">
        <ele>973.14</ele>
      </trkpt>
      <trkpt lat="41.938416" lon="13.83177">
        <ele>972.41</ele>
      </trkpt>
      <trkpt lat="41.938555" lon="13.831313">
        <ele>975.24</ele>
      </trkpt>
      <trkpt lat="41.938602" lon="13.830976">
        <ele>979.41</ele>
      </trkpt>
      <trkpt lat="41.938649" lon="13.830638">
        <ele>977.16</ele>
      </trkpt>
      <trkpt lat="41.938696" lon="13.830301">
        <ele>973.4</ele>
      </trkpt>
      <trkpt lat="41.938706" lon="13.830024">
        <ele>969.59</ele>
      </trkpt>
      <trkpt lat="41.938559" lon="13.829242">
        <ele>965.46</ele>
      </trkpt>
      <trkpt lat="41.938417" lon="13.828411">
        <ele>955.35</ele>
      </trkpt>
      <trkpt lat="41.938416" lon="13.828403">
        <ele>955.25</ele>
      </trkpt>
      <trkpt lat="41.938598" lon="13.828541">
        <ele>951.04</ele>
      </trkpt>
      <trkpt lat="41.93878" lon="13.828678">
        <ele>943.98</ele>
      </trkpt>
      <trkpt lat="41.93891" lon="13.828968">
        <ele>942.79</ele>
      </trkpt>
      <trkpt lat="41.939169" lon="13.829547">
        <ele>936.76</ele>
      </trkpt>
      <trkpt lat="41.939299" lon="13.829837">
        <ele>932.21</ele>
      </trkpt>
      <trkpt lat="41.939421" lon="13.830038">
        <ele>924.36</ele>
      </trkpt>
      <trkpt lat="41.939543" lon="13.830239">
        <ele>913.17</ele>
      </trkpt>
      <trkpt lat="41.939502" lon="13.829904">
        <ele>916.81</ele>
      </trkpt>
      <trkpt lat="41.939423" lon="13.829284">
        <ele>913.51</ele>
      </trkpt>
      <trkpt lat="41.939385" lon="13.828999">
        <ele>909.58</ele>
      </trkpt>
      <trkpt lat="41.939365" lon="13.828534">
        <ele>901.01</ele>
      </trkpt>
      <trkpt lat="41.939344" lon="13.828448">
        <ele>900.68</ele>
      </trkpt>
      <trkpt lat="41.939419" lon="13.828578">
        <ele>898.58</ele>
      </trkpt>
      <trkpt lat="41.939344" lon="13.828448">
        <ele>900.68</ele>
      </trkpt>
      <trkpt lat="41.93927" lon="13.828143">
        <ele>900.5</ele>
      </trkpt>
      <trkpt lat="41.939291" lon="13.827724">
        <ele>897.88</ele>
      </trkpt>
      <trkpt lat="41.939397" lon="13.827528">
        <ele>897.26</ele>
      </trkpt>
      <trkpt lat="41.939575" lon="13.827387">
        <ele>895.98</ele>
      </trkpt>
      <trkpt lat="41.939843" lon="13.827243">
        <ele>893.04</ele>
      </trkpt>
      <trkpt lat="41.940199" lon="13.827013">
        <ele>886.53</ele>
      </trkpt>
      <trkpt lat="41.940468" lon="13.826947">
        <ele>875.35</ele>
      </trkpt>
      <trkpt lat="41.940506" lon="13.827092">
        <ele>873.49</ele>
      </trkpt>
      <trkpt lat="41.940388" lon="13.827217">
        <ele>876.66</ele>
      </trkpt>
      <trkpt lat="41.940166" lon="13.827526">
        <ele>875.43</ele>
      </trkpt>
      <trkpt lat="41.939981" lon="13.827709">
        <ele>877.88</ele>
      </trkpt>
      <trkpt lat="41.939816" lon="13.827905">
        <ele>879.56</ele>
      </trkpt>
      <trkpt lat="41.939824" lon="13.828047">
        <ele>877.34</ele>
      </trkpt>
      <trkpt lat="41.939913" lon="13.828124">
        <ele>873.3</ele>
      </trkpt>
      <trkpt lat="41.939981" lon="13.828018">
        <ele>872.42</ele>
      </trkpt>
      <trkpt lat="41.940088" lon="13.827889">
        <ele>871.33</ele>
      </trkpt>
      <trkpt lat="41.940322" lon="13.827903">
        <ele>864.3</ele>
      </trkpt>
      <trkpt lat="41.940486" lon="13.827822">
        <ele>862.84</ele>
      </trkpt>
      <trkpt lat="41.940595" lon="13.82783">
        <ele>860.54</ele>
      </trkpt>
      <trkpt lat="41.940653" lon="13.827849">
        <ele>859.12</ele>
      </trkpt>
      <trkpt lat="41.940661" lon="13.827886">
        <ele>858.32</ele>
      </trkpt>
      <trkpt lat="41.94061" lon="13.827941">
        <ele>858.15</ele>
      </trkpt>
      <trkpt lat="41.940485" lon="13.828038">
        <ele>858.49</ele>
      </trkpt>
      <trkpt lat="41.940246" lon="13.828177">
        <ele>861.99</ele>
      </trkpt>
      <trkpt lat="41.940209" lon="13.828247">
        <ele>862.35</ele>
      </trkpt>
      <trkpt lat="41.940192" lon="13.828498">
        <ele>862.04</ele>
      </trkpt>
      <trkpt lat="41.940499" lon="13.829434">
        <ele>854.31</ele>
      </trkpt>
      <trkpt lat="41.940696" lon="13.829935">
        <ele>850.83</ele>
      </trkpt>
      <trkpt lat="41.940817" lon="13.830211">
        <ele>847.05</ele>
      </trkpt>
      <trkpt lat="41.940853" lon="13.830007">
        <ele>845.03</ele>
      </trkpt>
      <trkpt lat="41.940725" lon="13.829653">
        <ele>846.07</ele>
      </trkpt>
      <trkpt lat="41.940664" lon="13.829296">
        <ele>842.87</ele>
      </trkpt>
      <trkpt lat="41.940602" lon="13.82894">
        <ele>842.43</ele>
      </trkpt>
      <trkpt lat="41.940606" lon="13.82854">
        <ele>842.76</ele>
      </trkpt>
      <trkpt lat="41.940913" lon="13.8284">
        <ele>828.62</ele>
      </trkpt>
      <trkpt lat="41.940977" lon="13.828338">
        <ele>824.73</ele>
      </trkpt>
      <trkpt lat="41.941046" lon="13.828277">
        <ele>819</ele>
      </trkpt>
      <trkpt lat="41.941184" lon="13.827846">
        <ele>822.14</ele>
      </trkpt>
      <trkpt lat="41.941288" lon="13.827645">
        <ele>820.29</ele>
      </trkpt>
      <trkpt lat="41.941363" lon="13.827444">
        <ele>817.05</ele>
      </trkpt>
      <trkpt lat="41.941411" lon="13.827346">
        <ele>814.54</ele>
      </trkpt>
      <trkpt lat="41.94146" lon="13.827247">
        <ele>812</ele>
      </trkpt>
      <trkpt lat="41.94177" lon="13.827256">
        <ele>808.01</ele>
      </trkpt>
      <trkpt lat="41.94202" lon="13.8271">
        <ele>815.09</ele>
      </trkpt>
      <trkpt lat="41.942143" lon="13.82743">
        <ele>802.71</ele>
      </trkpt>
      <trkpt lat="41.942316" lon="13.827484">
        <ele>809.27</ele>
      </trkpt>
      <trkpt lat="41.942377" lon="13.827581">
        <ele>808.31</ele>
      </trkpt>
      <trkpt lat="41.942431" lon="13.827706">
        <ele>807.18</ele>
      </trkpt>
      <trkpt lat="41.942489" lon="13.827753">
        <ele>806.61</ele>
      </trkpt>
      <trkpt lat="41.942517" lon="13.827851">
        <ele>805.79</ele>
      </trkpt>
      <trkpt lat="41.942489" lon="13.827908">
        <ele>805.43</ele>
      </trkpt>
      <trkpt lat="41.942467" lon="13.828047">
        <ele>804.38</ele>
      </trkpt>
      <trkpt lat="41.942515" lon="13.828284">
        <ele>802.39</ele>
      </trkpt>
      <trkpt lat="41.942599" lon="13.828543">
        <ele>800.17</ele>
      </trkpt>
      <trkpt lat="41.942672" lon="13.828606">
        <ele>799.41</ele>
      </trkpt>
      <trkpt lat="41.942704" lon="13.828654">
        <ele>798.93</ele>
      </trkpt>
      <trkpt lat="41.942718" lon="13.828698">
        <ele>798.55</ele>
      </trkpt>
      <trkpt lat="41.942798" lon="13.829321">
        <ele>801.72</ele>
      </trkpt>
      <trkpt lat="41.942807" lon="13.82938">
        <ele>801.69</ele>
      </trkpt>
      <trkpt lat="41.943006" lon="13.829264">
        <ele>802.56</ele>
      </trkpt>
      <trkpt lat="41.943298" lon="13.829088">
        <ele>808.73</ele>
      </trkpt>
      <trkpt lat="41.943365" lon="13.829007">
        <ele>807.63</ele>
      </trkpt>
      <trkpt lat="41.943517" lon="13.828739">
        <ele>799.57</ele>
      </trkpt>
      <trkpt lat="41.943541" lon="13.828705">
        <ele>799.34</ele>
      </trkpt>
      <trkpt lat="41.943612" lon="13.828641">
        <ele>798.98</ele>
      </trkpt>
      <trkpt lat="41.943657" lon="13.828625">
        <ele>799.02</ele>
      </trkpt>
      <trkpt lat="41.944041" lon="13.828623">
        <ele>801.74</ele>
      </trkpt>
      <trkpt lat="41.944283" lon="13.828635">
        <ele>801.96</ele>
      </trkpt>
      <trkpt lat="41.944468" lon="13.828657">
        <ele>801.69</ele>
      </trkpt>
      <trkpt lat="41.944546" lon="13.828692">
        <ele>802.54</ele>
      </trkpt>
      <trkpt lat="41.944645" lon="13.828808">
        <ele>808.17</ele>
      </trkpt>
      <trkpt lat="41.944709" lon="13.828857">
        <ele>811</ele>
      </trkpt>
      <trkpt lat="41.944926" lon="13.828886">
        <ele>809.66</ele>
      </trkpt>
      <trkpt lat="41.944973" lon="13.828904">
        <ele>810.25</ele>
      </trkpt>
      <trkpt lat="41.945066" lon="13.828968">
        <ele>813.12</ele>
      </trkpt>
      <trkpt lat="41.945149" lon="13.828999">
        <ele>814.01</ele>
      </trkpt>
      <trkpt lat="41.94521" lon="13.828999">
        <ele>814.01</ele>
      </trkpt>
      <trkpt lat="41.945304" lon="13.828971">
        <ele>812.11</ele>
      </trkpt>
      <trkpt lat="41.945576" lon="13.828808">
        <ele>804.22</ele>
      </trkpt>
      <trkpt lat="41.945726" lon="13.828731">
        <ele>802.7</ele>
      </trkpt>
      <trkpt lat="41.945838" lon="13.828672">
        <ele>803.6</ele>
      </trkpt>
      <trkpt lat="41.945897" lon="13.828623">
        <ele>802.93</ele>
      </trkpt>
      <trkpt lat="41.94593" lon="13.82858">
        <ele>802.15</ele>
      </trkpt>
      <trkpt lat="41.946055" lon="13.828346">
        <ele>801.24</ele>
      </trkpt>
      <trkpt lat="41.946112" lon="13.828264">
        <ele>801.61</ele>
      </trkpt>
      <trkpt lat="41.946417" lon="13.828008">
        <ele>803.04</ele>
      </trkpt>
      <trkpt lat="41.946593" lon="13.827795">
        <ele>797.71</ele>
      </trkpt>
      <trkpt lat="41.946625" lon="13.827767">
        <ele>797.09</ele>
      </trkpt>
      <trkpt lat="41.946658" lon="13.827743">
        <ele>796.59</ele>
      </trkpt>
      <trkpt lat="41.946715" lon="13.827725">
        <ele>797.41</ele>
      </trkpt>
      <trkpt lat="41.946854" lon="13.827735">
        <ele>803.01</ele>
      </trkpt>
      <trkpt lat="41.94689" lon="13.82773">
        <ele>803.35</ele>
      </trkpt>
      <trkpt lat="41.946943" lon="13.827696">
        <ele>802.65</ele>
      </trkpt>
      <trkpt lat="41.946983" lon="13.827644">
        <ele>801.23</ele>
      </trkpt>
      <trkpt lat="41.947056" lon="13.827521">
        <ele>797.39</ele>
      </trkpt>
      <trkpt lat="41.947118" lon="13.827382">
        <ele>793.68</ele>
      </trkpt>
      <trkpt lat="41.947148" lon="13.827334">
        <ele>792.81</ele>
      </trkpt>
      <trkpt lat="41.94721" lon="13.827274">
        <ele>792.08</ele>
      </trkpt>
      <trkpt lat="41.947356" lon="13.827177">
        <ele>791.2</ele>
      </trkpt>
      <trkpt lat="41.947414" lon="13.82716">
        <ele>791.04</ele>
      </trkpt>
      <trkpt lat="41.947455" lon="13.827164">
        <ele>791.55</ele>
      </trkpt>
      <trkpt lat="41.947558" lon="13.827225">
        <ele>795.77</ele>
      </trkpt>
      <trkpt lat="41.947635" lon="13.827274">
        <ele>800.79</ele>
      </trkpt>
      <trkpt lat="41.947701" lon="13.827291">
        <ele>804.1</ele>
      </trkpt>
      <trkpt lat="41.947735" lon="13.827287">
        <ele>805.3</ele>
      </trkpt>
      <trkpt lat="41.947792" lon="13.827259">
        <ele>805.48</ele>
      </trkpt>
      <trkpt lat="41.94784" lon="13.827223">
        <ele>804.78</ele>
      </trkpt>
      <trkpt lat="41.947891" lon="13.827169">
        <ele>805.34</ele>
      </trkpt>
      <trkpt lat="41.947969" lon="13.827048">
        <ele>804.2</ele>
      </trkpt>
      <trkpt lat="41.947998" lon="13.826969">
        <ele>803.44</ele>
      </trkpt>
      <trkpt lat="41.94808" lon="13.826528">
        <ele>793.87</ele>
      </trkpt>
      <trkpt lat="41.948133" lon="13.826351">
        <ele>791.1</ele>
      </trkpt>
      <trkpt lat="41.94818" lon="13.826239">
        <ele>789.58</ele>
      </trkpt>
      <trkpt lat="41.948222" lon="13.826169">
        <ele>788.91</ele>
      </trkpt>
      <trkpt lat="41.948259" lon="13.826132">
        <ele>788.52</ele>
      </trkpt>
      <trkpt lat="41.948387" lon="13.826039">
        <ele>786.43</ele>
      </trkpt>
      <trkpt lat="41.94852" lon="13.825911">
        <ele>782.14</ele>
      </trkpt>
      <trkpt lat="41.948572" lon="13.825888">
        <ele>781.4</ele>
      </trkpt>
      <trkpt lat="41.948623" lon="13.825883">
        <ele>781.25</ele>
      </trkpt>
      <trkpt lat="41.948688" lon="13.825895">
        <ele>781.73</ele>
      </trkpt>
      <trkpt lat="41.948747" lon="13.825921">
        <ele>782.54</ele>
      </trkpt>
      <trkpt lat="41.948876" lon="13.825964">
        <ele>784.18</ele>
      </trkpt>
      <trkpt lat="41.948964" lon="13.82595">
        <ele>785.15</ele>
      </trkpt>
      <trkpt lat="41.949066" lon="13.825889">
        <ele>784.11</ele>
      </trkpt>
      <trkpt lat="41.949275" lon="13.825716">
        <ele>779.45</ele>
      </trkpt>
      <trkpt lat="41.949391" lon="13.825657">
        <ele>777.13</ele>
      </trkpt>
      <trkpt lat="41.949512" lon="13.825638">
        <ele>777.83</ele>
      </trkpt>
      <trkpt lat="41.9497" lon="13.825639">
        <ele>780.95</ele>
      </trkpt>
      <trkpt lat="41.94979" lon="13.825609">
        <ele>780.92</ele>
      </trkpt>
      <trkpt lat="41.949876" lon="13.82555">
        <ele>778.83</ele>
      </trkpt>
      <trkpt lat="41.950001" lon="13.825388">
        <ele>775.62</ele>
      </trkpt>
      <trkpt lat="41.950063" lon="13.825325">
        <ele>774.68</ele>
      </trkpt>
      <trkpt lat="41.950137" lon="13.825273">
        <ele>774.75</ele>
      </trkpt>
      <trkpt lat="41.950227" lon="13.825227">
        <ele>774.82</ele>
      </trkpt>
      <trkpt lat="41.950332" lon="13.825186">
        <ele>774.74</ele>
      </trkpt>
      <trkpt lat="41.950432" lon="13.82516">
        <ele>774.72</ele>
      </trkpt>
      <trkpt lat="41.950772" lon="13.825117">
        <ele>778.28</ele>
      </trkpt>
      <trkpt lat="41.95086" lon="13.825091">
        <ele>781.72</ele>
      </trkpt>
      <trkpt lat="41.950916" lon="13.82506">
        <ele>783.31</ele>
      </trkpt>
      <trkpt lat="41.950974" lon="13.825004">
        <ele>784.23</ele>
      </trkpt>
      <trkpt lat="41.951066" lon="13.824841">
        <ele>782.85</ele>
      </trkpt>
      <trkpt lat="41.951179" lon="13.824572">
        <ele>779.05</ele>
      </trkpt>
      <trkpt lat="41.951465" lon="13.823895">
        <ele>774.15</ele>
      </trkpt>
      <trkpt lat="41.951522" lon="13.823775">
        <ele>772.94</ele>
      </trkpt>
      <trkpt lat="41.951558" lon="13.82372">
        <ele>772.9</ele>
      </trkpt>
      <trkpt lat="41.951664" lon="13.823591">
        <ele>772.88</ele>
      </trkpt>
      <trkpt lat="41.951951" lon="13.823341">
        <ele>771.55</ele>
      </trkpt>
      <trkpt lat="41.952154" lon="13.823182">
        <ele>770.81</ele>
      </trkpt>
      <trkpt lat="41.952272" lon="13.823127">
        <ele>771.45</ele>
      </trkpt>
      <trkpt lat="41.952321" lon="13.82312">
        <ele>771.53</ele>
      </trkpt>
      <trkpt lat="41.952393" lon="13.823129">
        <ele>771.43</ele>
      </trkpt>
      <trkpt lat="41.952503" lon="13.823169">
        <ele>770.96</ele>
      </trkpt>
      <trkpt lat="41.952573" lon="13.823205">
        <ele>770.53</ele>
      </trkpt>
      <trkpt lat="41.952859" lon="13.823405">
        <ele>769.11</ele>
      </trkpt>
      <trkpt lat="41.952969" lon="13.823495">
        <ele>769.63</ele>
      </trkpt>
      <trkpt lat="41.953169" lon="13.823722">
        <ele>769.98</ele>
      </trkpt>
      <trkpt lat="41.953838" lon="13.824735">
        <ele>769.73</ele>
      </trkpt>
      <trkpt lat="41.95402" lon="13.824964">
        <ele>769.2</ele>
      </trkpt>
      <trkpt lat="41.954255" lon="13.825202">
        <ele>768.48</ele>
      </trkpt>
      <trkpt lat="41.954386" lon="13.825313">
        <ele>768.75</ele>
      </trkpt>
      <trkpt lat="41.954561" lon="13.825396">
        <ele>768.35</ele>
      </trkpt>
      <trkpt lat="41.954654" lon="13.825424">
        <ele>767.94</ele>
      </trkpt>
      <trkpt lat="41.954761" lon="13.825437">
        <ele>767.51</ele>
      </trkpt>
      <trkpt lat="41.954865" lon="13.825417">
        <ele>767.74</ele>
      </trkpt>
      <trkpt lat="41.956172" lon="13.824936">
        <ele>762.12</ele>
      </trkpt>
      <trkpt lat="41.958526" lon="13.824071">
        <ele>773.23</ele>
      </trkpt>
      <trkpt lat="41.958703" lon="13.824015">
        <ele>773.18</ele>
      </trkpt>
      <trkpt lat="41.958961" lon="13.823972">
        <ele>772.11</ele>
      </trkpt>
      <trkpt lat="41.959135" lon="13.82397">
        <ele>771.87</ele>
      </trkpt>
      <trkpt lat="41.95944" lon="13.824006">
        <ele>772.2</ele>
      </trkpt>
      <trkpt lat="41.959741" lon="13.824044">
        <ele>770.27</ele>
      </trkpt>
      <trkpt lat="41.9599" lon="13.824045">
        <ele>768.38</ele>
      </trkpt>
      <trkpt lat="41.960032" lon="13.824031">
        <ele>766.76</ele>
      </trkpt>
      <trkpt lat="41.960283" lon="13.823967">
        <ele>763.9</ele>
      </trkpt>
      <trkpt lat="41.961288" lon="13.823709">
        <ele>769.09</ele>
      </trkpt>
      <trkpt lat="41.961397" lon="13.823674">
        <ele>768.81</ele>
      </trkpt>
      <trkpt lat="41.961548" lon="13.823607">
        <ele>767.04</ele>
      </trkpt>
      <trkpt lat="41.961696" lon="13.823511">
        <ele>763.78</ele>
      </trkpt>
      <trkpt lat="41.961901" lon="13.823319">
        <ele>756.24</ele>
      </trkpt>
      <trkpt lat="41.962106" lon="13.823127">
        <ele>752.96</ele>
      </trkpt>
      <trkpt lat="41.96231" lon="13.822934">
        <ele>753.71</ele>
      </trkpt>
      <trkpt lat="41.962372" lon="13.82289">
        <ele>753.97</ele>
      </trkpt>
      <trkpt lat="41.962438" lon="13.822858">
        <ele>753.96</ele>
      </trkpt>
      <trkpt lat="41.962505" lon="13.822854">
        <ele>754.21</ele>
      </trkpt>
      <trkpt lat="41.962563" lon="13.822864">
        <ele>754.56</ele>
      </trkpt>
      <trkpt lat="41.962883" lon="13.822965">
        <ele>756.23</ele>
      </trkpt>
      <trkpt lat="41.962961" lon="13.822974">
        <ele>756.09</ele>
      </trkpt>
      <trkpt lat="41.963091" lon="13.822947">
        <ele>755.03</ele>
      </trkpt>
      <trkpt lat="41.963181" lon="13.822895">
        <ele>753.69</ele>
      </trkpt>
      <trkpt lat="41.963435" lon="13.822701">
        <ele>750.57</ele>
      </trkpt>
      <trkpt lat="41.963943" lon="13.822312">
        <ele>754.06</ele>
      </trkpt>
      <trkpt lat="41.964015" lon="13.822246">
        <ele>755.08</ele>
      </trkpt>
      <trkpt lat="41.964078" lon="13.822173">
        <ele>755.35</ele>
      </trkpt>
      <trkpt lat="41.964124" lon="13.822098">
        <ele>755.35</ele>
      </trkpt>
      <trkpt lat="41.964169" lon="13.821995">
        <ele>753.99</ele>
      </trkpt>
      <trkpt lat="41.964221" lon="13.821825">
        <ele>752.03</ele>
      </trkpt>
      <trkpt lat="41.964321" lon="13.821361">
        <ele>747.92</ele>
      </trkpt>
      <trkpt lat="41.964386" lon="13.821182">
        <ele>745.55</ele>
      </trkpt>
      <trkpt lat="41.964455" lon="13.821068">
        <ele>745.88</ele>
      </trkpt>
      <trkpt lat="41.964504" lon="13.821011">
        <ele>746.06</ele>
      </trkpt>
      <trkpt lat="41.964557" lon="13.820966">
        <ele>746.23</ele>
      </trkpt>
      <trkpt lat="41.964645" lon="13.82094">
        <ele>749.19</ele>
      </trkpt>
      <trkpt lat="41.964737" lon="13.820942">
        <ele>752.66</ele>
      </trkpt>
      <trkpt lat="41.964962" lon="13.821005">
        <ele>754.87</ele>
      </trkpt>
      <trkpt lat="41.965104" lon="13.821018">
        <ele>754.87</ele>
      </trkpt>
      <trkpt lat="41.965184" lon="13.821012">
        <ele>754.76</ele>
      </trkpt>
      <trkpt lat="41.965274" lon="13.820992">
        <ele>754.32</ele>
      </trkpt>
      <trkpt lat="41.965399" lon="13.82093">
        <ele>752.85</ele>
      </trkpt>
      <trkpt lat="41.965448" lon="13.82089">
        <ele>752.01</ele>
      </trkpt>
      <trkpt lat="41.965501" lon="13.820831">
        <ele>751.44</ele>
      </trkpt>
      <trkpt lat="41.965562" lon="13.820734">
        <ele>754.46</ele>
      </trkpt>
      <trkpt lat="41.965748" lon="13.820367">
        <ele>760.6</ele>
      </trkpt>
      <trkpt lat="41.965805" lon="13.820276">
        <ele>760.64</ele>
      </trkpt>
      <trkpt lat="41.965894" lon="13.820193">
        <ele>756.52</ele>
      </trkpt>
      <trkpt lat="41.965966" lon="13.820147">
        <ele>752.51</ele>
      </trkpt>
      <trkpt lat="41.966065" lon="13.820097">
        <ele>749.01</ele>
      </trkpt>
      <trkpt lat="41.966144" lon="13.820033">
        <ele>747.27</ele>
      </trkpt>
      <trkpt lat="41.966229" lon="13.819935">
        <ele>747.37</ele>
      </trkpt>
      <trkpt lat="41.966604" lon="13.819451">
        <ele>746.1</ele>
      </trkpt>
      <trkpt lat="41.966741" lon="13.819303">
        <ele>743.97</ele>
      </trkpt>
      <trkpt lat="41.967035" lon="13.819076">
        <ele>739.55</ele>
      </trkpt>
      <trkpt lat="41.967157" lon="13.819004">
        <ele>738.88</ele>
      </trkpt>
      <trkpt lat="41.967241" lon="13.818962">
        <ele>740.43</ele>
      </trkpt>
      <trkpt lat="41.967405" lon="13.818898">
        <ele>746.29</ele>
      </trkpt>
      <trkpt lat="41.967443" lon="13.818866">
        <ele>748.91</ele>
      </trkpt>
      <trkpt lat="41.967471" lon="13.818823">
        <ele>749.4</ele>
      </trkpt>
      <trkpt lat="41.967606" lon="13.818474">
        <ele>748.69</ele>
      </trkpt>
      <trkpt lat="41.967717" lon="13.818184">
        <ele>755.92</ele>
      </trkpt>
      <trkpt lat="41.967903" lon="13.817751">
        <ele>748.63</ele>
      </trkpt>
      <trkpt lat="41.968015" lon="13.817517">
        <ele>746.7</ele>
      </trkpt>
      <trkpt lat="41.968155" lon="13.817214">
        <ele>743</ele>
      </trkpt>
      <trkpt lat="41.968255" lon="13.816919">
        <ele>737.72</ele>
      </trkpt>
      <trkpt lat="41.968363" lon="13.816527">
        <ele>738.73</ele>
      </trkpt>
      <trkpt lat="41.96841" lon="13.816418">
        <ele>738.49</ele>
      </trkpt>
      <trkpt lat="41.968468" lon="13.816324">
        <ele>738.55</ele>
      </trkpt>
      <trkpt lat="41.968564" lon="13.816215">
        <ele>738.02</ele>
      </trkpt>
      <trkpt lat="41.969063" lon="13.815777">
        <ele>737.69</ele>
      </trkpt>
      <trkpt lat="41.969417" lon="13.81547">
        <ele>740.66</ele>
      </trkpt>
      <trkpt lat="41.969677" lon="13.81527">
        <ele>736.41</ele>
      </trkpt>
      <trkpt lat="41.969782" lon="13.815205">
        <ele>734.45</ele>
      </trkpt>
      <trkpt lat="41.969859" lon="13.815172">
        <ele>733.41</ele>
      </trkpt>
      <trkpt lat="41.969941" lon="13.815155">
        <ele>733.58</ele>
      </trkpt>
      <trkpt lat="41.970249" lon="13.815128">
        <ele>730.63</ele>
      </trkpt>
      <trkpt lat="41.970343" lon="13.815084">
        <ele>730.49</ele>
      </trkpt>
      <trkpt lat="41.970392" lon="13.815036">
        <ele>730.29</ele>
      </trkpt>
      <trkpt lat="41.97043" lon="13.814947">
        <ele>730.91</ele>
      </trkpt>
      <trkpt lat="41.970524" lon="13.814549">
        <ele>740.54</ele>
      </trkpt>
      <trkpt lat="41.970558" lon="13.81449">
        <ele>741.68</ele>
      </trkpt>
      <trkpt lat="41.970612" lon="13.814434">
        <ele>742.64</ele>
      </trkpt>
      <trkpt lat="41.9709" lon="13.814269">
        <ele>741.27</ele>
      </trkpt>
      <trkpt lat="41.971143" lon="13.814161">
        <ele>720.08</ele>
      </trkpt>
      <trkpt lat="41.971427" lon="13.814032">
        <ele>703.55</ele>
      </trkpt>
      <trkpt lat="41.971724" lon="13.813803">
        <ele>697.41</ele>
      </trkpt>
      <trkpt lat="41.972017" lon="13.813541">
        <ele>699.12</ele>
      </trkpt>
      <trkpt lat="41.972238" lon="13.813385">
        <ele>699.15</ele>
      </trkpt>
      <trkpt lat="41.972343" lon="13.813337">
        <ele>697.92</ele>
      </trkpt>
      <trkpt lat="41.972671" lon="13.813273">
        <ele>693.65</ele>
      </trkpt>
      <trkpt lat="41.972734" lon="13.813256">
        <ele>692.95</ele>
      </trkpt>
      <trkpt lat="41.97281" lon="13.813219">
        <ele>692.71</ele>
      </trkpt>
      <trkpt lat="41.972974" lon="13.813094">
        <ele>693.03</ele>
      </trkpt>
      <trkpt lat="41.97327" lon="13.8128">
        <ele>693.56</ele>
      </trkpt>
      <trkpt lat="41.973407" lon="13.812677">
        <ele>694.53</ele>
      </trkpt>
      <trkpt lat="41.97361" lon="13.81253">
        <ele>694.29</ele>
      </trkpt>
      <trkpt lat="41.973786" lon="13.812434">
        <ele>695.48</ele>
      </trkpt>
      <trkpt lat="41.973959" lon="13.812365">
        <ele>698.22</ele>
      </trkpt>
      <trkpt lat="41.974069" lon="13.812336">
        <ele>698.03</ele>
      </trkpt>
      <trkpt lat="41.974296" lon="13.812291">
        <ele>696.55</ele>
      </trkpt>
      <trkpt lat="41.974511" lon="13.812272">
        <ele>693.5</ele>
      </trkpt>
      <trkpt lat="41.974967" lon="13.81233">
        <ele>687.36</ele>
      </trkpt>
      <trkpt lat="41.975187" lon="13.812339">
        <ele>685.27</ele>
      </trkpt>
      <trkpt lat="41.975238" lon="13.812357">
        <ele>683.86</ele>
      </trkpt>
      <trkpt lat="41.975295" lon="13.812414">
        <ele>680.67</ele>
      </trkpt>
      <trkpt lat="41.975437" lon="13.812617">
        <ele>679.37</ele>
      </trkpt>
      <trkpt lat="41.9755" lon="13.81269">
        <ele>680.94</ele>
      </trkpt>
      <trkpt lat="41.975568" lon="13.812743">
        <ele>681.71</ele>
      </trkpt>
      <trkpt lat="41.975651" lon="13.812784">
        <ele>681.42</ele>
      </trkpt>
      <trkpt lat="41.975742" lon="13.812811">
        <ele>680.21</ele>
      </trkpt>
      <trkpt lat="41.975959" lon="13.812839">
        <ele>678.4</ele>
      </trkpt>
      <trkpt lat="41.976271" lon="13.812863">
        <ele>680.19</ele>
      </trkpt>
      <trkpt lat="41.976461" lon="13.812867">
        <ele>680.36</ele>
      </trkpt>
      <trkpt lat="41.97661" lon="13.812846">
        <ele>680.01</ele>
      </trkpt>
      <trkpt lat="41.976711" lon="13.812808">
        <ele>680.7</ele>
      </trkpt>
      <trkpt lat="41.976834" lon="13.812716">
        <ele>679.6</ele>
      </trkpt>
      <trkpt lat="41.9769" lon="13.81268">
        <ele>679.28</ele>
      </trkpt>
      <trkpt lat="41.977006" lon="13.812658">
        <ele>679.7</ele>
      </trkpt>
      <trkpt lat="41.977186" lon="13.812651">
        <ele>679.83</ele>
      </trkpt>
      <trkpt lat="41.977358" lon="13.812621">
        <ele>678.79</ele>
      </trkpt>
      <trkpt lat="41.977479" lon="13.81257">
        <ele>678.75</ele>
      </trkpt>
      <trkpt lat="41.977609" lon="13.8125">
        <ele>680.14</ele>
      </trkpt>
      <trkpt lat="41.97785" lon="13.812407">
        <ele>679.02</ele>
      </trkpt>
      <trkpt lat="41.978015" lon="13.812362">
        <ele>679.82</ele>
      </trkpt>
      <trkpt lat="41.978227" lon="13.812324">
        <ele>680.09</ele>
      </trkpt>
      <trkpt lat="41.978389" lon="13.812245">
        <ele>675.04</ele>
      </trkpt>
      <trkpt lat="41.978512" lon="13.812196">
        <ele>674.47</ele>
      </trkpt>
      <trkpt lat="41.978805" lon="13.812117">
        <ele>677.94</ele>
      </trkpt>
      <trkpt lat="41.978922" lon="13.812061">
        <ele>677.76</ele>
      </trkpt>
      <trkpt lat="41.979308" lon="13.811849">
        <ele>672.69</ele>
      </trkpt>
      <trkpt lat="41.979404" lon="13.811807">
        <ele>672.54</ele>
      </trkpt>
      <trkpt lat="41.979569" lon="13.811752">
        <ele>672.87</ele>
      </trkpt>
      <trkpt lat="41.980082" lon="13.811638">
        <ele>671.94</ele>
      </trkpt>
      <trkpt lat="41.980403" lon="13.811594">
        <ele>671.48</ele>
      </trkpt>
      <trkpt lat="41.980715" lon="13.811575">
        <ele>671.99</ele>
      </trkpt>
      <trkpt lat="41.980925" lon="13.811592">
        <ele>673.51</ele>
      </trkpt>
      <trkpt lat="41.981103" lon="13.81161">
        <ele>673.03</ele>
      </trkpt>
      <trkpt lat="41.981193" lon="13.811606">
        <ele>671.95</ele>
      </trkpt>
      <trkpt lat="41.981293" lon="13.811583">
        <ele>671.47</ele>
      </trkpt>
      <trkpt lat="41.981382" lon="13.811544">
        <ele>671.06</ele>
      </trkpt>
      <trkpt lat="41.981461" lon="13.81148">
        <ele>670.57</ele>
      </trkpt>
      <trkpt lat="41.981519" lon="13.811397">
        <ele>670.01</ele>
      </trkpt>
      <trkpt lat="41.981678" lon="13.811055">
        <ele>667.52</ele>
      </trkpt>
      <trkpt lat="41.981758" lon="13.810901">
        <ele>666.08</ele>
      </trkpt>
      <trkpt lat="41.981899" lon="13.810687">
        <ele>664.91</ele>
      </trkpt>
      <trkpt lat="41.981989" lon="13.810574">
        <ele>665.3</ele>
      </trkpt>
      <trkpt lat="41.982121" lon="13.810409">
        <ele>666.39</ele>
      </trkpt>
      <trkpt lat="41.982301" lon="13.810183">
        <ele>665.1</ele>
      </trkpt>
      <trkpt lat="41.982536" lon="13.809892">
        <ele>661.09</ele>
      </trkpt>
      <trkpt lat="41.982683" lon="13.809749">
        <ele>660.42</ele>
      </trkpt>
      <trkpt lat="41.983103" lon="13.809414">
        <ele>662.96</ele>
      </trkpt>
      <trkpt lat="41.983191" lon="13.809326">
        <ele>663.01</ele>
      </trkpt>
      <trkpt lat="41.983303" lon="13.809186">
        <ele>663.23</ele>
      </trkpt>
      <trkpt lat="41.983376" lon="13.80908">
        <ele>663.45</ele>
      </trkpt>
      <trkpt lat="41.983459" lon="13.808939">
        <ele>663.39</ele>
      </trkpt>
      <trkpt lat="41.983634" lon="13.808621">
        <ele>661.42</ele>
      </trkpt>
      <trkpt lat="41.983985" lon="13.807985">
        <ele>653.91</ele>
      </trkpt>
      <trkpt lat="41.984352" lon="13.807319">
        <ele>650.2</ele>
      </trkpt>
      <trkpt lat="41.984416" lon="13.807155">
        <ele>649.53</ele>
      </trkpt>
      <trkpt lat="41.984464" lon="13.806949">
        <ele>648.2</ele>
      </trkpt>
      <trkpt lat="41.984493" lon="13.806744">
        <ele>645.97</ele>
      </trkpt>
      <trkpt lat="41.984522" lon="13.806414">
        <ele>641.68</ele>
      </trkpt>
      <trkpt lat="41.984531" lon="13.806213">
        <ele>638.73</ele>
      </trkpt>
      <trkpt lat="41.984525" lon="13.805808">
        <ele>635.32</ele>
      </trkpt>
      <trkpt lat="41.984501" lon="13.805551">
        <ele>634.16</ele>
      </trkpt>
      <trkpt lat="41.984463" lon="13.80535">
        <ele>633.18</ele>
      </trkpt>
      <trkpt lat="41.984441" lon="13.80529">
        <ele>632.3</ele>
      </trkpt>
      <trkpt lat="41.984393" lon="13.80522">
        <ele>631.91</ele>
      </trkpt>
      <trkpt lat="41.984266" lon="13.805048">
        <ele>637.85</ele>
      </trkpt>
      <trkpt lat="41.984244" lon="13.804991">
        <ele>637.96</ele>
      </trkpt>
      <trkpt lat="41.984245" lon="13.804916">
        <ele>638.08</ele>
      </trkpt>
      <trkpt lat="41.98427" lon="13.804818">
        <ele>638.26</ele>
      </trkpt>
      <trkpt lat="41.984348" lon="13.804602">
        <ele>638.65</ele>
      </trkpt>
      <trkpt lat="41.984364" lon="13.804538">
        <ele>638.77</ele>
      </trkpt>
      <trkpt lat="41.984378" lon="13.804425">
        <ele>638.97</ele>
      </trkpt>
      <trkpt lat="41.984375" lon="13.804192">
        <ele>639.38</ele>
      </trkpt>
      <trkpt lat="41.98433" lon="13.80372">
        <ele>640.19</ele>
      </trkpt>
      <trkpt lat="41.984337" lon="13.8036">
        <ele>640.4</ele>
      </trkpt>
      <trkpt lat="41.98436" lon="13.803507">
        <ele>640.57</ele>
      </trkpt>
      <trkpt lat="41.984462" lon="13.803235">
        <ele>641.07</ele>
      </trkpt>
      <trkpt lat="41.984541" lon="13.802922">
        <ele>641.64</ele>
      </trkpt>
      <trkpt lat="41.984583" lon="13.802642">
        <ele>642.14</ele>
      </trkpt>
      <trkpt lat="41.984621" lon="13.802177">
        <ele>642.93</ele>
      </trkpt>
      <trkpt lat="41.984641" lon="13.802012">
        <ele>643.2</ele>
      </trkpt>
      <trkpt lat="41.984669" lon="13.801933">
        <ele>643.34</ele>
      </trkpt>
      <trkpt lat="41.984692" lon="13.801901">
        <ele>643.4</ele>
      </trkpt>
      <trkpt lat="41.984823" lon="13.801795">
        <ele>643.68</ele>
      </trkpt>
      <trkpt lat="41.984896" lon="13.801706">
        <ele>643.88</ele>
      </trkpt>
      <trkpt lat="41.984926" lon="13.801651">
        <ele>643.99</ele>
      </trkpt>
      <trkpt lat="41.985085" lon="13.801274">
        <ele>642.94</ele>
      </trkpt>
      <trkpt lat="41.985134" lon="13.801181">
        <ele>642.66</ele>
      </trkpt>
      <trkpt lat="41.985181" lon="13.801125">
        <ele>642.48</ele>
      </trkpt>
      <trkpt lat="41.985181" lon="13.801125">
        <ele>642.48</ele>
      </trkpt>
      <trkpt lat="41.985509" lon="13.800894">
        <ele>641.46</ele>
      </trkpt>
      <trkpt lat="41.985564" lon="13.80088">
        <ele>641.33</ele>
      </trkpt>
      <trkpt lat="41.985756" lon="13.800894">
        <ele>640.93</ele>
      </trkpt>
      <trkpt lat="41.985835" lon="13.800879">
        <ele>640.73</ele>
      </trkpt>
      <trkpt lat="41.986211" lon="13.80068">
        <ele>639.62</ele>
      </trkpt>
      <trkpt lat="41.986269" lon="13.800634">
        <ele>639.43</ele>
      </trkpt>
      <trkpt lat="41.986308" lon="13.800554">
        <ele>639.24</ele>
      </trkpt>
      <trkpt lat="41.986322" lon="13.800476">
        <ele>639.11</ele>
      </trkpt>
      <trkpt lat="41.986313" lon="13.800066">
        <ele>638.55</ele>
      </trkpt>
      <trkpt lat="41.986325" lon="13.79988">
        <ele>638.25</ele>
      </trkpt>
      <trkpt lat="41.986342" lon="13.799815">
        <ele>638.12</ele>
      </trkpt>
      <trkpt lat="41.986372" lon="13.799771">
        <ele>638</ele>
      </trkpt>
      <trkpt lat="41.986447" lon="13.79972">
        <ele>637.79</ele>
      </trkpt>
      <trkpt lat="41.986597" lon="13.799672">
        <ele>637.43</ele>
      </trkpt>
      <trkpt lat="41.986662" lon="13.799662">
        <ele>637.28</ele>
      </trkpt>
      <trkpt lat="41.986725" lon="13.799662">
        <ele>637.16</ele>
      </trkpt>
      <trkpt lat="41.986963" lon="13.799721">
        <ele>636.73</ele>
      </trkpt>
      <trkpt lat="41.987052" lon="13.799718">
        <ele>636.53</ele>
      </trkpt>
      <trkpt lat="41.987098" lon="13.799699">
        <ele>636.4</ele>
      </trkpt>
      <trkpt lat="41.987138" lon="13.799671">
        <ele>636.28</ele>
      </trkpt>
      <trkpt lat="41.987279" lon="13.799509">
        <ele>635.79</ele>
      </trkpt>
      <trkpt lat="41.987349" lon="13.799459">
        <ele>635.58</ele>
      </trkpt>
      <trkpt lat="41.987426" lon="13.799431">
        <ele>635.38</ele>
      </trkpt>
      <trkpt lat="41.987481" lon="13.799438">
        <ele>635.26</ele>
      </trkpt>
      <trkpt lat="41.987518" lon="13.799453">
        <ele>635.19</ele>
      </trkpt>
      <trkpt lat="41.987668" lon="13.799581">
        <ele>634.98</ele>
      </trkpt>
      <trkpt lat="41.987714" lon="13.799603">
        <ele>634.89</ele>
      </trkpt>
      <trkpt lat="41.987761" lon="13.799612">
        <ele>634.79</ele>
      </trkpt>
      <trkpt lat="41.987854" lon="13.799597">
        <ele>634.55</ele>
      </trkpt>
      <trkpt lat="41.988316" lon="13.799416">
        <ele>633.28</ele>
      </trkpt>
      <trkpt lat="41.988433" lon="13.79939">
        <ele>632.97</ele>
      </trkpt>
      <trkpt lat="41.988511" lon="13.799389">
        <ele>632.78</ele>
      </trkpt>
      <trkpt lat="41.988614" lon="13.799404">
        <ele>632.55</ele>
      </trkpt>
      <trkpt lat="41.988871" lon="13.799495">
        <ele>632.02</ele>
      </trkpt>
      <trkpt lat="41.988968" lon="13.799496">
        <ele>631.79</ele>
      </trkpt>
      <trkpt lat="41.989112" lon="13.799446">
        <ele>631.39</ele>
      </trkpt>
      <trkpt lat="41.989259" lon="13.799369">
        <ele>630.96</ele>
      </trkpt>
      <trkpt lat="41.989469" lon="13.799279">
        <ele>630.36</ele>
      </trkpt>
      <trkpt lat="41.989588" lon="13.799263">
        <ele>630.07</ele>
      </trkpt>
      <trkpt lat="41.989746" lon="13.799303">
        <ele>629.77</ele>
      </trkpt>
      <trkpt lat="41.989813" lon="13.799311">
        <ele>629.65</ele>
      </trkpt>
      <trkpt lat="41.989897" lon="13.79929">
        <ele>629.45</ele>
      </trkpt>
      <trkpt lat="41.98993" lon="13.79927">
        <ele>629.35</ele>
      </trkpt>
      <trkpt lat="41.989979" lon="13.799223">
        <ele>629.18</ele>
      </trkpt>
      <trkpt lat="41.990069" lon="13.799092">
        <ele>628.77</ele>
      </trkpt>
      <trkpt lat="41.99024" lon="13.798955">
        <ele>628.21</ele>
      </trkpt>
      <trkpt lat="41.99031" lon="13.79887">
        <ele>627.92</ele>
      </trkpt>
      <trkpt lat="41.990517" lon="13.798454">
        <ele>652.18</ele>
      </trkpt>
      <trkpt lat="41.990536" lon="13.798421">
        <ele>653.03</ele>
      </trkpt>
      <trkpt lat="41.990565" lon="13.798401">
        <ele>653.7</ele>
      </trkpt>
      <trkpt lat="41.9906" lon="13.798393">
        <ele>654.37</ele>
      </trkpt>
      <trkpt lat="41.990694" lon="13.798414">
        <ele>656.22</ele>
      </trkpt>
      <trkpt lat="41.990786" lon="13.79848">
        <ele>658.74</ele>
      </trkpt>
      <trkpt lat="41.990915" lon="13.79861">
        <ele>651.36</ele>
      </trkpt>
      <trkpt lat="41.99104" lon="13.798758">
        <ele>643.5</ele>
      </trkpt>
      <trkpt lat="41.991524" lon="13.799402">
        <ele>610.96</ele>
      </trkpt>
      <trkpt lat="41.991693" lon="13.799691">
        <ele>611.19</ele>
      </trkpt>
      <trkpt lat="41.991762" lon="13.799854">
        <ele>611.27</ele>
      </trkpt>
      <trkpt lat="41.991814" lon="13.799955">
        <ele>611.31</ele>
      </trkpt>
      <trkpt lat="41.991843" lon="13.799991">
        <ele>611.32</ele>
      </trkpt>
      <trkpt lat="41.991874" lon="13.800013">
        <ele>611.34</ele>
      </trkpt>
      <trkpt lat="41.991952" lon="13.800029">
        <ele>611.36</ele>
      </trkpt>
      <trkpt lat="41.992002" lon="13.800016">
        <ele>611.38</ele>
      </trkpt>
      <trkpt lat="41.992041" lon="13.799983">
        <ele>611.39</ele>
      </trkpt>
      <trkpt lat="41.992139" lon="13.79981">
        <ele>611.44</ele>
      </trkpt>
      <trkpt lat="41.992187" lon="13.799741">
        <ele>611.47</ele>
      </trkpt>
      <trkpt lat="41.992346" lon="13.799623">
        <ele>611.59</ele>
      </trkpt>
      <trkpt lat="41.992506" lon="13.799422">
        <ele>611.77</ele>
      </trkpt>
      <trkpt lat="41.992581" lon="13.799374">
        <ele>611.85</ele>
      </trkpt>
      <trkpt lat="41.992605" lon="13.799425">
        <ele>608.32</ele>
      </trkpt>
      <trkpt lat="41.992646" lon="13.799448">
        <ele>605.69</ele>
      </trkpt>
      <trkpt lat="41.992689" lon="13.799437">
        <ele>604.72</ele>
      </trkpt>
      <trkpt lat="41.992707" lon="13.79942">
        <ele>604.93</ele>
      </trkpt>
      <trkpt lat="41.992751" lon="13.79946">
        <ele>602.71</ele>
      </trkpt>
      <trkpt lat="41.992797" lon="13.79948">
        <ele>602.03</ele>
      </trkpt>
      <trkpt lat="41.992857" lon="13.799484">
        <ele>602.55</ele>
      </trkpt>
      <trkpt lat="41.992967" lon="13.799476">
        <ele>607.81</ele>
      </trkpt>
      <trkpt lat="41.99302" lon="13.799502">
        <ele>609.53</ele>
      </trkpt>
      <trkpt lat="41.993233" lon="13.79974">
        <ele>613.47</ele>
      </trkpt>
      <trkpt lat="41.993351" lon="13.799834">
        <ele>609.04</ele>
      </trkpt>
      <trkpt lat="41.993537" lon="13.799898">
        <ele>603.91</ele>
      </trkpt>
      <trkpt lat="41.993619" lon="13.799906">
        <ele>603.75</ele>
      </trkpt>
      <trkpt lat="41.993727" lon="13.799895">
        <ele>606.1</ele>
      </trkpt>
      <trkpt lat="41.993748" lon="13.799903">
        <ele>606.51</ele>
      </trkpt>
      <trkpt lat="41.993782" lon="13.799934">
        <ele>607.46</ele>
      </trkpt>
      <trkpt lat="41.993814" lon="13.800004">
        <ele>607.41</ele>
      </trkpt>
      <trkpt lat="41.993946" lon="13.800527">
        <ele>598.17</ele>
      </trkpt>
      <trkpt lat="41.994007" lon="13.800665">
        <ele>597.64</ele>
      </trkpt>
      <trkpt lat="41.994086" lon="13.801028">
        <ele>594.87</ele>
      </trkpt>
      <trkpt lat="41.994118" lon="13.801244">
        <ele>594.69</ele>
      </trkpt>
      <trkpt lat="41.994136" lon="13.801455">
        <ele>595.4</ele>
      </trkpt>
      <trkpt lat="41.994135" lon="13.80154">
        <ele>595.36</ele>
      </trkpt>
      <trkpt lat="41.994103" lon="13.801673">
        <ele>595.36</ele>
      </trkpt>
      <trkpt lat="41.993985" lon="13.801927">
        <ele>595.57</ele>
      </trkpt>
      <trkpt lat="41.993923" lon="13.802024">
        <ele>594.8</ele>
      </trkpt>
      <trkpt lat="41.993722" lon="13.802213">
        <ele>591.3</ele>
      </trkpt>
      <trkpt lat="41.993662" lon="13.802287">
        <ele>591.52</ele>
      </trkpt>
      <trkpt lat="41.993621" lon="13.802363">
        <ele>592.59</ele>
      </trkpt>
      <trkpt lat="41.993528" lon="13.802602">
        <ele>597.28</ele>
      </trkpt>
      <trkpt lat="41.993375" lon="13.803022">
        <ele>600.72</ele>
      </trkpt>
      <trkpt lat="41.993256" lon="13.803306">
        <ele>600.33</ele>
      </trkpt>
      <trkpt lat="41.993253" lon="13.803512">
        <ele>597.82</ele>
      </trkpt>
      <trkpt lat="41.993257" lon="13.80354">
        <ele>597.44</ele>
      </trkpt>
      <trkpt lat="41.99328" lon="13.803593">
        <ele>597.06</ele>
      </trkpt>
      <trkpt lat="41.99333" lon="13.80364">
        <ele>597.4</ele>
      </trkpt>
      <trkpt lat="41.993431" lon="13.803681">
        <ele>596.96</ele>
      </trkpt>
      <trkpt lat="41.99355" lon="13.803742">
        <ele>594.18</ele>
      </trkpt>
      <trkpt lat="41.993682" lon="13.803815">
        <ele>588.49</ele>
      </trkpt>
      <trkpt lat="41.993791" lon="13.803892">
        <ele>581.22</ele>
      </trkpt>
      <trkpt lat="41.993805" lon="13.803892">
        <ele>580.83</ele>
      </trkpt>
      <trkpt lat="41.99401" lon="13.803716">
        <ele>582.24</ele>
      </trkpt>
      <trkpt lat="41.994149" lon="13.803616">
        <ele>582.27</ele>
      </trkpt>
      <trkpt lat="41.994338" lon="13.803553">
        <ele>581.28</ele>
      </trkpt>
      <trkpt lat="41.994403" lon="13.803541">
        <ele>581.29</ele>
      </trkpt>
      <trkpt lat="41.994448" lon="13.803547">
        <ele>580.96</ele>
      </trkpt>
      <trkpt lat="41.994635" lon="13.803613">
        <ele>578.72</ele>
      </trkpt>
      <trkpt lat="41.994944" lon="13.803669">
        <ele>577.41</ele>
      </trkpt>
      <trkpt lat="41.995202" lon="13.8037">
        <ele>577.97</ele>
      </trkpt>
      <trkpt lat="41.99525" lon="13.803719">
        <ele>577.64</ele>
      </trkpt>
      <trkpt lat="41.995202" lon="13.8037">
        <ele>577.97</ele>
      </trkpt>
      <trkpt lat="41.995212" lon="13.803669">
        <ele>578.84</ele>
      </trkpt>
      <trkpt lat="41.995235" lon="13.803644">
        <ele>579.67</ele>
      </trkpt>
      <trkpt lat="41.995265" lon="13.803636">
        <ele>580.14</ele>
      </trkpt>
      <trkpt lat="41.995318" lon="13.80364">
        <ele>580.13</ele>
      </trkpt>
      <trkpt lat="41.996037" lon="13.803807">
        <ele>579.21</ele>
      </trkpt>
      <trkpt lat="41.996255" lon="13.803862">
        <ele>577.19</ele>
      </trkpt>
      <trkpt lat="41.996325" lon="13.803869">
        <ele>576.72</ele>
      </trkpt>
      <trkpt lat="41.996402" lon="13.803862">
        <ele>576.71</ele>
      </trkpt>
      <trkpt lat="41.996632" lon="13.8038">
        <ele>577.83</ele>
      </trkpt>
      <trkpt lat="41.99689" lon="13.803702">
        <ele>579.66</ele>
      </trkpt>
      <trkpt lat="41.997142" lon="13.803596">
        <ele>582.82</ele>
      </trkpt>
      <trkpt lat="41.997238" lon="13.803598">
        <ele>583.17</ele>
      </trkpt>
      <trkpt lat="41.997359" lon="13.80363">
        <ele>582.98</ele>
      </trkpt>
      <trkpt lat="41.997562" lon="13.803716">
        <ele>584.08</ele>
      </trkpt>
      <trkpt lat="41.997753" lon="13.80381">
        <ele>585.27</ele>
      </trkpt>
      <trkpt lat="41.998233" lon="13.804081">
        <ele>588.37</ele>
      </trkpt>
      <trkpt lat="41.998311" lon="13.80411">
        <ele>587.88</ele>
      </trkpt>
      <trkpt lat="41.998371" lon="13.804119">
        <ele>587.72</ele>
      </trkpt>
      <trkpt lat="41.998485" lon="13.804108">
        <ele>587.8</ele>
      </trkpt>
      <trkpt lat="41.998567" lon="13.80407">
        <ele>587.83</ele>
      </trkpt>
      <trkpt lat="41.998618" lon="13.804018">
        <ele>588.19</ele>
      </trkpt>
      <trkpt lat="41.998675" lon="13.803939">
        <ele>588.68</ele>
      </trkpt>
      <trkpt lat="41.998923" lon="13.803512">
        <ele>593.13</ele>
      </trkpt>
      <trkpt lat="41.999004" lon="13.803387">
        <ele>594.81</ele>
      </trkpt>
      <trkpt lat="41.999075" lon="13.803307">
        <ele>596.11</ele>
      </trkpt>
      <trkpt lat="41.999458" lon="13.803061">
        <ele>597.74</ele>
      </trkpt>
      <trkpt lat="41.999905" lon="13.802797">
        <ele>602.71</ele>
      </trkpt>
      <trkpt lat="41.999971" lon="13.802784">
        <ele>603</ele>
      </trkpt>
      <trkpt lat="42.000025" lon="13.802789">
        <ele>603.06</ele>
      </trkpt>
      <trkpt lat="42.000121" lon="13.802819">
        <ele>603.48</ele>
      </trkpt>
      <trkpt lat="42.000458" lon="13.802994">
        <ele>606</ele>
      </trkpt>
      <trkpt lat="42.001044" lon="13.803307">
        <ele>607.89</ele>
      </trkpt>
      <trkpt lat="42.001138" lon="13.803342">
        <ele>607.48</ele>
      </trkpt>
      <trkpt lat="42.0012" lon="13.803352">
        <ele>607.4</ele>
      </trkpt>
      <trkpt lat="42.001309" lon="13.803346">
        <ele>607.47</ele>
      </trkpt>
      <trkpt lat="42.001645" lon="13.803264">
        <ele>607.77</ele>
      </trkpt>
      <trkpt lat="42.001705" lon="13.803236">
        <ele>608.01</ele>
      </trkpt>
      <trkpt lat="42.001814" lon="13.803141">
        <ele>608.69</ele>
      </trkpt>
      <trkpt lat="42.001901" lon="13.803043">
        <ele>609.16</ele>
      </trkpt>
      <trkpt lat="42.002058" lon="13.80281">
        <ele>610.64</ele>
      </trkpt>
      <trkpt lat="42.002125" lon="13.802684">
        <ele>611.25</ele>
      </trkpt>
      <trkpt lat="42.00216" lon="13.802598">
        <ele>611.45</ele>
      </trkpt>
      <trkpt lat="42.002199" lon="13.802475">
        <ele>612.15</ele>
      </trkpt>
      <trkpt lat="42.002263" lon="13.8022">
        <ele>613.47</ele>
      </trkpt>
      <trkpt lat="42.002307" lon="13.802051">
        <ele>614.52</ele>
      </trkpt>
      <trkpt lat="42.00235" lon="13.801946">
        <ele>615.37</ele>
      </trkpt>
      <trkpt lat="42.002424" lon="13.80183">
        <ele>616.17</ele>
      </trkpt>
      <trkpt lat="42.00294" lon="13.801334">
        <ele>618.93</ele>
      </trkpt>
      <trkpt lat="42.003395" lon="13.800903">
        <ele>619.36</ele>
      </trkpt>
      <trkpt lat="42.00384" lon="13.800434">
        <ele>627.62</ele>
      </trkpt>
      <trkpt lat="42.004262" lon="13.799978">
        <ele>629.43</ele>
      </trkpt>
      <trkpt lat="42.004608" lon="13.79961">
        <ele>633.36</ele>
      </trkpt>
      <trkpt lat="42.00481" lon="13.799438">
        <ele>635.1</ele>
      </trkpt>
      <trkpt lat="42.005202" lon="13.799155">
        <ele>638.24</ele>
      </trkpt>
      <trkpt lat="42.005301" lon="13.799066">
        <ele>638.8</ele>
      </trkpt>
      <trkpt lat="42.005366" lon="13.798993">
        <ele>639.14</ele>
      </trkpt>
      <trkpt lat="42.005474" lon="13.798841">
        <ele>639.34</ele>
      </trkpt>
      <trkpt lat="42.005889" lon="13.79826">
        <ele>646.58</ele>
      </trkpt>
      <trkpt lat="42.005984" lon="13.798113">
        <ele>647.58</ele>
      </trkpt>
      <trkpt lat="42.006047" lon="13.797991">
        <ele>648.2</ele>
      </trkpt>
      <trkpt lat="42.006114" lon="13.797826">
        <ele>649.07</ele>
      </trkpt>
      <trkpt lat="42.006239" lon="13.797422">
        <ele>653.4</ele>
      </trkpt>
      <trkpt lat="42.006284" lon="13.79733">
        <ele>654.39</ele>
      </trkpt>
      <trkpt lat="42.006329" lon="13.797263">
        <ele>655.3</ele>
      </trkpt>
      <trkpt lat="42.006995" lon="13.796554">
        <ele>662.67</ele>
      </trkpt>
      <trkpt lat="42.007203" lon="13.796335">
        <ele>664.06</ele>
      </trkpt>
      <trkpt lat="42.00741" lon="13.796116">
        <ele>663.44</ele>
      </trkpt>
      <trkpt lat="42.008241" lon="13.795239">
        <ele>671.73</ele>
      </trkpt>
      <trkpt lat="42.008325" lon="13.795141">
        <ele>672.22</ele>
      </trkpt>
      <trkpt lat="42.008439" lon="13.794977">
        <ele>674.2</ele>
      </trkpt>
      <trkpt lat="42.008514" lon="13.794843">
        <ele>675.38</ele>
      </trkpt>
      <trkpt lat="42.008816" lon="13.79422">
        <ele>679.52</ele>
      </trkpt>
      <trkpt lat="42.008927" lon="13.794031">
        <ele>680.1</ele>
      </trkpt>
      <trkpt lat="42.009191" lon="13.793615">
        <ele>681.03</ele>
      </trkpt>
      <trkpt lat="42.009263" lon="13.793471">
        <ele>681.14</ele>
      </trkpt>
      <trkpt lat="42.009377" lon="13.793211">
        <ele>683.22</ele>
      </trkpt>
      <trkpt lat="42.009463" lon="13.793034">
        <ele>685.06</ele>
      </trkpt>
      <trkpt lat="42.009667" lon="13.792702">
        <ele>685.69</ele>
      </trkpt>
      <trkpt lat="42.009734" lon="13.792582">
        <ele>686.91</ele>
      </trkpt>
      <trkpt lat="42.009817" lon="13.792381">
        <ele>689.28</ele>
      </trkpt>
      <trkpt lat="42.009948" lon="13.791961">
        <ele>692.68</ele>
      </trkpt>
      <trkpt lat="42.010034" lon="13.791732">
        <ele>693.13</ele>
      </trkpt>
      <trkpt lat="42.010118" lon="13.791548">
        <ele>694.03</ele>
      </trkpt>
      <trkpt lat="42.010536" lon="13.790809">
        <ele>696.92</ele>
      </trkpt>
      <trkpt lat="42.010634" lon="13.79067">
        <ele>696.82</ele>
      </trkpt>
      <trkpt lat="42.010715" lon="13.790581">
        <ele>696.46</ele>
      </trkpt>
      <trkpt lat="42.010978" lon="13.790367">
        <ele>695.88</ele>
      </trkpt>
      <trkpt lat="42.011189" lon="13.790198">
        <ele>698.98</ele>
      </trkpt>
      <trkpt lat="42.011285" lon="13.790128">
        <ele>701.45</ele>
      </trkpt>
      <trkpt lat="42.011366" lon="13.790085">
        <ele>702.41</ele>
      </trkpt>
      <trkpt lat="42.01151" lon="13.790036">
        <ele>703.48</ele>
      </trkpt>
      <trkpt lat="42.01215" lon="13.789866">
        <ele>707.42</ele>
      </trkpt>
      <trkpt lat="42.01276" lon="13.789616">
        <ele>713.16</ele>
      </trkpt>
      <trkpt lat="42.012893" lon="13.789561">
        <ele>714.41</ele>
      </trkpt>
      <trkpt lat="42.012991" lon="13.789495">
        <ele>716.06</ele>
      </trkpt>
      <trkpt lat="42.013296" lon="13.78916">
        <ele>725.62</ele>
      </trkpt>
      <trkpt lat="42.013365" lon="13.789122">
        <ele>726.82</ele>
      </trkpt>
      <trkpt lat="42.013468" lon="13.789119">
        <ele>727.68</ele>
      </trkpt>
      <trkpt lat="42.013546" lon="13.789141">
        <ele>727.9</ele>
      </trkpt>
      <trkpt lat="42.013629" lon="13.789183">
        <ele>728.39</ele>
      </trkpt>
      <trkpt lat="42.013708" lon="13.789251">
        <ele>728.57</ele>
      </trkpt>
      <trkpt lat="42.013981" lon="13.789545">
        <ele>728.28</ele>
      </trkpt>
      <trkpt lat="42.014086" lon="13.789645">
        <ele>727.95</ele>
      </trkpt>
      <trkpt lat="42.014223" lon="13.789743">
        <ele>727.64</ele>
      </trkpt>
      <trkpt lat="42.014319" lon="13.78979">
        <ele>727.1</ele>
      </trkpt>
      <trkpt lat="42.014479" lon="13.789833">
        <ele>726.6</ele>
      </trkpt>
      <trkpt lat="42.014692" lon="13.789856">
        <ele>726.33</ele>
      </trkpt>
      <trkpt lat="42.014748" lon="13.789849">
        <ele>726.41</ele>
      </trkpt>
      <trkpt lat="42.014823" lon="13.789818">
        <ele>726.78</ele>
      </trkpt>
      <trkpt lat="42.014902" lon="13.78974">
        <ele>727.68</ele>
      </trkpt>
      <trkpt lat="42.014975" lon="13.789619">
        <ele>728.96</ele>
      </trkpt>
      <trkpt lat="42.015338" lon="13.788915">
        <ele>734.28</ele>
      </trkpt>
      <trkpt lat="42.015563" lon="13.788604">
        <ele>735.17</ele>
      </trkpt>
      <trkpt lat="42.015592" lon="13.788533">
        <ele>735.76</ele>
      </trkpt>
      <trkpt lat="42.015727" lon="13.787796">
        <ele>740.13</ele>
      </trkpt>
      <trkpt lat="42.015825" lon="13.7874">
        <ele>743.01</ele>
      </trkpt>
      <trkpt lat="42.01598" lon="13.786942">
        <ele>746.22</ele>
      </trkpt>
      <trkpt lat="42.016163" lon="13.786485">
        <ele>750.2</ele>
      </trkpt>
      <trkpt lat="42.016326" lon="13.786128">
        <ele>751.98</ele>
      </trkpt>
      <trkpt lat="42.016423" lon="13.78596">
        <ele>753.17</ele>
      </trkpt>
      <trkpt lat="42.016627" lon="13.785642">
        <ele>754.61</ele>
      </trkpt>
      <trkpt lat="42.016696" lon="13.785514">
        <ele>755.22</ele>
      </trkpt>
      <trkpt lat="42.016815" lon="13.785234">
        <ele>757.53</ele>
      </trkpt>
      <trkpt lat="42.016939" lon="13.784849">
        <ele>760.06</ele>
      </trkpt>
      <trkpt lat="42.017013" lon="13.784656">
        <ele>761.72</ele>
      </trkpt>
      <trkpt lat="42.017117" lon="13.784449">
        <ele>763.32</ele>
      </trkpt>
      <trkpt lat="42.017167" lon="13.78437">
        <ele>764.12</ele>
      </trkpt>
      <trkpt lat="42.017242" lon="13.784278">
        <ele>765.2</ele>
      </trkpt>
      <trkpt lat="42.017319" lon="13.784202">
        <ele>765.61</ele>
      </trkpt>
      <trkpt lat="42.017843" lon="13.783846">
        <ele>766.81</ele>
      </trkpt>
      <trkpt lat="42.018578" lon="13.783357">
        <ele>768.59</ele>
      </trkpt>
      <trkpt lat="42.018687" lon="13.783273">
        <ele>768.7</ele>
      </trkpt>
      <trkpt lat="42.018761" lon="13.78319">
        <ele>769.09</ele>
      </trkpt>
      <trkpt lat="42.018816" lon="13.783098">
        <ele>769.72</ele>
      </trkpt>
      <trkpt lat="42.018977" lon="13.782749">
        <ele>772.52</ele>
      </trkpt>
      <trkpt lat="42.019047" lon="13.782617">
        <ele>773.52</ele>
      </trkpt>
      <trkpt lat="42.01911" lon="13.782526">
        <ele>774.08</ele>
      </trkpt>
      <trkpt lat="42.01918" lon="13.782457">
        <ele>774.51</ele>
      </trkpt>
      <trkpt lat="42.019293" lon="13.782389">
        <ele>774.81</ele>
      </trkpt>
      <trkpt lat="42.020158" lon="13.782027">
        <ele>784.05</ele>
      </trkpt>
      <trkpt lat="42.020293" lon="13.781955">
        <ele>784.62</ele>
      </trkpt>
      <trkpt lat="42.020557" lon="13.781767">
        <ele>786.13</ele>
      </trkpt>
      <trkpt lat="42.021186" lon="13.781203">
        <ele>791.3</ele>
      </trkpt>
      <trkpt lat="42.02143" lon="13.781016">
        <ele>793.23</ele>
      </trkpt>
      <trkpt lat="42.022276" lon="13.780447">
        <ele>796.31</ele>
      </trkpt>
      <trkpt lat="42.022406" lon="13.780371">
        <ele>797.06</ele>
      </trkpt>
      <trkpt lat="42.022582" lon="13.780282">
        <ele>799.26</ele>
      </trkpt>
      <trkpt lat="42.022725" lon="13.780226">
        <ele>801.46</ele>
      </trkpt>
      <trkpt lat="42.022882" lon="13.780179">
        <ele>803.71</ele>
      </trkpt>
      <trkpt lat="42.023357" lon="13.780073">
        <ele>808.15</ele>
      </trkpt>
      <trkpt lat="42.023618" lon="13.780014">
        <ele>807.4</ele>
      </trkpt>
      <trkpt lat="42.023751" lon="13.779963">
        <ele>807.8</ele>
      </trkpt>
      <trkpt lat="42.023902" lon="13.779859">
        <ele>808.88</ele>
      </trkpt>
      <trkpt lat="42.024652" lon="13.779232">
        <ele>813.94</ele>
      </trkpt>
      <trkpt lat="42.024776" lon="13.779109">
        <ele>815.11</ele>
      </trkpt>
      <trkpt lat="42.024856" lon="13.779">
        <ele>815.94</ele>
      </trkpt>
      <trkpt lat="42.025121" lon="13.778594">
        <ele>818.86</ele>
      </trkpt>
      <trkpt lat="42.025208" lon="13.778484">
        <ele>819.43</ele>
      </trkpt>
      <trkpt lat="42.025286" lon="13.778402">
        <ele>819.63</ele>
      </trkpt>
      <trkpt lat="42.025897" lon="13.777882">
        <ele>819.61</ele>
      </trkpt>
      <trkpt lat="42.026408" lon="13.777453">
        <ele>823.2</ele>
      </trkpt>
      <trkpt lat="42.026595" lon="13.777314">
        <ele>826.72</ele>
      </trkpt>
      <trkpt lat="42.026672" lon="13.777262">
        <ele>829.8</ele>
      </trkpt>
      <trkpt lat="42.026877" lon="13.777136">
        <ele>833.56</ele>
      </trkpt>
      <trkpt lat="42.026973" lon="13.777057">
        <ele>835.28</ele>
      </trkpt>
      <trkpt lat="42.027047" lon="13.777008">
        <ele>835.77</ele>
      </trkpt>
      <trkpt lat="42.027543" lon="13.776801">
        <ele>832.82</ele>
      </trkpt>
      <trkpt lat="42.027956" lon="13.77663">
        <ele>826.04</ele>
      </trkpt>
      <trkpt lat="42.028134" lon="13.776582">
        <ele>823.91</ele>
      </trkpt>
      <trkpt lat="42.028294" lon="13.776554">
        <ele>823.14</ele>
      </trkpt>
      <trkpt lat="42.028975" lon="13.776537">
        <ele>818.8</ele>
      </trkpt>
      <trkpt lat="42.029222" lon="13.776497">
        <ele>817.87</ele>
      </trkpt>
      <trkpt lat="42.029364" lon="13.776445">
        <ele>818.41</ele>
      </trkpt>
      <trkpt lat="42.029516" lon="13.776374">
        <ele>817.8</ele>
      </trkpt>
      <trkpt lat="42.029872" lon="13.776176">
        <ele>816.4</ele>
      </trkpt>
      <trkpt lat="42.029936" lon="13.776159">
        <ele>815.97</ele>
      </trkpt>
      <trkpt lat="42.030005" lon="13.77616">
        <ele>814.86</ele>
      </trkpt>
      <trkpt lat="42.030057" lon="13.776183">
        <ele>814.19</ele>
      </trkpt>
      <trkpt lat="42.030109" lon="13.776228">
        <ele>813.65</ele>
      </trkpt>
      <trkpt lat="42.030282" lon="13.776448">
        <ele>811.38</ele>
      </trkpt>
      <trkpt lat="42.030432" lon="13.77662">
        <ele>811.01</ele>
      </trkpt>
      <trkpt lat="42.030563" lon="13.776735">
        <ele>811.27</ele>
      </trkpt>
      <trkpt lat="42.030634" lon="13.776779">
        <ele>812.04</ele>
      </trkpt>
      <trkpt lat="42.030842" lon="13.776852">
        <ele>814.63</ele>
      </trkpt>
      <trkpt lat="42.031018" lon="13.776892">
        <ele>817.74</ele>
      </trkpt>
      <trkpt lat="42.031491" lon="13.776936">
        <ele>823.19</ele>
      </trkpt>
      <trkpt lat="42.031764" lon="13.776937">
        <ele>825.91</ele>
      </trkpt>
      <trkpt lat="42.03191" lon="13.77691">
        <ele>827.45</ele>
      </trkpt>
      <trkpt lat="42.032113" lon="13.776834">
        <ele>830.16</ele>
      </trkpt>
      <trkpt lat="42.032426" lon="13.776664">
        <ele>833.69</ele>
      </trkpt>
      <trkpt lat="42.032957" lon="13.776375">
        <ele>836.18</ele>
      </trkpt>
      <trkpt lat="42.033183" lon="13.776271">
        <ele>839.54</ele>
      </trkpt>
      <trkpt lat="42.033366" lon="13.776223">
        <ele>841.65</ele>
      </trkpt>
      <trkpt lat="42.033832" lon="13.776157">
        <ele>841.25</ele>
      </trkpt>
      <trkpt lat="42.034701" lon="13.77597">
        <ele>844.7</ele>
      </trkpt>
      <trkpt lat="42.034991" lon="13.775908">
        <ele>847.77</ele>
      </trkpt>
      <trkpt lat="42.035199" lon="13.775874">
        <ele>851.42</ele>
      </trkpt>
      <trkpt lat="42.035397" lon="13.775855">
        <ele>855.31</ele>
      </trkpt>
      <trkpt lat="42.035614" lon="13.775858">
        <ele>858.27</ele>
      </trkpt>
      <trkpt lat="42.036114" lon="13.775917">
        <ele>858.94</ele>
      </trkpt>
      <trkpt lat="42.036484" lon="13.775962">
        <ele>861.25</ele>
      </trkpt>
      <trkpt lat="42.036734" lon="13.776019">
        <ele>860.84</ele>
      </trkpt>
      <trkpt lat="42.037605" lon="13.776286">
        <ele>864.42</ele>
      </trkpt>
      <trkpt lat="42.038015" lon="13.776411">
        <ele>866.77</ele>
      </trkpt>
      <trkpt lat="42.039007" lon="13.776697">
        <ele>868.23</ele>
      </trkpt>
      <trkpt lat="42.039789" lon="13.776902">
        <ele>870.3</ele>
      </trkpt>
      <trkpt lat="42.04031" lon="13.777039">
        <ele>875.22</ele>
      </trkpt>
      <trkpt lat="42.041093" lon="13.777244">
        <ele>879.54</ele>
      </trkpt>
      <trkpt lat="42.041171" lon="13.777284">
        <ele>879.68</ele>
      </trkpt>
      <trkpt lat="42.041419" lon="13.77748">
        <ele>878.43</ele>
      </trkpt>
      <trkpt lat="42.041887" lon="13.777847">
        <ele>884.52</ele>
      </trkpt>
      <trkpt lat="42.042329" lon="13.77819">
        <ele>881.99</ele>
      </trkpt>
      <trkpt lat="42.042772" lon="13.778532">
        <ele>881.7</ele>
      </trkpt>
      <trkpt lat="42.042845" lon="13.778622">
        <ele>881.75</ele>
      </trkpt>
      <trkpt lat="42.04291" lon="13.778722">
        <ele>881.78</ele>
      </trkpt>
      <trkpt lat="42.042937" lon="13.778819">
        <ele>881.99</ele>
      </trkpt>
      <trkpt lat="42.042945" lon="13.778904">
        <ele>882.28</ele>
      </trkpt>
      <trkpt lat="42.042934" lon="13.779062">
        <ele>883.12</ele>
      </trkpt>
      <trkpt lat="42.042896" lon="13.7792">
        <ele>884.44</ele>
      </trkpt>
      <trkpt lat="42.042538" lon="13.779796">
        <ele>886.55</ele>
      </trkpt>
      <trkpt lat="42.042179" lon="13.780391">
        <ele>893.41</ele>
      </trkpt>
      <trkpt lat="42.042016" lon="13.780638">
        <ele>895.06</ele>
      </trkpt>
      <trkpt lat="42.041242" lon="13.78115">
        <ele>892.32</ele>
      </trkpt>
      <trkpt lat="42.040781" lon="13.781587">
        <ele>895.48</ele>
      </trkpt>
      <trkpt lat="42.040551" lon="13.781806">
        <ele>895.03</ele>
      </trkpt>
      <trkpt lat="42.040279" lon="13.782111">
        <ele>895.64</ele>
      </trkpt>
      <trkpt lat="42.04001" lon="13.782507">
        <ele>905.95</ele>
      </trkpt>
      <trkpt lat="42.039783" lon="13.782717">
        <ele>907.41</ele>
      </trkpt>
      <trkpt lat="42.03955" lon="13.782857">
        <ele>907.95</ele>
      </trkpt>
      <trkpt lat="42.039317" lon="13.782997">
        <ele>910.97</ele>
      </trkpt>
      <trkpt lat="42.038966" lon="13.783152">
        <ele>911.83</ele>
      </trkpt>
      <trkpt lat="42.038733" lon="13.783221">
        <ele>911.74</ele>
      </trkpt>
      <trkpt lat="42.0385" lon="13.78329">
        <ele>914.35</ele>
      </trkpt>
      <trkpt lat="42.03826" lon="13.783343">
        <ele>916.71</ele>
      </trkpt>
      <trkpt lat="42.037992" lon="13.783308">
        <ele>917.03</ele>
      </trkpt>
      <trkpt lat="42.037795" lon="13.783255">
        <ele>917.27</ele>
      </trkpt>
      <trkpt lat="42.03766" lon="13.783212">
        <ele>915.67</ele>
      </trkpt>
      <trkpt lat="42.037365" lon="13.783175">
        <ele>913.92</ele>
      </trkpt>
      <trkpt lat="42.037173" lon="13.783171">
        <ele>914.66</ele>
      </trkpt>
      <trkpt lat="42.036955" lon="13.78319">
        <ele>913.57</ele>
      </trkpt>
      <trkpt lat="42.036806" lon="13.783258">
        <ele>914.36</ele>
      </trkpt>
      <trkpt lat="42.036689" lon="13.783322">
        <ele>913.61</ele>
      </trkpt>
      <trkpt lat="42.036315" lon="13.783566">
        <ele>913.36</ele>
      </trkpt>
      <trkpt lat="42.036238" lon="13.783679">
        <ele>914.35</ele>
      </trkpt>
      <trkpt lat="42.036212" lon="13.783789">
        <ele>915.15</ele>
      </trkpt>
      <trkpt lat="42.036214" lon="13.78391">
        <ele>916.33</ele>
      </trkpt>
      <trkpt lat="42.036236" lon="13.784026">
        <ele>917.53</ele>
      </trkpt>
      <trkpt lat="42.036271" lon="13.784122">
        <ele>919.42</ele>
      </trkpt>
      <trkpt lat="42.036346" lon="13.784195">
        <ele>921.67</ele>
      </trkpt>
      <trkpt lat="42.036446" lon="13.784235">
        <ele>923.84</ele>
      </trkpt>
      <trkpt lat="42.036501" lon="13.784237">
        <ele>925.14</ele>
      </trkpt>
      <trkpt lat="42.03653" lon="13.784228">
        <ele>925.75</ele>
      </trkpt>
      <trkpt lat="42.036623" lon="13.784178">
        <ele>927.97</ele>
      </trkpt>
      <trkpt lat="42.036666" lon="13.784132">
        <ele>928.74</ele>
      </trkpt>
      <trkpt lat="42.03677" lon="13.7839">
        <ele>927.84</ele>
      </trkpt>
      <trkpt lat="42.036841" lon="13.783723">
        <ele>926.03</ele>
      </trkpt>
      <trkpt lat="42.036962" lon="13.783591">
        <ele>924.94</ele>
      </trkpt>
      <trkpt lat="42.03717" lon="13.783507">
        <ele>925.3</ele>
      </trkpt>
      <trkpt lat="42.037524" lon="13.783488">
        <ele>927.38</ele>
      </trkpt>
      <trkpt lat="42.037857" lon="13.783555">
        <ele>930.02</ele>
      </trkpt>
      <trkpt lat="42.038064" lon="13.783635">
        <ele>931.8</ele>
      </trkpt>
      <trkpt lat="42.038271" lon="13.783714">
        <ele>936.48</ele>
      </trkpt>
      <trkpt lat="42.03854" lon="13.783781">
        <ele>940.71</ele>
      </trkpt>
      <trkpt lat="42.038789" lon="13.783777">
        <ele>941.68</ele>
      </trkpt>
      <trkpt lat="42.039148" lon="13.783676">
        <ele>939.49</ele>
      </trkpt>
      <trkpt lat="42.039599" lon="13.783567">
        <ele>939.87</ele>
      </trkpt>
      <trkpt lat="42.039904" lon="13.783457">
        <ele>939.01</ele>
      </trkpt>
      <trkpt lat="42.040109" lon="13.783337">
        <ele>939.15</ele>
      </trkpt>
      <trkpt lat="42.040272" lon="13.783175">
        <ele>937.34</ele>
      </trkpt>
      <trkpt lat="42.040525" lon="13.782871">
        <ele>933.75</ele>
      </trkpt>
      <trkpt lat="42.04076" lon="13.782677">
        <ele>935.28</ele>
      </trkpt>
      <trkpt lat="42.04124" lon="13.782392">
        <ele>939.62</ele>
      </trkpt>
      <trkpt lat="42.04148" lon="13.78225">
        <ele>939.61</ele>
      </trkpt>
      <trkpt lat="42.041935" lon="13.781999">
        <ele>938.82</ele>
      </trkpt>
      <trkpt lat="42.042211" lon="13.781887">
        <ele>938.63</ele>
      </trkpt>
      <trkpt lat="42.042441" lon="13.781873">
        <ele>940.42</ele>
      </trkpt>
      <trkpt lat="42.042574" lon="13.781903">
        <ele>942.13</ele>
      </trkpt>
      <trkpt lat="42.042684" lon="13.78196">
        <ele>944.4</ele>
      </trkpt>
      <trkpt lat="42.042857" lon="13.782064">
        <ele>949.88</ele>
      </trkpt>
      <trkpt lat="42.043016" lon="13.782129">
        <ele>955.4</ele>
      </trkpt>
      <trkpt lat="42.043236" lon="13.782029">
        <ele>954.31</ele>
      </trkpt>
      <trkpt lat="42.04358" lon="13.781917">
        <ele>956.8</ele>
      </trkpt>
      <trkpt lat="42.043732" lon="13.781854">
        <ele>957.63</ele>
      </trkpt>
      <trkpt lat="42.044171" lon="13.781355">
        <ele>957.08</ele>
      </trkpt>
      <trkpt lat="42.044611" lon="13.780857">
        <ele>953.55</ele>
      </trkpt>
      <trkpt lat="42.044831" lon="13.780608">
        <ele>954.99</ele>
      </trkpt>
      <trkpt lat="42.045714" lon="13.779386">
        <ele>964.53</ele>
      </trkpt>
      <trkpt lat="42.045891" lon="13.779141">
        <ele>968.18</ele>
      </trkpt>
      <trkpt lat="42.046094" lon="13.778928">
        <ele>972.42</ele>
      </trkpt>
      <trkpt lat="42.046379" lon="13.778611">
        <ele>979.98</ele>
      </trkpt>
      <trkpt lat="42.046534" lon="13.77839">
        <ele>982.11</ele>
      </trkpt>
      <trkpt lat="42.046844" lon="13.777948">
        <ele>980.96</ele>
      </trkpt>
      <trkpt lat="42.047283" lon="13.777393">
        <ele>977.93</ele>
      </trkpt>
      <trkpt lat="42.047472" lon="13.777174">
        <ele>977.4</ele>
      </trkpt>
      <trkpt lat="42.04787" lon="13.776947">
        <ele>983.56</ele>
      </trkpt>
      <trkpt lat="42.048068" lon="13.776799">
        <ele>985.48</ele>
      </trkpt>
      <trkpt lat="42.048118" lon="13.77672">
        <ele>985.83</ele>
      </trkpt>
      <trkpt lat="42.048153" lon="13.776632">
        <ele>985.37</ele>
      </trkpt>
      <trkpt lat="42.048162" lon="13.776528">
        <ele>985.02</ele>
      </trkpt>
      <trkpt lat="42.04816" lon="13.776322">
        <ele>984.85</ele>
      </trkpt>
      <trkpt lat="42.048145" lon="13.776241">
        <ele>985.59</ele>
      </trkpt>
      <trkpt lat="42.048122" lon="13.776184">
        <ele>986.36</ele>
      </trkpt>
      <trkpt lat="42.048075" lon="13.776106">
        <ele>987.16</ele>
      </trkpt>
      <trkpt lat="42.047928" lon="13.775949">
        <ele>988.31</ele>
      </trkpt>
      <trkpt lat="42.047814" lon="13.775845">
        <ele>988.95</ele>
      </trkpt>
      <trkpt lat="42.047213" lon="13.775252">
        <ele>987.71</ele>
      </trkpt>
      <trkpt lat="42.046994" lon="13.774948">
        <ele>989.61</ele>
      </trkpt>
      <trkpt lat="42.046387" lon="13.774181">
        <ele>991.19</ele>
      </trkpt>
      <trkpt lat="42.046256" lon="13.773971">
        <ele>992.97</ele>
      </trkpt>
      <trkpt lat="42.046116" lon="13.773617">
        <ele>993.92</ele>
      </trkpt>
      <trkpt lat="42.045908" lon="13.7731">
        <ele>999.82</ele>
      </trkpt>
      <trkpt lat="42.045571" lon="13.772627">
        <ele>1009.84</ele>
      </trkpt>
      <trkpt lat="42.045278" lon="13.772438">
        <ele>1010.38</ele>
      </trkpt>
      <trkpt lat="42.04451" lon="13.772107">
        <ele>1016.19</ele>
      </trkpt>
      <trkpt lat="42.044283" lon="13.772066">
        <ele>1016.75</ele>
      </trkpt>
      <trkpt lat="42.04417" lon="13.772064">
        <ele>1017.09</ele>
      </trkpt>
      <trkpt lat="42.043657" lon="13.772111">
        <ele>1016.63</ele>
      </trkpt>
      <trkpt lat="42.043269" lon="13.772132">
        <ele>1017.16</ele>
      </trkpt>
      <trkpt lat="42.042933" lon="13.772096">
        <ele>1017.96</ele>
      </trkpt>
      <trkpt lat="42.042443" lon="13.772049">
        <ele>1021.48</ele>
      </trkpt>
      <trkpt lat="42.042198" lon="13.772026">
        <ele>1026.05</ele>
      </trkpt>
      <trkpt lat="42.041953" lon="13.772002">
        <ele>1033.2</ele>
      </trkpt>
      <trkpt lat="42.041704" lon="13.771978">
        <ele>1035.75</ele>
      </trkpt>
      <trkpt lat="42.040698" lon="13.771886">
        <ele>1037.52</ele>
      </trkpt>
      <trkpt lat="42.040176" lon="13.771843">
        <ele>1040.86</ele>
      </trkpt>
      <trkpt lat="42.039655" lon="13.771801">
        <ele>1046.95</ele>
      </trkpt>
      <trkpt lat="42.039199" lon="13.771812">
        <ele>1047.01</ele>
      </trkpt>
      <trkpt lat="42.038643" lon="13.771859">
        <ele>1043.69</ele>
      </trkpt>
      <trkpt lat="42.038473" lon="13.771842">
        <ele>1043.41</ele>
      </trkpt>
      <trkpt lat="42.038228" lon="13.771804">
        <ele>1046.38</ele>
      </trkpt>
      <trkpt lat="42.037983" lon="13.771765">
        <ele>1053.54</ele>
      </trkpt>
      <trkpt lat="42.037738" lon="13.771726">
        <ele>1057.33</ele>
      </trkpt>
      <trkpt lat="42.03754" lon="13.771657">
        <ele>1060.34</ele>
      </trkpt>
      <trkpt lat="42.037277" lon="13.771698">
        <ele>1061.17</ele>
      </trkpt>
      <trkpt lat="42.037104" lon="13.7717">
        <ele>1060.57</ele>
      </trkpt>
      <trkpt lat="42.036935" lon="13.771673">
        <ele>1061.27</ele>
      </trkpt>
      <trkpt lat="42.036771" lon="13.771588">
        <ele>1061.68</ele>
      </trkpt>
      <trkpt lat="42.03664" lon="13.771496">
        <ele>1060.43</ele>
      </trkpt>
      <trkpt lat="42.036534" lon="13.771322">
        <ele>1060.23</ele>
      </trkpt>
      <trkpt lat="42.036473" lon="13.771067">
        <ele>1061.73</ele>
      </trkpt>
      <trkpt lat="42.036472" lon="13.770839">
        <ele>1063.88</ele>
      </trkpt>
      <trkpt lat="42.036515" lon="13.770396">
        <ele>1065.69</ele>
      </trkpt>
      <trkpt lat="42.036602" lon="13.769924">
        <ele>1065.69</ele>
      </trkpt>
      <trkpt lat="42.037073" lon="13.768412">
        <ele>1066.32</ele>
      </trkpt>
      <trkpt lat="42.037076" lon="13.767984">
        <ele>1061.7</ele>
      </trkpt>
      <trkpt lat="42.0371" lon="13.76783">
        <ele>1060.12</ele>
      </trkpt>
      <trkpt lat="42.037273" lon="13.767524">
        <ele>1070.47</ele>
      </trkpt>
      <trkpt lat="42.037463" lon="13.767334">
        <ele>1080.18</ele>
      </trkpt>
      <trkpt lat="42.037638" lon="13.767122">
        <ele>1082.67</ele>
      </trkpt>
      <trkpt lat="42.037935" lon="13.766668">
        <ele>1083.93</ele>
      </trkpt>
      <trkpt lat="42.038108" lon="13.766365">
        <ele>1082.81</ele>
      </trkpt>
      <trkpt lat="42.038282" lon="13.766062">
        <ele>1084.3</ele>
      </trkpt>
      <trkpt lat="42.038407" lon="13.765818">
        <ele>1085.96</ele>
      </trkpt>
      <trkpt lat="42.038512" lon="13.765532">
        <ele>1086.12</ele>
      </trkpt>
      <trkpt lat="42.038739" lon="13.7651">
        <ele>1088.38</ele>
      </trkpt>
      <trkpt lat="42.038976" lon="13.764741">
        <ele>1089.18</ele>
      </trkpt>
      <trkpt lat="42.039498" lon="13.764185">
        <ele>1090.99</ele>
      </trkpt>
      <trkpt lat="42.039991" lon="13.763566">
        <ele>1090.75</ele>
      </trkpt>
      <trkpt lat="42.040684" lon="13.762715">
        <ele>1094.73</ele>
      </trkpt>
      <trkpt lat="42.040817" lon="13.762531">
        <ele>1094.77</ele>
      </trkpt>
      <trkpt lat="42.040897" lon="13.76239">
        <ele>1096.03</ele>
      </trkpt>
      <trkpt lat="42.040935" lon="13.762253">
        <ele>1096.63</ele>
      </trkpt>
      <trkpt lat="42.040944" lon="13.7622">
        <ele>1096.78</ele>
      </trkpt>
      <trkpt lat="42.040948" lon="13.762101">
        <ele>1097.37</ele>
      </trkpt>
      <trkpt lat="42.040936" lon="13.762011">
        <ele>1097.71</ele>
      </trkpt>
      <trkpt lat="42.040839" lon="13.761653">
        <ele>1098.26</ele>
      </trkpt>
      <trkpt lat="42.040565" lon="13.760779">
        <ele>1102.42</ele>
      </trkpt>
      <trkpt lat="42.040397" lon="13.760246">
        <ele>1101.39</ele>
      </trkpt>
      <trkpt lat="42.040383" lon="13.760001">
        <ele>1104.23</ele>
      </trkpt>
      <trkpt lat="42.040416" lon="13.759785">
        <ele>1107.74</ele>
      </trkpt>
      <trkpt lat="42.040471" lon="13.759595">
        <ele>1110.63</ele>
      </trkpt>
      <trkpt lat="42.040548" lon="13.759465">
        <ele>1112.57</ele>
      </trkpt>
      <trkpt lat="42.040759" lon="13.759176">
        <ele>1116.14</ele>
      </trkpt>
      <trkpt lat="42.041393" lon="13.75831">
        <ele>1117.67</ele>
      </trkpt>
      <trkpt lat="42.041504" lon="13.758108">
        <ele>1118.73</ele>
      </trkpt>
      <trkpt lat="42.041858" lon="13.757345">
        <ele>1120.65</ele>
      </trkpt>
      <trkpt lat="42.042464" lon="13.755926">
        <ele>1123.15</ele>
      </trkpt>
      <trkpt lat="42.042476" lon="13.755935">
        <ele>1123</ele>
      </trkpt>
      <trkpt lat="42.042464" lon="13.755926">
        <ele>1123.15</ele>
      </trkpt>
      <trkpt lat="42.042577" lon="13.755627">
        <ele>1124.32</ele>
      </trkpt>
      <trkpt lat="42.042689" lon="13.755329">
        <ele>1127.58</ele>
      </trkpt>
      <trkpt lat="42.04291" lon="13.754873">
        <ele>1131.46</ele>
      </trkpt>
      <trkpt lat="42.043158" lon="13.754462">
        <ele>1133.87</ele>
      </trkpt>
      <trkpt lat="42.043502" lon="13.753881">
        <ele>1140.47</ele>
      </trkpt>
      <trkpt lat="42.043751" lon="13.753615">
        <ele>1139.53</ele>
      </trkpt>
      <trkpt lat="42.044214" lon="13.753339">
        <ele>1137.93</ele>
      </trkpt>
      <trkpt lat="42.044533" lon="13.753127">
        <ele>1139.35</ele>
      </trkpt>
      <trkpt lat="42.045627" lon="13.752869">
        <ele>1142.36</ele>
      </trkpt>
      <trkpt lat="42.04595" lon="13.752695">
        <ele>1143.35</ele>
      </trkpt>
      <trkpt lat="42.04647" lon="13.752231">
        <ele>1147.16</ele>
      </trkpt>
      <trkpt lat="42.046728" lon="13.752019">
        <ele>1148.52</ele>
      </trkpt>
      <trkpt lat="42.046875" lon="13.751791">
        <ele>1155.85</ele>
      </trkpt>
      <trkpt lat="42.046989" lon="13.751563">
        <ele>1163.56</ele>
      </trkpt>
      <trkpt lat="42.04711" lon="13.75144">
        <ele>1163.93</ele>
      </trkpt>
      <trkpt lat="42.047382" lon="13.751344">
        <ele>1159.99</ele>
      </trkpt>
      <trkpt lat="42.047494" lon="13.751266">
        <ele>1159.63</ele>
      </trkpt>
      <trkpt lat="42.047601" lon="13.751151">
        <ele>1159.36</ele>
      </trkpt>
      <trkpt lat="42.04772" lon="13.750902">
        <ele>1160.79</ele>
      </trkpt>
      <trkpt lat="42.04785" lon="13.750547">
        <ele>1165.64</ele>
      </trkpt>
      <trkpt lat="42.048007" lon="13.750269">
        <ele>1166.97</ele>
      </trkpt>
      <trkpt lat="42.048188" lon="13.750068">
        <ele>1174.41</ele>
      </trkpt>
      <trkpt lat="42.048426" lon="13.749913">
        <ele>1178.2</ele>
      </trkpt>
      <trkpt lat="42.048782" lon="13.749792">
        <ele>1178.44</ele>
      </trkpt>
      <trkpt lat="42.048991" lon="13.749642">
        <ele>1177.53</ele>
      </trkpt>
      <trkpt lat="42.049182" lon="13.749465">
        <ele>1178.11</ele>
      </trkpt>
      <trkpt lat="42.049277" lon="13.749295">
        <ele>1178.35</ele>
      </trkpt>
      <trkpt lat="42.049302" lon="13.749201">
        <ele>1178.71</ele>
      </trkpt>
      <trkpt lat="42.049306" lon="13.749082">
        <ele>1178.98</ele>
      </trkpt>
      <trkpt lat="42.04929" lon="13.748993">
        <ele>1178.93</ele>
      </trkpt>
      <trkpt lat="42.049253" lon="13.748903">
        <ele>1179.42</ele>
      </trkpt>
      <trkpt lat="42.049197" lon="13.748829">
        <ele>1180.3</ele>
      </trkpt>
      <trkpt lat="42.049132" lon="13.748781">
        <ele>1181.05</ele>
      </trkpt>
      <trkpt lat="42.049061" lon="13.74876">
        <ele>1181.8</ele>
      </trkpt>
      <trkpt lat="42.048993" lon="13.748763">
        <ele>1181.88</ele>
      </trkpt>
      <trkpt lat="42.048816" lon="13.748843">
        <ele>1182.17</ele>
      </trkpt>
      <trkpt lat="42.048598" lon="13.748996">
        <ele>1184.74</ele>
      </trkpt>
      <trkpt lat="42.048052" lon="13.749117">
        <ele>1190.95</ele>
      </trkpt>
      <trkpt lat="42.047829" lon="13.749167">
        <ele>1191.73</ele>
      </trkpt>
      <trkpt lat="42.047576" lon="13.74918">
        <ele>1193.38</ele>
      </trkpt>
      <trkpt lat="42.04716" lon="13.7491">
        <ele>1196.66</ele>
      </trkpt>
      <trkpt lat="42.047117" lon="13.749076">
        <ele>1196.74</ele>
      </trkpt>
      <trkpt lat="42.047074" lon="13.749052">
        <ele>1196.81</ele>
      </trkpt>
      <trkpt lat="42.047" lon="13.748974">
        <ele>1196.7</ele>
      </trkpt>
      <trkpt lat="42.046955" lon="13.74885">
        <ele>1196.27</ele>
      </trkpt>
      <trkpt lat="42.046925" lon="13.748717">
        <ele>1196.29</ele>
      </trkpt>
      <trkpt lat="42.04693" lon="13.748396">
        <ele>1196.15</ele>
      </trkpt>
      <trkpt lat="42.047041" lon="13.747726">
        <ele>1192.81</ele>
      </trkpt>
      <trkpt lat="42.047083" lon="13.747449">
        <ele>1198.44</ele>
      </trkpt>
      <trkpt lat="42.04709" lon="13.747095">
        <ele>1201.11</ele>
      </trkpt>
      <trkpt lat="42.047089" lon="13.746705">
        <ele>1201.07</ele>
      </trkpt>
      <trkpt lat="42.047139" lon="13.746494">
        <ele>1202.39</ele>
      </trkpt>
      <trkpt lat="42.047245" lon="13.746264">
        <ele>1202.45</ele>
      </trkpt>
      <trkpt lat="42.047416" lon="13.745958">
        <ele>1201.28</ele>
      </trkpt>
      <trkpt lat="42.047533" lon="13.745477">
        <ele>1202.03</ele>
      </trkpt>
      <trkpt lat="42.047643" lon="13.744761">
        <ele>1202.79</ele>
      </trkpt>
      <trkpt lat="42.047663" lon="13.744519">
        <ele>1203.02</ele>
      </trkpt>
      <trkpt lat="42.047648" lon="13.744281">
        <ele>1203.38</ele>
      </trkpt>
      <trkpt lat="42.0476" lon="13.744081">
        <ele>1204.96</ele>
      </trkpt>
      <trkpt lat="42.047536" lon="13.743909">
        <ele>1207.91</ele>
      </trkpt>
      <trkpt lat="42.04726" lon="13.743284">
        <ele>1221.98</ele>
      </trkpt>
      <trkpt lat="42.045927" lon="13.740428">
        <ele>1232.28</ele>
      </trkpt>
      <trkpt lat="42.045828" lon="13.740327">
        <ele>1227.86</ele>
      </trkpt>
      <trkpt lat="42.045714" lon="13.74025">
        <ele>1224.26</ele>
      </trkpt>
      <trkpt lat="42.045511" lon="13.740206">
        <ele>1221.86</ele>
      </trkpt>
      <trkpt lat="42.044913" lon="13.740211">
        <ele>1218.88</ele>
      </trkpt>
      <trkpt lat="42.044301" lon="13.740218">
        <ele>1219.28</ele>
      </trkpt>
      <trkpt lat="42.043981" lon="13.740116">
        <ele>1219.42</ele>
      </trkpt>
      <trkpt lat="42.043737" lon="13.739989">
        <ele>1218.87</ele>
      </trkpt>
      <trkpt lat="42.043487" lon="13.739858">
        <ele>1218.3</ele>
      </trkpt>
      <trkpt lat="42.043309" lon="13.739794">
        <ele>1216.86</ele>
      </trkpt>
      <trkpt lat="42.043175" lon="13.739763">
        <ele>1215.82</ele>
      </trkpt>
      <trkpt lat="42.043029" lon="13.739763">
        <ele>1214.28</ele>
      </trkpt>
      <trkpt lat="42.042829" lon="13.739832">
        <ele>1213.24</ele>
      </trkpt>
      <trkpt lat="42.042506" lon="13.73992">
        <ele>1215.54</ele>
      </trkpt>
      <trkpt lat="42.042384" lon="13.739909">
        <ele>1215.64</ele>
      </trkpt>
      <trkpt lat="42.042142" lon="13.73983">
        <ele>1216.38</ele>
      </trkpt>
      <trkpt lat="42.041935" lon="13.739747">
        <ele>1216.36</ele>
      </trkpt>
      <trkpt lat="42.041531" lon="13.739527">
        <ele>1214.63</ele>
      </trkpt>
      <trkpt lat="42.041385" lon="13.739514">
        <ele>1212.11</ele>
      </trkpt>
      <trkpt lat="42.041259" lon="13.739598">
        <ele>1211.6</ele>
      </trkpt>
      <trkpt lat="42.041152" lon="13.739732">
        <ele>1212.68</ele>
      </trkpt>
      <trkpt lat="42.040834" lon="13.740193">
        <ele>1209.57</ele>
      </trkpt>
      <trkpt lat="42.040675" lon="13.740423">
        <ele>1211.17</ele>
      </trkpt>
      <trkpt lat="42.04052" lon="13.740529">
        <ele>1211.32</ele>
      </trkpt>
      <trkpt lat="42.040276" lon="13.740547">
        <ele>1212.58</ele>
      </trkpt>
      <trkpt lat="42.040067" lon="13.74052">
        <ele>1213.45</ele>
      </trkpt>
      <trkpt lat="42.039937" lon="13.740597">
        <ele>1213.52</ele>
      </trkpt>
      <trkpt lat="42.03982" lon="13.74073">
        <ele>1208.82</ele>
      </trkpt>
      <trkpt lat="42.039675" lon="13.740993">
        <ele>1200.19</ele>
      </trkpt>
      <trkpt lat="42.039387" lon="13.741518">
        <ele>1191.62</ele>
      </trkpt>
      <trkpt lat="42.039047" lon="13.742116">
        <ele>1188.11</ele>
      </trkpt>
      <trkpt lat="42.038708" lon="13.742713">
        <ele>1189.85</ele>
      </trkpt>
      <trkpt lat="42.038478" lon="13.742961">
        <ele>1189.24</ele>
      </trkpt>
      <trkpt lat="42.038256" lon="13.743088">
        <ele>1186.68</ele>
      </trkpt>
      <trkpt lat="42.037762" lon="13.743404">
        <ele>1184.7</ele>
      </trkpt>
      <trkpt lat="42.037019" lon="13.743878">
        <ele>1169.74</ele>
      </trkpt>
      <trkpt lat="42.036772" lon="13.744036">
        <ele>1168.2</ele>
      </trkpt>
      <trkpt lat="42.03603" lon="13.74451">
        <ele>1168.93</ele>
      </trkpt>
      <trkpt lat="42.035852" lon="13.744578">
        <ele>1169.09</ele>
      </trkpt>
      <trkpt lat="42.035721" lon="13.744587">
        <ele>1168.07</ele>
      </trkpt>
      <trkpt lat="42.035468" lon="13.744511">
        <ele>1164.31</ele>
      </trkpt>
      <trkpt lat="42.035302" lon="13.744502">
        <ele>1162.8</ele>
      </trkpt>
      <trkpt lat="42.035172" lon="13.744544">
        <ele>1162.76</ele>
      </trkpt>
      <trkpt lat="42.03492" lon="13.744714">
        <ele>1162.19</ele>
      </trkpt>
      <trkpt lat="42.034189" lon="13.745264">
        <ele>1158.53</ele>
      </trkpt>
      <trkpt lat="42.033882" lon="13.745527">
        <ele>1159.61</ele>
      </trkpt>
      <trkpt lat="42.033784" lon="13.745581">
        <ele>1159.34</ele>
      </trkpt>
      <trkpt lat="42.033698" lon="13.745594">
        <ele>1158.3</ele>
      </trkpt>
      <trkpt lat="42.033637" lon="13.745579">
        <ele>1156.85</ele>
      </trkpt>
      <trkpt lat="42.033551" lon="13.745515">
        <ele>1154.46</ele>
      </trkpt>
      <trkpt lat="42.033474" lon="13.745428">
        <ele>1151.87</ele>
      </trkpt>
      <trkpt lat="42.03344" lon="13.745341">
        <ele>1149.7</ele>
      </trkpt>
      <trkpt lat="42.033423" lon="13.745263">
        <ele>1148.64</ele>
      </trkpt>
      <trkpt lat="42.03345" lon="13.745113">
        <ele>1147.23</ele>
      </trkpt>
      <trkpt lat="42.033536" lon="13.744957">
        <ele>1145.64</ele>
      </trkpt>
      <trkpt lat="42.033682" lon="13.744747">
        <ele>1143.43</ele>
      </trkpt>
      <trkpt lat="42.03388" lon="13.744388">
        <ele>1140.72</ele>
      </trkpt>
      <trkpt lat="42.03422" lon="13.743686">
        <ele>1138.57</ele>
      </trkpt>
      <trkpt lat="42.034391" lon="13.743335">
        <ele>1134.31</ele>
      </trkpt>
      <trkpt lat="42.034544" lon="13.742976">
        <ele>1133.38</ele>
      </trkpt>
      <trkpt lat="42.034759" lon="13.742262">
        <ele>1135.81</ele>
      </trkpt>
      <trkpt lat="42.034974" lon="13.741548">
        <ele>1135.32</ele>
      </trkpt>
      <trkpt lat="42.035012" lon="13.74135">
        <ele>1132.38</ele>
      </trkpt>
      <trkpt lat="42.035011" lon="13.741156">
        <ele>1127.55</ele>
      </trkpt>
      <trkpt lat="42.034964" lon="13.740977">
        <ele>1122.75</ele>
      </trkpt>
      <trkpt lat="42.034845" lon="13.740717">
        <ele>1117.46</ele>
      </trkpt>
      <trkpt lat="42.034768" lon="13.740548">
        <ele>1116.58</ele>
      </trkpt>
      <trkpt lat="42.034276" lon="13.739474">
        <ele>1110.97</ele>
      </trkpt>
      <trkpt lat="42.034074" lon="13.739099">
        <ele>1109.34</ele>
      </trkpt>
      <trkpt lat="42.033663" lon="13.73854">
        <ele>1104.45</ele>
      </trkpt>
      <trkpt lat="42.033467" lon="13.738331">
        <ele>1102.78</ele>
      </trkpt>
      <trkpt lat="42.033272" lon="13.738185">
        <ele>1103.1</ele>
      </trkpt>
      <trkpt lat="42.033056" lon="13.738076">
        <ele>1101.72</ele>
      </trkpt>
      <trkpt lat="42.032733" lon="13.737966">
        <ele>1092.96</ele>
      </trkpt>
      <trkpt lat="42.032392" lon="13.737845">
        <ele>1091.83</ele>
      </trkpt>
    </trkseg>
  </trk>
</gpx>
