<?xml version="1.0"?>
<gpx version="1.1" creator="GDAL 1.7.3" xmlns:xsi="http://www.w3.org/2001/XMLSchema-instance" xmlns="http://www.topografix.com/GPX/1/1" xsi:schemaLocation="http://www.topografix.com/GPX/1/1 http://www.topografix.com/GPX/1/1/gpx.xsd">
<metadata><bounds minlat="43.785409999999999" minlon="11.253140999999999" maxlat="44.505786999999998" maxlon="11.348444000000001"/></metadata>                  
<trk>
  <name>La Via degli Dei: un trekking tra Bologna e Firenze</name>
  <trkseg>
    <trkpt lat="44.505786999999998" lon="11.343298000000001">
    </trkpt>
    <trkpt lat="44.505665000000000" lon="11.343265000000001">
    </trkpt>
    <trkpt lat="44.505665000000000" lon="11.343265000000001">
    </trkpt>
    <trkpt lat="44.505605000000003" lon="11.343705999999999">
    </trkpt>
    <trkpt lat="44.505142999999997" lon="11.343603999999999">
    </trkpt>
    <trkpt lat="44.505142999999997" lon="11.343603999999999">
    </trkpt>
    <trkpt lat="44.505031000000002" lon="11.343572000000000">
    </trkpt>
    <trkpt lat="44.505031000000002" lon="11.343572000000000">
    </trkpt>
    <trkpt lat="44.504998000000001" lon="11.343769999999999">
    </trkpt>
    <trkpt lat="44.504998000000001" lon="11.343769999999999">
    </trkpt>
    <trkpt lat="44.504725000000001" lon="11.343731999999999">
    </trkpt>
    <trkpt lat="44.504339000000002" lon="11.343684000000000">
    </trkpt>
    <trkpt lat="44.504112999999997" lon="11.343743000000000">
    </trkpt>
    <trkpt lat="44.504112999999997" lon="11.343743000000000">
    </trkpt>
    <trkpt lat="44.504108000000002" lon="11.343935999999999">
    </trkpt>
    <trkpt lat="44.504108000000002" lon="11.343935999999999">
    </trkpt>
    <trkpt lat="44.504053999999996" lon="11.344006000000000">
    </trkpt>
    <trkpt lat="44.504010999999998" lon="11.344291000000000">
    </trkpt>
    <trkpt lat="44.503968000000000" lon="11.344317000000000">
    </trkpt>
    <trkpt lat="44.503968000000000" lon="11.344317000000000">
    </trkpt>
    <trkpt lat="44.503844999999998" lon="11.344521000000000">
    </trkpt>
    <trkpt lat="44.503844999999998" lon="11.344521000000000">
    </trkpt>
    <trkpt lat="44.503549999999997" lon="11.344435000000001">
    </trkpt>
    <trkpt lat="44.503549999999997" lon="11.344435000000001">
    </trkpt>
    <trkpt lat="44.502890000000001" lon="11.344188000000001">
    </trkpt>
    <trkpt lat="44.502890000000001" lon="11.344188000000001">
    </trkpt>
    <trkpt lat="44.502004999999997" lon="11.343802000000000">
    </trkpt>
    <trkpt lat="44.501387999999999" lon="11.343527999999999">
    </trkpt>
    <trkpt lat="44.501387999999999" lon="11.343527999999999">
    </trkpt>
    <trkpt lat="44.500374000000001" lon="11.343051000000001">
    </trkpt>
    <trkpt lat="44.500374000000001" lon="11.343051000000001">
    </trkpt>
    <trkpt lat="44.500197000000000" lon="11.342971000000000">
    </trkpt>
    <trkpt lat="44.499060000000000" lon="11.342343000000000">
    </trkpt>
    <trkpt lat="44.498925999999997" lon="11.342283999999999">
    </trkpt>
    <trkpt lat="44.498840000000001" lon="11.342273000000000">
    </trkpt>
    <trkpt lat="44.498840000000001" lon="11.342273000000000">
    </trkpt>
    <trkpt lat="44.498604000000000" lon="11.342214999999999">
    </trkpt>
    <trkpt lat="44.498604000000000" lon="11.342214999999999">
    </trkpt>
    <trkpt lat="44.498153000000002" lon="11.342086000000000">
    </trkpt>
    <trkpt lat="44.497745999999999" lon="11.341951000000000">
    </trkpt>
    <trkpt lat="44.497134000000003" lon="11.341748000000001">
    </trkpt>
    <trkpt lat="44.496586999999998" lon="11.341640000000000">
    </trkpt>
    <trkpt lat="44.496586999999998" lon="11.341640000000000">
    </trkpt>
    <trkpt lat="44.496496000000000" lon="11.341657000000000">
    </trkpt>
    <trkpt lat="44.495990999999997" lon="11.341453000000000">
    </trkpt>
    <trkpt lat="44.495981000000000" lon="11.341222000000000">
    </trkpt>
    <trkpt lat="44.495814000000003" lon="11.341136000000001">
    </trkpt>
    <trkpt lat="44.495696000000002" lon="11.341136000000001">
    </trkpt>
    <trkpt lat="44.495696000000002" lon="11.341136000000001">
    </trkpt>
    <trkpt lat="44.495310000000003" lon="11.341108999999999">
    </trkpt>
    <trkpt lat="44.495139000000002" lon="11.341023000000000">
    </trkpt>
    <trkpt lat="44.495139000000002" lon="11.341023000000000">
    </trkpt>
    <trkpt lat="44.494869999999999" lon="11.340954000000000">
    </trkpt>
    <trkpt lat="44.494602000000000" lon="11.340900000000000">
    </trkpt>
    <trkpt lat="44.494338999999997" lon="11.340846000000001">
    </trkpt>
    <trkpt lat="44.494338999999997" lon="11.340846000000001">
    </trkpt>
    <trkpt lat="44.493910000000000" lon="11.340787000000001">
    </trkpt>
    <trkpt lat="44.493910000000000" lon="11.340787000000001">
    </trkpt>
    <trkpt lat="44.493823999999996" lon="11.340980999999999">
    </trkpt>
    <trkpt lat="44.493823999999996" lon="11.340980999999999">
    </trkpt>
    <trkpt lat="44.493507999999999" lon="11.340906000000000">
    </trkpt>
    <trkpt lat="44.493265999999998" lon="11.340830000000000">
    </trkpt>
    <trkpt lat="44.493265999999998" lon="11.340830000000000">
    </trkpt>
    <trkpt lat="44.493110999999999" lon="11.340787000000001">
    </trkpt>
    <trkpt lat="44.493051999999999" lon="11.340771000000000">
    </trkpt>
    <trkpt lat="44.492682000000002" lon="11.340642000000001">
    </trkpt>
    <trkpt lat="44.492682000000002" lon="11.340642000000001">
    </trkpt>
    <trkpt lat="44.492691999999998" lon="11.340439000000000">
    </trkpt>
    <trkpt lat="44.492691999999998" lon="11.340439000000000">
    </trkpt>
    <trkpt lat="44.491951999999998" lon="11.340176000000000">
    </trkpt>
    <trkpt lat="44.491833999999997" lon="11.340111000000000">
    </trkpt>
    <trkpt lat="44.491833999999997" lon="11.340111000000000">
    </trkpt>
    <trkpt lat="44.491356000000003" lon="11.339929000000000">
    </trkpt>
    <trkpt lat="44.491356000000003" lon="11.339929000000000">
    </trkpt>
    <trkpt lat="44.491394000000000" lon="11.339793000000000">
    </trkpt>
    <trkpt lat="44.491394000000000" lon="11.339793000000000">
    </trkpt>
    <trkpt lat="44.491366999999997" lon="11.339779000000000">
    </trkpt>
    <trkpt lat="44.491366999999997" lon="11.339779000000000">
    </trkpt>
    <trkpt lat="44.491394000000000" lon="11.339793000000000">
    </trkpt>
    <trkpt lat="44.491394000000000" lon="11.339793000000000">
    </trkpt>
    <trkpt lat="44.491356000000003" lon="11.339929000000000">
    </trkpt>
    <trkpt lat="44.491356000000003" lon="11.339929000000000">
    </trkpt>
    <trkpt lat="44.491298000000000" lon="11.339752000000001">
    </trkpt>
    <trkpt lat="44.490932999999998" lon="11.339409000000000">
    </trkpt>
    <trkpt lat="44.490932999999998" lon="11.339409000000000">
    </trkpt>
    <trkpt lat="44.490910999999997" lon="11.338910000000000">
    </trkpt>
    <trkpt lat="44.490853000000001" lon="11.338566999999999">
    </trkpt>
    <trkpt lat="44.490530000000000" lon="11.338018999999999">
    </trkpt>
    <trkpt lat="44.490321000000002" lon="11.337751000000001">
    </trkpt>
    <trkpt lat="44.490321000000002" lon="11.337751000000001">
    </trkpt>
    <trkpt lat="44.490352999999999" lon="11.337306000000000">
    </trkpt>
    <trkpt lat="44.490343000000003" lon="11.337021000000000">
    </trkpt>
    <trkpt lat="44.490273000000002" lon="11.336136000000000">
    </trkpt>
    <trkpt lat="44.490186999999999" lon="11.335519000000000">
    </trkpt>
    <trkpt lat="44.490057999999998" lon="11.334457000000000">
    </trkpt>
    <trkpt lat="44.490057999999998" lon="11.334457000000000">
    </trkpt>
    <trkpt lat="44.490026000000000" lon="11.334071000000000">
    </trkpt>
    <trkpt lat="44.490026000000000" lon="11.334071000000000">
    </trkpt>
    <trkpt lat="44.489998999999997" lon="11.333250000000000">
    </trkpt>
    <trkpt lat="44.490068999999998" lon="11.332290000000000">
    </trkpt>
    <trkpt lat="44.490347999999997" lon="11.330793999999999">
    </trkpt>
    <trkpt lat="44.490347999999997" lon="11.330793999999999">
    </trkpt>
    <trkpt lat="44.490439000000002" lon="11.330348000000001">
    </trkpt>
    <trkpt lat="44.490487999999999" lon="11.329677999999999">
    </trkpt>
    <trkpt lat="44.490487999999999" lon="11.329677999999999">
    </trkpt>
    <trkpt lat="44.490465999999998" lon="11.329478999999999">
    </trkpt>
    <trkpt lat="44.490465999999998" lon="11.329478999999999">
    </trkpt>
    <trkpt lat="44.490465999999998" lon="11.329478999999999">
    </trkpt>
    <trkpt lat="44.490465999999998" lon="11.329478999999999">
    </trkpt>
    <trkpt lat="44.490465999999998" lon="11.329478999999999">
    </trkpt>
    <trkpt lat="44.490465999999998" lon="11.329478999999999">
    </trkpt>
    <trkpt lat="44.490465999999998" lon="11.329478999999999">
    </trkpt>
    <trkpt lat="44.490465999999998" lon="11.329478999999999">
    </trkpt>
    <trkpt lat="44.490465999999998" lon="11.329478999999999">
    </trkpt>
    <trkpt lat="44.490465999999998" lon="11.329478999999999">
    </trkpt>
    <trkpt lat="44.490465999999998" lon="11.329478999999999">
    </trkpt>
    <trkpt lat="44.490434000000000" lon="11.328889000000000">
    </trkpt>
    <trkpt lat="44.490434000000000" lon="11.328889000000000">
    </trkpt>
    <trkpt lat="44.490380000000002" lon="11.327602000000001">
    </trkpt>
    <trkpt lat="44.490375000000000" lon="11.327537000000000">
    </trkpt>
    <trkpt lat="44.490332000000002" lon="11.326674000000001">
    </trkpt>
    <trkpt lat="44.490288999999997" lon="11.326093999999999">
    </trkpt>
    <trkpt lat="44.490288999999997" lon="11.326093999999999">
    </trkpt>
    <trkpt lat="44.490214000000002" lon="11.324453000000000">
    </trkpt>
    <trkpt lat="44.490214000000002" lon="11.324453000000000">
    </trkpt>
    <trkpt lat="44.490160000000003" lon="11.323498000000001">
    </trkpt>
    <trkpt lat="44.490042000000003" lon="11.322832999999999">
    </trkpt>
    <trkpt lat="44.489897999999997" lon="11.322200000000000">
    </trkpt>
    <trkpt lat="44.489623999999999" lon="11.320961000000000">
    </trkpt>
    <trkpt lat="44.489548999999997" lon="11.320579000000000">
    </trkpt>
    <trkpt lat="44.489387999999998" lon="11.319963000000000">
    </trkpt>
    <trkpt lat="44.488846000000002" lon="11.317860000000000">
    </trkpt>
    <trkpt lat="44.488846000000002" lon="11.317860000000000">
    </trkpt>
    <trkpt lat="44.488813999999998" lon="11.317081999999999">
    </trkpt>
    <trkpt lat="44.488809000000003" lon="11.316546000000001">
    </trkpt>
    <trkpt lat="44.488861999999997" lon="11.316363000000001">
    </trkpt>
    <trkpt lat="44.489195000000002" lon="11.315709000000000">
    </trkpt>
    <trkpt lat="44.489263999999999" lon="11.315569000000000">
    </trkpt>
    <trkpt lat="44.489457999999999" lon="11.315199000000000">
    </trkpt>
    <trkpt lat="44.489677000000000" lon="11.314781000000000">
    </trkpt>
    <trkpt lat="44.489913999999999" lon="11.314318999999999">
    </trkpt>
    <trkpt lat="44.489978000000001" lon="11.314137000000001">
    </trkpt>
    <trkpt lat="44.489998999999997" lon="11.313155000000000">
    </trkpt>
    <trkpt lat="44.490020999999999" lon="11.312260000000000">
    </trkpt>
    <trkpt lat="44.490112000000003" lon="11.311802999999999">
    </trkpt>
    <trkpt lat="44.490116999999998" lon="11.311643000000000">
    </trkpt>
    <trkpt lat="44.490122999999997" lon="11.311567999999999">
    </trkpt>
    <trkpt lat="44.490127999999999" lon="11.311503000000000">
    </trkpt>
    <trkpt lat="44.490127999999999" lon="11.311503000000000">
    </trkpt>
    <trkpt lat="44.490135000000002" lon="11.311374000000001">
    </trkpt>
    <trkpt lat="44.490135000000002" lon="11.311374000000001">
    </trkpt>
    <trkpt lat="44.490079999999999" lon="11.311368999999999">
    </trkpt>
    <trkpt lat="44.490079999999999" lon="11.311368999999999">
    </trkpt>
    <trkpt lat="44.490135000000002" lon="11.311374000000001">
    </trkpt>
    <trkpt lat="44.490135000000002" lon="11.311374000000001">
    </trkpt>
    <trkpt lat="44.490138999999999" lon="11.311289000000000">
    </trkpt>
    <trkpt lat="44.490138999999999" lon="11.311289000000000">
    </trkpt>
    <trkpt lat="44.490203000000001" lon="11.310870000000000">
    </trkpt>
    <trkpt lat="44.490203000000001" lon="11.310870000000000">
    </trkpt>
    <trkpt lat="44.489795999999998" lon="11.309716999999999">
    </trkpt>
    <trkpt lat="44.489612999999999" lon="11.309309000000001">
    </trkpt>
    <trkpt lat="44.489544000000002" lon="11.309227999999999">
    </trkpt>
    <trkpt lat="44.488728000000002" lon="11.308617000000000">
    </trkpt>
    <trkpt lat="44.488577999999997" lon="11.308462000000000">
    </trkpt>
    <trkpt lat="44.487434999999998" lon="11.304674000000000">
    </trkpt>
    <trkpt lat="44.487420000000000" lon="11.304652000000001">
    </trkpt>
    <trkpt lat="44.487420000000000" lon="11.304652000000001">
    </trkpt>
    <trkpt lat="44.487420000000000" lon="11.304652000000001">
    </trkpt>
    <trkpt lat="44.487420000000000" lon="11.304652000000001">
    </trkpt>
    <trkpt lat="44.487420000000000" lon="11.304652000000001">
    </trkpt>
    <trkpt lat="44.487420000000000" lon="11.304652000000001">
    </trkpt>
    <trkpt lat="44.485574000000000" lon="11.302008000000001">
    </trkpt>
    <trkpt lat="44.485574000000000" lon="11.302008000000001">
    </trkpt>
    <trkpt lat="44.485574000000000" lon="11.302008000000001">
    </trkpt>
    <trkpt lat="44.485514999999999" lon="11.302023999999999">
    </trkpt>
    <trkpt lat="44.484693000000000" lon="11.302190000000000">
    </trkpt>
    <trkpt lat="44.485160999999998" lon="11.302099000000000">
    </trkpt>
    <trkpt lat="44.485021000000003" lon="11.302087999999999">
    </trkpt>
    <trkpt lat="44.482585999999998" lon="11.302845000000000">
    </trkpt>
    <trkpt lat="44.482467999999997" lon="11.302818000000000">
    </trkpt>
    <trkpt lat="44.482393000000002" lon="11.302747999999999">
    </trkpt>
    <trkpt lat="44.481701000000001" lon="11.301879000000000">
    </trkpt>
    <trkpt lat="44.481636000000002" lon="11.301627000000000">
    </trkpt>
    <trkpt lat="44.480086000000000" lon="11.299776000000000">
    </trkpt>
    <trkpt lat="44.479705000000003" lon="11.298495000000001">
    </trkpt>
    <trkpt lat="44.479683999999999" lon="11.298204000000000">
    </trkpt>
    <trkpt lat="44.479418000000003" lon="11.297985000000001">
    </trkpt>
    <trkpt lat="44.479103000000002" lon="11.297608000000000">
    </trkpt>
    <trkpt lat="44.479289000000001" lon="11.297060999999999">
    </trkpt>
    <trkpt lat="44.479416000000001" lon="11.296659999999999">
    </trkpt>
    <trkpt lat="44.479416000000001" lon="11.296659999999999">
    </trkpt>
    <trkpt lat="44.479410000000001" lon="11.296208999999999">
    </trkpt>
    <trkpt lat="44.479340000000001" lon="11.295887000000000">
    </trkpt>
    <trkpt lat="44.479340000000001" lon="11.295887000000000">
    </trkpt>
    <trkpt lat="44.479168999999999" lon="11.295458000000000">
    </trkpt>
    <trkpt lat="44.478847000000002" lon="11.294943000000000">
    </trkpt>
    <trkpt lat="44.478557000000002" lon="11.294734000000000">
    </trkpt>
    <trkpt lat="44.478304999999999" lon="11.294616000000000">
    </trkpt>
    <trkpt lat="44.478304999999999" lon="11.294616000000000">
    </trkpt>
    <trkpt lat="44.477972000000001" lon="11.294562000000001">
    </trkpt>
    <trkpt lat="44.477516000000001" lon="11.294594000000000">
    </trkpt>
    <trkpt lat="44.477130000000002" lon="11.294756000000000">
    </trkpt>
    <trkpt lat="44.476959000000001" lon="11.294782000000000">
    </trkpt>
    <trkpt lat="44.476207000000002" lon="11.294637000000000">
    </trkpt>
    <trkpt lat="44.476052000000003" lon="11.294454999999999">
    </trkpt>
    <trkpt lat="44.475886000000003" lon="11.294058000000000">
    </trkpt>
    <trkpt lat="44.475493999999998" lon="11.293554000000000">
    </trkpt>
    <trkpt lat="44.475493999999998" lon="11.293554000000000">
    </trkpt>
    <trkpt lat="44.475129000000003" lon="11.293167000000000">
    </trkpt>
    <trkpt lat="44.475065000000001" lon="11.292968999999999">
    </trkpt>
    <trkpt lat="44.475102000000000" lon="11.292486000000000">
    </trkpt>
    <trkpt lat="44.475606999999997" lon="11.291472000000001">
    </trkpt>
    <trkpt lat="44.475886000000003" lon="11.291283999999999">
    </trkpt>
    <trkpt lat="44.476298999999997" lon="11.291140000000000">
    </trkpt>
    <trkpt lat="44.476449000000002" lon="11.291022000000000">
    </trkpt>
    <trkpt lat="44.476765000000000" lon="11.290877000000000">
    </trkpt>
    <trkpt lat="44.476953000000002" lon="11.290694000000000">
    </trkpt>
    <trkpt lat="44.476979999999998" lon="11.290604000000000">
    </trkpt>
    <trkpt lat="44.476979999999998" lon="11.290604000000000">
    </trkpt>
    <trkpt lat="44.476979999999998" lon="11.290604000000000">
    </trkpt>
    <trkpt lat="44.476979999999998" lon="11.290604000000000">
    </trkpt>
    <trkpt lat="44.476979999999998" lon="11.290604000000000">
    </trkpt>
    <trkpt lat="44.476979999999998" lon="11.290604000000000">
    </trkpt>
    <trkpt lat="44.476996000000000" lon="11.290550000000000">
    </trkpt>
    <trkpt lat="44.477125000000001" lon="11.289761000000000">
    </trkpt>
    <trkpt lat="44.477167999999999" lon="11.289203000000001">
    </trkpt>
    <trkpt lat="44.477173000000001" lon="11.289026000000000">
    </trkpt>
    <trkpt lat="44.477043999999999" lon="11.288425000000000">
    </trkpt>
    <trkpt lat="44.477049999999998" lon="11.287926000000001">
    </trkpt>
    <trkpt lat="44.476990999999998" lon="11.287717000000001">
    </trkpt>
    <trkpt lat="44.476336000000003" lon="11.287095000000001">
    </trkpt>
    <trkpt lat="44.475821000000003" lon="11.286725000000001">
    </trkpt>
    <trkpt lat="44.476802999999997" lon="11.286638999999999">
    </trkpt>
    <trkpt lat="44.476872999999998" lon="11.286510000000000">
    </trkpt>
    <trkpt lat="44.476916000000003" lon="11.286085999999999">
    </trkpt>
    <trkpt lat="44.476916000000003" lon="11.286085999999999">
    </trkpt>
    <trkpt lat="44.477055000000000" lon="11.284997000000001">
    </trkpt>
    <trkpt lat="44.477055000000000" lon="11.284997000000001">
    </trkpt>
    <trkpt lat="44.476267000000000" lon="11.285152999999999">
    </trkpt>
    <trkpt lat="44.475718999999998" lon="11.285212000000000">
    </trkpt>
    <trkpt lat="44.475237000000000" lon="11.285050999999999">
    </trkpt>
    <trkpt lat="44.474806999999998" lon="11.285174000000000">
    </trkpt>
    <trkpt lat="44.474496000000002" lon="11.285195999999999">
    </trkpt>
    <trkpt lat="44.474496000000002" lon="11.285195999999999">
    </trkpt>
    <trkpt lat="44.474077999999999" lon="11.284568000000000">
    </trkpt>
    <trkpt lat="44.473804000000001" lon="11.284058999999999">
    </trkpt>
    <trkpt lat="44.473390999999999" lon="11.283474000000000">
    </trkpt>
    <trkpt lat="44.473348000000001" lon="11.283351000000000">
    </trkpt>
    <trkpt lat="44.473497999999999" lon="11.282653000000000">
    </trkpt>
    <trkpt lat="44.473605999999997" lon="11.282498000000000">
    </trkpt>
    <trkpt lat="44.473605999999997" lon="11.282498000000000">
    </trkpt>
    <trkpt lat="44.473542000000002" lon="11.282432999999999">
    </trkpt>
    <trkpt lat="44.473497999999999" lon="11.282470999999999">
    </trkpt>
    <trkpt lat="44.473337000000001" lon="11.282728000000001">
    </trkpt>
    <trkpt lat="44.473154999999998" lon="11.282927000000001">
    </trkpt>
    <trkpt lat="44.472307999999998" lon="11.283378000000001">
    </trkpt>
    <trkpt lat="44.471845999999999" lon="11.283554000000001">
    </trkpt>
    <trkpt lat="44.471615999999997" lon="11.283737000000000">
    </trkpt>
    <trkpt lat="44.471094999999998" lon="11.283935000000000">
    </trkpt>
    <trkpt lat="44.470280000000002" lon="11.284020999999999">
    </trkpt>
    <trkpt lat="44.470249000000003" lon="11.283996999999999">
    </trkpt>
    <trkpt lat="44.470249000000003" lon="11.283996999999999">
    </trkpt>
    <trkpt lat="44.470250000000000" lon="11.283996999999999">
    </trkpt>
    <trkpt lat="44.470250000000000" lon="11.283996999999999">
    </trkpt>
    <trkpt lat="44.470249000000003" lon="11.283996999999999">
    </trkpt>
    <trkpt lat="44.470249000000003" lon="11.283996999999999">
    </trkpt>
    <trkpt lat="44.469893999999996" lon="11.283715000000001">
    </trkpt>
    <trkpt lat="44.469684000000001" lon="11.283699000000000">
    </trkpt>
    <trkpt lat="44.468601000000000" lon="11.283887000000000">
    </trkpt>
    <trkpt lat="44.467995000000002" lon="11.284084999999999">
    </trkpt>
    <trkpt lat="44.466900000000003" lon="11.284369999999999">
    </trkpt>
    <trkpt lat="44.466116999999997" lon="11.284794000000000">
    </trkpt>
    <trkpt lat="44.465811000000002" lon="11.285019000000000">
    </trkpt>
    <trkpt lat="44.465259000000003" lon="11.285437999999999">
    </trkpt>
    <trkpt lat="44.464207999999999" lon="11.286037000000000">
    </trkpt>
    <trkpt lat="44.463414000000000" lon="11.286403000000000">
    </trkpt>
    <trkpt lat="44.463129000000002" lon="11.286462000000000">
    </trkpt>
    <trkpt lat="44.462919999999997" lon="11.286607000000000">
    </trkpt>
    <trkpt lat="44.462651000000001" lon="11.286902000000000">
    </trkpt>
    <trkpt lat="44.462361999999999" lon="11.287079000000000">
    </trkpt>
    <trkpt lat="44.461536000000002" lon="11.287326000000000">
    </trkpt>
    <trkpt lat="44.461193000000002" lon="11.287760000000000">
    </trkpt>
    <trkpt lat="44.460962000000002" lon="11.287910000000000">
    </trkpt>
    <trkpt lat="44.460790000000003" lon="11.288087000000001">
    </trkpt>
    <trkpt lat="44.460693999999997" lon="11.288366000000000">
    </trkpt>
    <trkpt lat="44.460639999999998" lon="11.288451999999999">
    </trkpt>
    <trkpt lat="44.460467999999999" lon="11.288409000000000">
    </trkpt>
    <trkpt lat="44.460231999999998" lon="11.288436000000001">
    </trkpt>
    <trkpt lat="44.459829999999997" lon="11.288356000000000">
    </trkpt>
    <trkpt lat="44.459201999999998" lon="11.288119999999999">
    </trkpt>
    <trkpt lat="44.458682000000003" lon="11.287830000000000">
    </trkpt>
    <trkpt lat="44.458472999999998" lon="11.287915999999999">
    </trkpt>
    <trkpt lat="44.458450999999997" lon="11.287723000000000">
    </trkpt>
    <trkpt lat="44.458376000000001" lon="11.287648000000001">
    </trkpt>
    <trkpt lat="44.457196000000003" lon="11.287008999999999">
    </trkpt>
    <trkpt lat="44.456729000000003" lon="11.286811000000000">
    </trkpt>
    <trkpt lat="44.456283999999997" lon="11.286457000000000">
    </trkpt>
    <trkpt lat="44.456181999999998" lon="11.286306000000000">
    </trkpt>
    <trkpt lat="44.455871000000002" lon="11.286092000000000">
    </trkpt>
    <trkpt lat="44.455624000000000" lon="11.285833999999999">
    </trkpt>
    <trkpt lat="44.455474000000002" lon="11.285765000000000">
    </trkpt>
    <trkpt lat="44.455195000000003" lon="11.285684000000000">
    </trkpt>
    <trkpt lat="44.454416999999999" lon="11.285641000000000">
    </trkpt>
    <trkpt lat="44.453195000000001" lon="11.285601000000000">
    </trkpt>
    <trkpt lat="44.452620000000003" lon="11.285341000000001">
    </trkpt>
    <trkpt lat="44.452222999999996" lon="11.285469000000001">
    </trkpt>
    <trkpt lat="44.451358999999997" lon="11.285469000000001">
    </trkpt>
    <trkpt lat="44.450716000000000" lon="11.285523000000000">
    </trkpt>
    <trkpt lat="44.450716000000000" lon="11.285523000000000">
    </trkpt>
    <trkpt lat="44.450716000000000" lon="11.285523000000000">
    </trkpt>
    <trkpt lat="44.450678000000003" lon="11.285496000000000">
    </trkpt>
    <trkpt lat="44.450678000000003" lon="11.285496000000000">
    </trkpt>
    <trkpt lat="44.450521999999999" lon="11.285148000000000">
    </trkpt>
    <trkpt lat="44.450462000000002" lon="11.285098000000000">
    </trkpt>
    <trkpt lat="44.450462000000002" lon="11.285098000000000">
    </trkpt>
    <trkpt lat="44.450462000000002" lon="11.285098000000000">
    </trkpt>
    <trkpt lat="44.450462000000002" lon="11.285098000000000">
    </trkpt>
    <trkpt lat="44.450462000000002" lon="11.285098000000000">
    </trkpt>
    <trkpt lat="44.450462000000002" lon="11.285098000000000">
    </trkpt>
    <trkpt lat="44.450437000000001" lon="11.285078000000000">
    </trkpt>
    <trkpt lat="44.450324000000002" lon="11.285094000000001">
    </trkpt>
    <trkpt lat="44.449632000000001" lon="11.285325000000000">
    </trkpt>
    <trkpt lat="44.449482000000003" lon="11.285458999999999">
    </trkpt>
    <trkpt lat="44.449218999999999" lon="11.285587000000000">
    </trkpt>
    <trkpt lat="44.448720000000002" lon="11.286000000000000">
    </trkpt>
    <trkpt lat="44.448521999999997" lon="11.286033000000000">
    </trkpt>
    <trkpt lat="44.447775999999998" lon="11.286006000000000">
    </trkpt>
    <trkpt lat="44.447583000000002" lon="11.285990000000000">
    </trkpt>
    <trkpt lat="44.447223999999999" lon="11.285882000000001">
    </trkpt>
    <trkpt lat="44.446510000000004" lon="11.286182999999999">
    </trkpt>
    <trkpt lat="44.446145000000001" lon="11.286253000000000">
    </trkpt>
    <trkpt lat="44.446058999999998" lon="11.286199000000000">
    </trkpt>
    <trkpt lat="44.445995000000003" lon="11.285920000000001">
    </trkpt>
    <trkpt lat="44.445914999999999" lon="11.285856000000001">
    </trkpt>
    <trkpt lat="44.445726999999998" lon="11.285850999999999">
    </trkpt>
    <trkpt lat="44.444858000000004" lon="11.286000000000000">
    </trkpt>
    <trkpt lat="44.443013000000001" lon="11.285876999999999">
    </trkpt>
    <trkpt lat="44.442739000000003" lon="11.285748000000000">
    </trkpt>
    <trkpt lat="44.442497000000003" lon="11.285738000000000">
    </trkpt>
    <trkpt lat="44.442287999999998" lon="11.285807000000000">
    </trkpt>
    <trkpt lat="44.441901999999999" lon="11.286085999999999">
    </trkpt>
    <trkpt lat="44.441654999999997" lon="11.286199000000000">
    </trkpt>
    <trkpt lat="44.441305999999997" lon="11.286172000000001">
    </trkpt>
    <trkpt lat="44.440148000000001" lon="11.286231000000001">
    </trkpt>
    <trkpt lat="44.439708000000003" lon="11.286322000000000">
    </trkpt>
    <trkpt lat="44.439310999999996" lon="11.286306000000000">
    </trkpt>
    <trkpt lat="44.438639999999999" lon="11.286103000000001">
    </trkpt>
    <trkpt lat="44.437798000000001" lon="11.285942000000000">
    </trkpt>
    <trkpt lat="44.437089999999998" lon="11.285926000000000">
    </trkpt>
    <trkpt lat="44.435051999999999" lon="11.286092000000000">
    </trkpt>
    <trkpt lat="44.434697000000000" lon="11.285974000000000">
    </trkpt>
    <trkpt lat="44.434483000000000" lon="11.285958000000001">
    </trkpt>
    <trkpt lat="44.434483000000000" lon="11.285958000000001">
    </trkpt>
    <trkpt lat="44.434263000000001" lon="11.285963000000001">
    </trkpt>
    <trkpt lat="44.434106999999997" lon="11.285920000000001">
    </trkpt>
    <trkpt lat="44.433196000000002" lon="11.285572000000000">
    </trkpt>
    <trkpt lat="44.432884000000001" lon="11.285561000000000">
    </trkpt>
    <trkpt lat="44.432482000000000" lon="11.285625000000000">
    </trkpt>
    <trkpt lat="44.431860000000000" lon="11.285561000000000">
    </trkpt>
    <trkpt lat="44.431736000000001" lon="11.285598000000000">
    </trkpt>
    <trkpt lat="44.431398999999999" lon="11.285990000000000">
    </trkpt>
    <trkpt lat="44.431097999999999" lon="11.286204000000000">
    </trkpt>
    <trkpt lat="44.430669000000002" lon="11.286312000000001">
    </trkpt>
    <trkpt lat="44.430546000000000" lon="11.286269000000001">
    </trkpt>
    <trkpt lat="44.430416999999998" lon="11.286156000000000">
    </trkpt>
    <trkpt lat="44.430169999999997" lon="11.285850999999999">
    </trkpt>
    <trkpt lat="44.429499999999997" lon="11.285845000000000">
    </trkpt>
    <trkpt lat="44.429080999999996" lon="11.285518000000000">
    </trkpt>
    <trkpt lat="44.428786000000002" lon="11.285582000000000">
    </trkpt>
    <trkpt lat="44.427728999999999" lon="11.285572000000000">
    </trkpt>
    <trkpt lat="44.426844000000003" lon="11.285662000000000">
    </trkpt>
    <trkpt lat="44.426693999999998" lon="11.285710999999999">
    </trkpt>
    <trkpt lat="44.426634999999997" lon="11.285754000000001">
    </trkpt>
    <trkpt lat="44.426613000000003" lon="11.285829000000000">
    </trkpt>
    <trkpt lat="44.426678000000003" lon="11.286961000000000">
    </trkpt>
    <trkpt lat="44.426634999999997" lon="11.287115999999999">
    </trkpt>
    <trkpt lat="44.425989999999999" lon="11.287093000000000">
    </trkpt>
    <trkpt lat="44.425443999999999" lon="11.287020000000000">
    </trkpt>
    <trkpt lat="44.424923999999997" lon="11.286801000000001">
    </trkpt>
    <trkpt lat="44.424126000000001" lon="11.286056000000000">
    </trkpt>
    <trkpt lat="44.423400999999998" lon="11.285367000000001">
    </trkpt>
    <trkpt lat="44.422753999999998" lon="11.285404000000000">
    </trkpt>
    <trkpt lat="44.421408000000000" lon="11.284860000000000">
    </trkpt>
    <trkpt lat="44.420358999999998" lon="11.284322000000000">
    </trkpt>
    <trkpt lat="44.419527000000002" lon="11.283875999999999">
    </trkpt>
    <trkpt lat="44.419269999999997" lon="11.283699000000000">
    </trkpt>
    <trkpt lat="44.419119000000002" lon="11.283500999999999">
    </trkpt>
    <trkpt lat="44.418315000000000" lon="11.282042000000001">
    </trkpt>
    <trkpt lat="44.417762000000003" lon="11.281810999999999">
    </trkpt>
    <trkpt lat="44.417622999999999" lon="11.281713999999999">
    </trkpt>
    <trkpt lat="44.417285000000000" lon="11.280657000000000">
    </trkpt>
    <trkpt lat="44.417285000000000" lon="11.280657000000000">
    </trkpt>
    <trkpt lat="44.417214999999999" lon="11.280469999999999">
    </trkpt>
    <trkpt lat="44.417214999999999" lon="11.280469999999999">
    </trkpt>
    <trkpt lat="44.416967999999997" lon="11.279998000000001">
    </trkpt>
    <trkpt lat="44.416952000000002" lon="11.279998000000001">
    </trkpt>
    <trkpt lat="44.416967999999997" lon="11.279998000000001">
    </trkpt>
    <trkpt lat="44.416780000000003" lon="11.279730000000001">
    </trkpt>
    <trkpt lat="44.416302999999999" lon="11.279241000000001">
    </trkpt>
    <trkpt lat="44.415171000000001" lon="11.278544000000000">
    </trkpt>
    <trkpt lat="44.415171000000001" lon="11.278544000000000">
    </trkpt>
    <trkpt lat="44.412697999999999" lon="11.276173000000000">
    </trkpt>
    <trkpt lat="44.412697999999999" lon="11.276173000000000">
    </trkpt>
    <trkpt lat="44.411990000000003" lon="11.275572000000000">
    </trkpt>
    <trkpt lat="44.411920000000002" lon="11.275433000000000">
    </trkpt>
    <trkpt lat="44.411920000000002" lon="11.275433000000000">
    </trkpt>
    <trkpt lat="44.411931000000003" lon="11.275320000000001">
    </trkpt>
    <trkpt lat="44.412354999999998" lon="11.274091000000000">
    </trkpt>
    <trkpt lat="44.412354999999998" lon="11.274091000000000">
    </trkpt>
    <trkpt lat="44.412354999999998" lon="11.274091000000000">
    </trkpt>
    <trkpt lat="44.412354999999998" lon="11.274091000000000">
    </trkpt>
    <trkpt lat="44.412354999999998" lon="11.274091000000000">
    </trkpt>
    <trkpt lat="44.412354999999998" lon="11.274091000000000">
    </trkpt>
    <trkpt lat="44.412354999999998" lon="11.274091000000000">
    </trkpt>
    <trkpt lat="44.412354999999998" lon="11.274091000000000">
    </trkpt>
    <trkpt lat="44.412354999999998" lon="11.274091000000000">
    </trkpt>
    <trkpt lat="44.412354999999998" lon="11.274091000000000">
    </trkpt>
    <trkpt lat="44.410896000000001" lon="11.273930999999999">
    </trkpt>
    <trkpt lat="44.410896000000001" lon="11.273930999999999">
    </trkpt>
    <trkpt lat="44.410048000000003" lon="11.273877000000001">
    </trkpt>
    <trkpt lat="44.409930000000003" lon="11.273963000000000">
    </trkpt>
    <trkpt lat="44.409930000000003" lon="11.273963000000000">
    </trkpt>
    <trkpt lat="44.409297000000002" lon="11.274773000000000">
    </trkpt>
    <trkpt lat="44.409077000000003" lon="11.275315000000001">
    </trkpt>
    <trkpt lat="44.409077000000003" lon="11.275315000000001">
    </trkpt>
    <trkpt lat="44.408954000000001" lon="11.275637000000000">
    </trkpt>
    <trkpt lat="44.408867999999998" lon="11.275739000000000">
    </trkpt>
    <trkpt lat="44.408679999999997" lon="11.275722000000000">
    </trkpt>
    <trkpt lat="44.408079999999998" lon="11.275539999999999">
    </trkpt>
    <trkpt lat="44.408079999999998" lon="11.275539999999999">
    </trkpt>
    <trkpt lat="44.407843000000000" lon="11.275546000000000">
    </trkpt>
    <trkpt lat="44.407097999999998" lon="11.275378999999999">
    </trkpt>
    <trkpt lat="44.406674000000002" lon="11.275378999999999">
    </trkpt>
    <trkpt lat="44.406410999999999" lon="11.275143000000000">
    </trkpt>
    <trkpt lat="44.406325000000002" lon="11.275105000000000">
    </trkpt>
    <trkpt lat="44.405869000000003" lon="11.275233999999999">
    </trkpt>
    <trkpt lat="44.405648999999997" lon="11.275223000000000">
    </trkpt>
    <trkpt lat="44.405520000000003" lon="11.275100000000000">
    </trkpt>
    <trkpt lat="44.405253000000002" lon="11.274424000000000">
    </trkpt>
    <trkpt lat="44.404995000000000" lon="11.274108000000000">
    </trkpt>
    <trkpt lat="44.404995000000000" lon="11.274108000000000">
    </trkpt>
    <trkpt lat="44.404625000000003" lon="11.273550000000000">
    </trkpt>
    <trkpt lat="44.404480000000000" lon="11.273426000000001">
    </trkpt>
    <trkpt lat="44.404383000000003" lon="11.273399000000000">
    </trkpt>
    <trkpt lat="44.404035000000000" lon="11.273415999999999">
    </trkpt>
    <trkpt lat="44.403675000000000" lon="11.273738000000000">
    </trkpt>
    <trkpt lat="44.403337000000001" lon="11.273732000000001">
    </trkpt>
    <trkpt lat="44.403370000000002" lon="11.273603000000000">
    </trkpt>
    <trkpt lat="44.403294000000002" lon="11.273250000000001">
    </trkpt>
    <trkpt lat="44.403261999999998" lon="11.273201000000000">
    </trkpt>
    <trkpt lat="44.403198000000003" lon="11.273206000000000">
    </trkpt>
    <trkpt lat="44.403198000000003" lon="11.273206000000000">
    </trkpt>
    <trkpt lat="44.402954000000001" lon="11.273272000000000">
    </trkpt>
    <trkpt lat="44.402403000000000" lon="11.273272000000000">
    </trkpt>
    <trkpt lat="44.401882999999998" lon="11.273721999999999">
    </trkpt>
    <trkpt lat="44.401783000000002" lon="11.273821999999999">
    </trkpt>
    <trkpt lat="44.401783000000002" lon="11.273821999999999">
    </trkpt>
    <trkpt lat="44.401783000000002" lon="11.273821999999999">
    </trkpt>
    <trkpt lat="44.401783000000002" lon="11.273821999999999">
    </trkpt>
    <trkpt lat="44.401783000000002" lon="11.273821999999999">
    </trkpt>
    <trkpt lat="44.401783000000002" lon="11.273821999999999">
    </trkpt>
    <trkpt lat="44.401749000000002" lon="11.273856000000000">
    </trkpt>
    <trkpt lat="44.401449000000000" lon="11.274430000000001">
    </trkpt>
    <trkpt lat="44.401052000000000" lon="11.274998000000000">
    </trkpt>
    <trkpt lat="44.400247000000000" lon="11.276479000000000">
    </trkpt>
    <trkpt lat="44.399999999999999" lon="11.276778999999999">
    </trkpt>
    <trkpt lat="44.399999999999999" lon="11.276778999999999">
    </trkpt>
    <trkpt lat="44.399999999999999" lon="11.276778999999999">
    </trkpt>
    <trkpt lat="44.400052000000002" lon="11.277540000000000">
    </trkpt>
    <trkpt lat="44.399431000000000" lon="11.278119999999999">
    </trkpt>
    <trkpt lat="44.398032000000001" lon="11.278988999999999">
    </trkpt>
    <trkpt lat="44.397302000000003" lon="11.279134000000001">
    </trkpt>
    <trkpt lat="44.396680000000003" lon="11.279263000000000">
    </trkpt>
    <trkpt lat="44.396492000000002" lon="11.279408000000000">
    </trkpt>
    <trkpt lat="44.395493999999999" lon="11.279461000000000">
    </trkpt>
    <trkpt lat="44.395370999999997" lon="11.279503999999999">
    </trkpt>
    <trkpt lat="44.395370999999997" lon="11.279503999999999">
    </trkpt>
    <trkpt lat="44.395220999999999" lon="11.279418000000000">
    </trkpt>
    <trkpt lat="44.394829000000001" lon="11.279349000000000">
    </trkpt>
    <trkpt lat="44.394705999999999" lon="11.279290000000000">
    </trkpt>
    <trkpt lat="44.394356999999999" lon="11.278947000000001">
    </trkpt>
    <trkpt lat="44.393998000000003" lon="11.278442000000000">
    </trkpt>
    <trkpt lat="44.393982000000001" lon="11.278269999999999">
    </trkpt>
    <trkpt lat="44.394008999999997" lon="11.278109000000001">
    </trkpt>
    <trkpt lat="44.394008999999997" lon="11.278109000000001">
    </trkpt>
    <trkpt lat="44.393402000000002" lon="11.277804000000000">
    </trkpt>
    <trkpt lat="44.393402000000002" lon="11.277804000000000">
    </trkpt>
    <trkpt lat="44.393349000000001" lon="11.277487000000001">
    </trkpt>
    <trkpt lat="44.392930999999997" lon="11.276975999999999">
    </trkpt>
    <trkpt lat="44.392930999999997" lon="11.276975999999999">
    </trkpt>
    <trkpt lat="44.392930999999997" lon="11.276975999999999">
    </trkpt>
    <trkpt lat="44.392930999999997" lon="11.276975999999999">
    </trkpt>
    <trkpt lat="44.392930999999997" lon="11.276975999999999">
    </trkpt>
    <trkpt lat="44.392930999999997" lon="11.276975999999999">
    </trkpt>
    <trkpt lat="44.392845000000001" lon="11.276871000000000">
    </trkpt>
    <trkpt lat="44.392704999999999" lon="11.276833000000000">
    </trkpt>
    <trkpt lat="44.392581000000000" lon="11.276923999999999">
    </trkpt>
    <trkpt lat="44.392249000000000" lon="11.276956000000000">
    </trkpt>
    <trkpt lat="44.392119999999998" lon="11.276892000000000">
    </trkpt>
    <trkpt lat="44.391824999999997" lon="11.276854000000000">
    </trkpt>
    <trkpt lat="44.391589000000003" lon="11.276645000000000">
    </trkpt>
    <trkpt lat="44.391444000000000" lon="11.276420000000000">
    </trkpt>
    <trkpt lat="44.390929000000000" lon="11.275202000000000">
    </trkpt>
    <trkpt lat="44.390881000000000" lon="11.274982000000000">
    </trkpt>
    <trkpt lat="44.390591000000001" lon="11.274692000000000">
    </trkpt>
    <trkpt lat="44.390565000000002" lon="11.274616999999999">
    </trkpt>
    <trkpt lat="44.390334000000003" lon="11.274424000000000">
    </trkpt>
    <trkpt lat="44.390183999999998" lon="11.274338000000000">
    </trkpt>
    <trkpt lat="44.390070999999999" lon="11.274381000000000">
    </trkpt>
    <trkpt lat="44.389867000000002" lon="11.274596000000001">
    </trkpt>
    <trkpt lat="44.389749000000002" lon="11.274649999999999">
    </trkpt>
    <trkpt lat="44.389513000000001" lon="11.274623000000000">
    </trkpt>
    <trkpt lat="44.389186000000002" lon="11.274687000000000">
    </trkpt>
    <trkpt lat="44.389170000000000" lon="11.274649999999999">
    </trkpt>
    <trkpt lat="44.389212999999998" lon="11.274558000000001">
    </trkpt>
    <trkpt lat="44.389454000000001" lon="11.274305999999999">
    </trkpt>
    <trkpt lat="44.389411000000003" lon="11.274247000000001">
    </trkpt>
    <trkpt lat="44.389116000000001" lon="11.274424000000000">
    </trkpt>
    <trkpt lat="44.388703000000000" lon="11.274365000000000">
    </trkpt>
    <trkpt lat="44.388573999999998" lon="11.274279000000000">
    </trkpt>
    <trkpt lat="44.388573999999998" lon="11.274279000000000">
    </trkpt>
    <trkpt lat="44.388573999999998" lon="11.274279000000000">
    </trkpt>
    <trkpt lat="44.388573999999998" lon="11.274279000000000">
    </trkpt>
    <trkpt lat="44.388573999999998" lon="11.274279000000000">
    </trkpt>
    <trkpt lat="44.388573999999998" lon="11.274279000000000">
    </trkpt>
    <trkpt lat="44.388573999999998" lon="11.274279000000000">
    </trkpt>
    <trkpt lat="44.388573999999998" lon="11.274279000000000">
    </trkpt>
    <trkpt lat="44.388573999999998" lon="11.274279000000000">
    </trkpt>
    <trkpt lat="44.388573999999998" lon="11.274279000000000">
    </trkpt>
    <trkpt lat="44.388370999999999" lon="11.273726999999999">
    </trkpt>
    <trkpt lat="44.388328000000001" lon="11.273491000000000">
    </trkpt>
    <trkpt lat="44.388348999999998" lon="11.272691000000000">
    </trkpt>
    <trkpt lat="44.388396999999998" lon="11.272444999999999">
    </trkpt>
    <trkpt lat="44.388499000000003" lon="11.272240999999999">
    </trkpt>
    <trkpt lat="44.388686999999997" lon="11.272010000000000">
    </trkpt>
    <trkpt lat="44.389465000000001" lon="11.271442000000000">
    </trkpt>
    <trkpt lat="44.389465000000001" lon="11.271442000000000">
    </trkpt>
    <trkpt lat="44.389642000000002" lon="11.271538000000000">
    </trkpt>
    <trkpt lat="44.389696000000001" lon="11.271495000000000">
    </trkpt>
    <trkpt lat="44.389775999999998" lon="11.271312999999999">
    </trkpt>
    <trkpt lat="44.390200000000000" lon="11.270739000000001">
    </trkpt>
    <trkpt lat="44.390473999999998" lon="11.269826999999999">
    </trkpt>
    <trkpt lat="44.390532000000000" lon="11.269520999999999">
    </trkpt>
    <trkpt lat="44.390602000000001" lon="11.268802000000001">
    </trkpt>
    <trkpt lat="44.390591000000001" lon="11.268636000000001">
    </trkpt>
    <trkpt lat="44.390296999999997" lon="11.267906000000000">
    </trkpt>
    <trkpt lat="44.390259000000000" lon="11.267574000000000">
    </trkpt>
    <trkpt lat="44.390275000000003" lon="11.267289000000000">
    </trkpt>
    <trkpt lat="44.390388000000002" lon="11.267134000000000">
    </trkpt>
    <trkpt lat="44.390382000000002" lon="11.266800999999999">
    </trkpt>
    <trkpt lat="44.390334000000003" lon="11.266624000000000">
    </trkpt>
    <trkpt lat="44.390574999999998" lon="11.266259000000000">
    </trkpt>
    <trkpt lat="44.390794999999997" lon="11.265991000000000">
    </trkpt>
    <trkpt lat="44.390901999999997" lon="11.265931999999999">
    </trkpt>
    <trkpt lat="44.390971999999998" lon="11.265707000000001">
    </trkpt>
    <trkpt lat="44.390951000000001" lon="11.265594000000000">
    </trkpt>
    <trkpt lat="44.390971999999998" lon="11.265412000000000">
    </trkpt>
    <trkpt lat="44.391052999999999" lon="11.265245999999999">
    </trkpt>
    <trkpt lat="44.391289000000000" lon="11.265015000000000">
    </trkpt>
    <trkpt lat="44.391427999999998" lon="11.264709000000000">
    </trkpt>
    <trkpt lat="44.391537999999997" lon="11.264516000000000">
    </trkpt>
    <trkpt lat="44.391728999999998" lon="11.264220999999999">
    </trkpt>
    <trkpt lat="44.392260000000000" lon="11.264277000000000">
    </trkpt>
    <trkpt lat="44.392387999999997" lon="11.264117000000001">
    </trkpt>
    <trkpt lat="44.392285999999999" lon="11.263432999999999">
    </trkpt>
    <trkpt lat="44.392487000000003" lon="11.262976000000000">
    </trkpt>
    <trkpt lat="44.392538000000002" lon="11.262036000000000">
    </trkpt>
    <trkpt lat="44.392169000000003" lon="11.262413000000000">
    </trkpt>
    <trkpt lat="44.392194000000003" lon="11.262145000000000">
    </trkpt>
    <trkpt lat="44.392361999999999" lon="11.261775000000000">
    </trkpt>
    <trkpt lat="44.392361999999999" lon="11.261775000000000">
    </trkpt>
    <trkpt lat="44.392404999999997" lon="11.261528000000000">
    </trkpt>
    <trkpt lat="44.392538999999999" lon="11.261362000000000">
    </trkpt>
    <trkpt lat="44.392704999999999" lon="11.261291999999999">
    </trkpt>
    <trkpt lat="44.392882000000000" lon="11.261378000000001">
    </trkpt>
    <trkpt lat="44.392882000000000" lon="11.261378000000001">
    </trkpt>
    <trkpt lat="44.392882000000000" lon="11.261378000000001">
    </trkpt>
    <trkpt lat="44.392882000000000" lon="11.261378000000001">
    </trkpt>
    <trkpt lat="44.392882000000000" lon="11.261378000000001">
    </trkpt>
    <trkpt lat="44.392882000000000" lon="11.261378000000001">
    </trkpt>
    <trkpt lat="44.392882000000000" lon="11.261378000000001">
    </trkpt>
    <trkpt lat="44.392882000000000" lon="11.261378000000001">
    </trkpt>
    <trkpt lat="44.392882000000000" lon="11.261378000000001">
    </trkpt>
    <trkpt lat="44.392882000000000" lon="11.261378000000001">
    </trkpt>
    <trkpt lat="44.392871000000000" lon="11.260282999999999">
    </trkpt>
    <trkpt lat="44.392592000000000" lon="11.258900000000001">
    </trkpt>
    <trkpt lat="44.392437000000001" lon="11.258540000000000">
    </trkpt>
    <trkpt lat="44.392437000000001" lon="11.258540000000000">
    </trkpt>
    <trkpt lat="44.392387999999997" lon="11.258433000000000">
    </trkpt>
    <trkpt lat="44.392335000000003" lon="11.258298999999999">
    </trkpt>
    <trkpt lat="44.392335000000003" lon="11.258298999999999">
    </trkpt>
    <trkpt lat="44.392125999999998" lon="11.257966000000000">
    </trkpt>
    <trkpt lat="44.392125999999998" lon="11.257966000000000">
    </trkpt>
    <trkpt lat="44.392614000000002" lon="11.257446000000000">
    </trkpt>
    <trkpt lat="44.393821000000003" lon="11.256282000000001">
    </trkpt>
    <trkpt lat="44.393821000000003" lon="11.256282000000001">
    </trkpt>
    <trkpt lat="44.394109999999998" lon="11.256046000000000">
    </trkpt>
    <trkpt lat="44.394250000000000" lon="11.255971000000001">
    </trkpt>
    <trkpt lat="44.394517999999998" lon="11.255831000000001">
    </trkpt>
    <trkpt lat="44.394517999999998" lon="11.255831000000001">
    </trkpt>
    <trkpt lat="44.395327999999999" lon="11.255499000000000">
    </trkpt>
    <trkpt lat="44.395327999999999" lon="11.255499000000000">
    </trkpt>
    <trkpt lat="44.395595999999998" lon="11.255193000000000">
    </trkpt>
    <trkpt lat="44.395595999999998" lon="11.255193000000000">
    </trkpt>
    <trkpt lat="44.395595999999998" lon="11.255193000000000">
    </trkpt>
    <trkpt lat="44.395595999999998" lon="11.255193000000000">
    </trkpt>
    <trkpt lat="44.395595999999998" lon="11.255193000000000">
    </trkpt>
    <trkpt lat="44.395595999999998" lon="11.255193000000000">
    </trkpt>
    <trkpt lat="44.395595999999998" lon="11.255193000000000">
    </trkpt>
    <trkpt lat="44.395595999999998" lon="11.255193000000000">
    </trkpt>
    <trkpt lat="44.395595999999998" lon="11.255193000000000">
    </trkpt>
    <trkpt lat="44.395595999999998" lon="11.255193000000000">
    </trkpt>
    <trkpt lat="44.395017000000003" lon="11.255516999999999">
    </trkpt>
    <trkpt lat="44.393701999999998" lon="11.256280000000000">
    </trkpt>
    <trkpt lat="44.393633000000001" lon="11.256169999999999">
    </trkpt>
    <trkpt lat="44.393512000000001" lon="11.256268000000000">
    </trkpt>
    <trkpt lat="44.393647000000001" lon="11.256145000000000">
    </trkpt>
    <trkpt lat="44.393591999999998" lon="11.256425000000000">
    </trkpt>
    <trkpt lat="44.392155000000002" lon="11.257830000000000">
    </trkpt>
    <trkpt lat="44.392333000000001" lon="11.258281999999999">
    </trkpt>
    <trkpt lat="44.392282999999999" lon="11.258557000000000">
    </trkpt>
    <trkpt lat="44.392397000000003" lon="11.258580000000000">
    </trkpt>
    <trkpt lat="44.392507999999999" lon="11.258827999999999">
    </trkpt>
    <trkpt lat="44.392516999999998" lon="11.259176999999999">
    </trkpt>
    <trkpt lat="44.392662999999999" lon="11.259342999999999">
    </trkpt>
    <trkpt lat="44.392868000000000" lon="11.260237000000000">
    </trkpt>
    <trkpt lat="44.392874999999997" lon="11.261386999999999">
    </trkpt>
    <trkpt lat="44.392608000000003" lon="11.261322000000000">
    </trkpt>
    <trkpt lat="44.392172000000002" lon="11.262325000000001">
    </trkpt>
    <trkpt lat="44.392336000000000" lon="11.262217000000000">
    </trkpt>
    <trkpt lat="44.392556999999996" lon="11.262043000000000">
    </trkpt>
    <trkpt lat="44.392457999999998" lon="11.263132000000001">
    </trkpt>
    <trkpt lat="44.392268000000001" lon="11.263400000000001">
    </trkpt>
    <trkpt lat="44.392359999999996" lon="11.264163000000000">
    </trkpt>
    <trkpt lat="44.392209999999999" lon="11.264341999999999">
    </trkpt>
    <trkpt lat="44.391849999999998" lon="11.264233000000001">
    </trkpt>
    <trkpt lat="44.391486999999998" lon="11.264607000000000">
    </trkpt>
    <trkpt lat="44.391440000000003" lon="11.264778000000000">
    </trkpt>
    <trkpt lat="44.391419999999997" lon="11.264683000000000">
    </trkpt>
    <trkpt lat="44.391486999999998" lon="11.264747000000000">
    </trkpt>
    <trkpt lat="44.391129999999997" lon="11.265020000000000">
    </trkpt>
    <trkpt lat="44.390968000000001" lon="11.265397000000000">
    </trkpt>
    <trkpt lat="44.391047999999998" lon="11.265537000000000">
    </trkpt>
    <trkpt lat="44.390949999999997" lon="11.265862000000000">
    </trkpt>
    <trkpt lat="44.390633000000001" lon="11.266280000000000">
    </trkpt>
    <trkpt lat="44.390481999999999" lon="11.266957000000000">
    </trkpt>
    <trkpt lat="44.390528000000003" lon="11.266897000000000">
    </trkpt>
    <trkpt lat="44.390262999999997" lon="11.267329000000000">
    </trkpt>
    <trkpt lat="44.390340000000002" lon="11.268034000000000">
    </trkpt>
    <trkpt lat="44.390611999999997" lon="11.268807000000001">
    </trkpt>
    <trkpt lat="44.390447000000002" lon="11.269945999999999">
    </trkpt>
    <trkpt lat="44.390158000000000" lon="11.270853000000001">
    </trkpt>
    <trkpt lat="44.389702000000000" lon="11.271421999999999">
    </trkpt>
    <trkpt lat="44.389535000000002" lon="11.271402000000000">
    </trkpt>
    <trkpt lat="44.389662000000001" lon="11.271425000000001">
    </trkpt>
    <trkpt lat="44.389603000000001" lon="11.271590000000000">
    </trkpt>
    <trkpt lat="44.389293000000002" lon="11.271385000000000">
    </trkpt>
    <trkpt lat="44.388618000000001" lon="11.271258000000000">
    </trkpt>
    <trkpt lat="44.388069999999999" lon="11.271482000000001">
    </trkpt>
    <trkpt lat="44.387822999999997" lon="11.271706999999999">
    </trkpt>
    <trkpt lat="44.387655000000002" lon="11.272197999999999">
    </trkpt>
    <trkpt lat="44.386781999999997" lon="11.273085000000000">
    </trkpt>
    <trkpt lat="44.386862000000001" lon="11.273065000000001">
    </trkpt>
    <trkpt lat="44.386012999999998" lon="11.273755000000000">
    </trkpt>
    <trkpt lat="44.385468000000003" lon="11.273718000000001">
    </trkpt>
    <trkpt lat="44.385722000000001" lon="11.273633000000000">
    </trkpt>
    <trkpt lat="44.384900000000002" lon="11.274013000000000">
    </trkpt>
    <trkpt lat="44.384607000000003" lon="11.274317000000000">
    </trkpt>
    <trkpt lat="44.384298000000001" lon="11.274853000000000">
    </trkpt>
    <trkpt lat="44.384087999999998" lon="11.275029999999999">
    </trkpt>
    <trkpt lat="44.383803000000000" lon="11.274993000000000">
    </trkpt>
    <trkpt lat="44.383651999999998" lon="11.274850000000001">
    </trkpt>
    <trkpt lat="44.383569999999999" lon="11.274570000000001">
    </trkpt>
    <trkpt lat="44.383405000000003" lon="11.274381999999999">
    </trkpt>
    <trkpt lat="44.383046999999998" lon="11.274260000000000">
    </trkpt>
    <trkpt lat="44.382416999999997" lon="11.274428000000000">
    </trkpt>
    <trkpt lat="44.381259999999997" lon="11.274308000000000">
    </trkpt>
    <trkpt lat="44.380845000000001" lon="11.274661999999999">
    </trkpt>
    <trkpt lat="44.381141999999997" lon="11.274957000000001">
    </trkpt>
    <trkpt lat="44.381340000000002" lon="11.275433000000000">
    </trkpt>
    <trkpt lat="44.381172999999997" lon="11.276180000000000">
    </trkpt>
    <trkpt lat="44.380882999999997" lon="11.276042000000000">
    </trkpt>
    <trkpt lat="44.380330000000001" lon="11.276204999999999">
    </trkpt>
    <trkpt lat="44.380063000000000" lon="11.276038000000000">
    </trkpt>
    <trkpt lat="44.378898000000000" lon="11.275788000000000">
    </trkpt>
    <trkpt lat="44.378250000000001" lon="11.275297999999999">
    </trkpt>
    <trkpt lat="44.377851999999997" lon="11.275168000000001">
    </trkpt>
    <trkpt lat="44.377344999999998" lon="11.274728000000000">
    </trkpt>
    <trkpt lat="44.376491999999999" lon="11.274979999999999">
    </trkpt>
    <trkpt lat="44.376207000000001" lon="11.274794000000000">
    </trkpt>
    <trkpt lat="44.376237000000003" lon="11.275085000000001">
    </trkpt>
    <trkpt lat="44.376232000000002" lon="11.275143000000000">
    </trkpt>
    <trkpt lat="44.376266000000001" lon="11.275378000000000">
    </trkpt>
    <trkpt lat="44.376387000000001" lon="11.276107000000000">
    </trkpt>
    <trkpt lat="44.376491999999999" lon="11.276850000000000">
    </trkpt>
    <trkpt lat="44.376468000000003" lon="11.277525000000001">
    </trkpt>
    <trkpt lat="44.376747000000002" lon="11.278233000000000">
    </trkpt>
    <trkpt lat="44.376747000000002" lon="11.278585000000000">
    </trkpt>
    <trkpt lat="44.376621999999998" lon="11.278878000000001">
    </trkpt>
    <trkpt lat="44.375855000000001" lon="11.279401999999999">
    </trkpt>
    <trkpt lat="44.375827000000001" lon="11.279538000000001">
    </trkpt>
    <trkpt lat="44.376067999999997" lon="11.280510000000000">
    </trkpt>
    <trkpt lat="44.375996999999998" lon="11.280920000000000">
    </trkpt>
    <trkpt lat="44.375433000000001" lon="11.281751999999999">
    </trkpt>
    <trkpt lat="44.374980000000001" lon="11.282177000000001">
    </trkpt>
    <trkpt lat="44.374312000000003" lon="11.282538000000001">
    </trkpt>
    <trkpt lat="44.374068000000001" lon="11.282868000000001">
    </trkpt>
    <trkpt lat="44.373987999999997" lon="11.283201999999999">
    </trkpt>
    <trkpt lat="44.374040000000001" lon="11.283860000000001">
    </trkpt>
    <trkpt lat="44.374372000000001" lon="11.284470000000001">
    </trkpt>
    <trkpt lat="44.374564999999997" lon="11.285403000000001">
    </trkpt>
    <trkpt lat="44.374291999999997" lon="11.287122000000000">
    </trkpt>
    <trkpt lat="44.374003000000002" lon="11.288232000000001">
    </trkpt>
    <trkpt lat="44.373938000000003" lon="11.288887000000001">
    </trkpt>
    <trkpt lat="44.373964999999998" lon="11.288817999999999">
    </trkpt>
    <trkpt lat="44.373657000000001" lon="11.288963000000001">
    </trkpt>
    <trkpt lat="44.373162999999998" lon="11.288913000000001">
    </trkpt>
    <trkpt lat="44.372323000000002" lon="11.289075000000000">
    </trkpt>
    <trkpt lat="44.371066999999996" lon="11.290362999999999">
    </trkpt>
    <trkpt lat="44.370744999999999" lon="11.291847000000001">
    </trkpt>
    <trkpt lat="44.370519999999999" lon="11.291918000000001">
    </trkpt>
    <trkpt lat="44.370072999999998" lon="11.291717000000000">
    </trkpt>
    <trkpt lat="44.369191999999998" lon="11.291848000000000">
    </trkpt>
    <trkpt lat="44.368099999999998" lon="11.291433000000000">
    </trkpt>
    <trkpt lat="44.367041999999998" lon="11.290708000000000">
    </trkpt>
    <trkpt lat="44.365647000000003" lon="11.290699999999999">
    </trkpt>
    <trkpt lat="44.365710000000000" lon="11.290717000000001">
    </trkpt>
    <trkpt lat="44.365628000000001" lon="11.290756999999999">
    </trkpt>
    <trkpt lat="44.365222000000003" lon="11.289120000000000">
    </trkpt>
    <trkpt lat="44.364595000000001" lon="11.288022000000000">
    </trkpt>
    <trkpt lat="44.364628000000003" lon="11.287765000000000">
    </trkpt>
    <trkpt lat="44.364426999999999" lon="11.287855000000000">
    </trkpt>
    <trkpt lat="44.363959999999999" lon="11.287452000000000">
    </trkpt>
    <trkpt lat="44.363548999999999" lon="11.287464000000000">
    </trkpt>
    <trkpt lat="44.363061999999999" lon="11.287588000000000">
    </trkpt>
    <trkpt lat="44.362281000000003" lon="11.288430999999999">
    </trkpt>
    <trkpt lat="44.361865000000002" lon="11.288629999999999">
    </trkpt>
    <trkpt lat="44.361687000000003" lon="11.288493000000001">
    </trkpt>
    <trkpt lat="44.361198999999999" lon="11.288442999999999">
    </trkpt>
    <trkpt lat="44.360906999999997" lon="11.288220000000001">
    </trkpt>
    <trkpt lat="44.360791999999996" lon="11.287898000000000">
    </trkpt>
    <trkpt lat="44.360605000000000" lon="11.286943000000001">
    </trkpt>
    <trkpt lat="44.360419000000000" lon="11.286384999999999">
    </trkpt>
    <trkpt lat="44.360295000000001" lon="11.286310000000000">
    </trkpt>
    <trkpt lat="44.360188999999998" lon="11.286174000000001">
    </trkpt>
    <trkpt lat="44.359864999999999" lon="11.286322000000000">
    </trkpt>
    <trkpt lat="44.359696999999997" lon="11.286199000000000">
    </trkpt>
    <trkpt lat="44.359679999999997" lon="11.285608999999999">
    </trkpt>
    <trkpt lat="44.359847000000002" lon="11.285337999999999">
    </trkpt>
    <trkpt lat="44.359485999999997" lon="11.285461000000000">
    </trkpt>
    <trkpt lat="44.359073000000002" lon="11.285743999999999">
    </trkpt>
    <trkpt lat="44.358685999999999" lon="11.286113000000000">
    </trkpt>
    <trkpt lat="44.358184999999999" lon="11.286433000000001">
    </trkpt>
    <trkpt lat="44.358061999999997" lon="11.286199000000000">
    </trkpt>
    <trkpt lat="44.358677000000000" lon="11.285092000000001">
    </trkpt>
    <trkpt lat="44.359397999999999" lon="11.284084000000000">
    </trkpt>
    <trkpt lat="44.359696999999997" lon="11.283825999999999">
    </trkpt>
    <trkpt lat="44.360154999999999" lon="11.283026000000000">
    </trkpt>
    <trkpt lat="44.360374000000000" lon="11.282104000000000">
    </trkpt>
    <trkpt lat="44.360427000000001" lon="11.281366000000000">
    </trkpt>
    <trkpt lat="44.360593999999999" lon="11.280763000000000">
    </trkpt>
    <trkpt lat="44.360568000000001" lon="11.280001000000000">
    </trkpt>
    <trkpt lat="44.360339000000003" lon="11.279730000000001">
    </trkpt>
    <trkpt lat="44.359864999999999" lon="11.279164000000000">
    </trkpt>
    <trkpt lat="44.359636000000002" lon="11.278771000000001">
    </trkpt>
    <trkpt lat="44.359557000000002" lon="11.278426000000000">
    </trkpt>
    <trkpt lat="44.359583000000001" lon="11.278205000000000">
    </trkpt>
    <trkpt lat="44.359577999999999" lon="11.278231999999999">
    </trkpt>
    <trkpt lat="44.359565000000003" lon="11.278451000000000">
    </trkpt>
    <trkpt lat="44.359684999999999" lon="11.278893999999999">
    </trkpt>
    <trkpt lat="44.359729999999999" lon="11.279019999999999">
    </trkpt>
    <trkpt lat="44.359952000000000" lon="11.279367000000001">
    </trkpt>
    <trkpt lat="44.360463000000003" lon="11.279987999999999">
    </trkpt>
    <trkpt lat="44.360520000000001" lon="11.280124000000001">
    </trkpt>
    <trkpt lat="44.360492000000001" lon="11.280189999999999">
    </trkpt>
    <trkpt lat="44.360447000000001" lon="11.280182000000000">
    </trkpt>
    <trkpt lat="44.360317000000002" lon="11.280042999999999">
    </trkpt>
    <trkpt lat="44.360245999999997" lon="11.279983000000000">
    </trkpt>
    <trkpt lat="44.360106000000002" lon="11.279889000000001">
    </trkpt>
    <trkpt lat="44.359940999999999" lon="11.279871000000000">
    </trkpt>
    <trkpt lat="44.359780999999998" lon="11.279965000000001">
    </trkpt>
    <trkpt lat="44.359793000000003" lon="11.280023000000000">
    </trkpt>
    <trkpt lat="44.359954999999999" lon="11.280383000000000">
    </trkpt>
    <trkpt lat="44.359895999999999" lon="11.280706000000000">
    </trkpt>
    <trkpt lat="44.359820999999997" lon="11.280889999999999">
    </trkpt>
    <trkpt lat="44.359459999999999" lon="11.281075000000000">
    </trkpt>
    <trkpt lat="44.359115000000003" lon="11.281288000000000">
    </trkpt>
    <trkpt lat="44.358784000000000" lon="11.281535999999999">
    </trkpt>
    <trkpt lat="44.358432000000001" lon="11.281847000000001">
    </trkpt>
    <trkpt lat="44.358186000000003" lon="11.282245000000000">
    </trkpt>
    <trkpt lat="44.358125999999999" lon="11.282318999999999">
    </trkpt>
    <trkpt lat="44.357958000000004" lon="11.282465000000000">
    </trkpt>
    <trkpt lat="44.357686000000001" lon="11.283084000000001">
    </trkpt>
    <trkpt lat="44.357132000000000" lon="11.283866000000000">
    </trkpt>
    <trkpt lat="44.357025000000000" lon="11.283948000000001">
    </trkpt>
    <trkpt lat="44.356881000000001" lon="11.284015999999999">
    </trkpt>
    <trkpt lat="44.356613000000003" lon="11.284291000000000">
    </trkpt>
    <trkpt lat="44.356490000000001" lon="11.284518000000000">
    </trkpt>
    <trkpt lat="44.356360000000002" lon="11.284592999999999">
    </trkpt>
    <trkpt lat="44.356034999999999" lon="11.284846000000000">
    </trkpt>
    <trkpt lat="44.355679000000002" lon="11.285303000000001">
    </trkpt>
    <trkpt lat="44.355480000000000" lon="11.285468000000000">
    </trkpt>
    <trkpt lat="44.355248000000003" lon="11.285658000000000">
    </trkpt>
    <trkpt lat="44.354917000000000" lon="11.286210000000001">
    </trkpt>
    <trkpt lat="44.354720000000000" lon="11.286792999999999">
    </trkpt>
    <trkpt lat="44.354632000000002" lon="11.287148000000000">
    </trkpt>
    <trkpt lat="44.354593000000001" lon="11.287399000000001">
    </trkpt>
    <trkpt lat="44.354675999999998" lon="11.287616000000000">
    </trkpt>
    <trkpt lat="44.354959999999998" lon="11.287983000000001">
    </trkpt>
    <trkpt lat="44.355324000000003" lon="11.288500000000001">
    </trkpt>
    <trkpt lat="44.355279000000003" lon="11.288676000000001">
    </trkpt>
    <trkpt lat="44.355097999999998" lon="11.288644000000000">
    </trkpt>
    <trkpt lat="44.354522000000003" lon="11.288698000000000">
    </trkpt>
    <trkpt lat="44.354301999999997" lon="11.288988000000000">
    </trkpt>
    <trkpt lat="44.354222999999998" lon="11.289239999999999">
    </trkpt>
    <trkpt lat="44.354227000000002" lon="11.289526000000000">
    </trkpt>
    <trkpt lat="44.354353000000003" lon="11.289892999999999">
    </trkpt>
    <trkpt lat="44.354002999999999" lon="11.290181000000000">
    </trkpt>
    <trkpt lat="44.353794000000001" lon="11.290426000000000">
    </trkpt>
    <trkpt lat="44.353422000000002" lon="11.290519000000000">
    </trkpt>
    <trkpt lat="44.352829999999997" lon="11.290751000000000">
    </trkpt>
    <trkpt lat="44.352573999999997" lon="11.290787999999999">
    </trkpt>
    <trkpt lat="44.352170999999998" lon="11.290725000000000">
    </trkpt>
    <trkpt lat="44.351911000000001" lon="11.290649000000000">
    </trkpt>
    <trkpt lat="44.351337000000001" lon="11.290839999999999">
    </trkpt>
    <trkpt lat="44.351090999999997" lon="11.290863999999999">
    </trkpt>
    <trkpt lat="44.350777999999998" lon="11.290879000000000">
    </trkpt>
    <trkpt lat="44.350422000000002" lon="11.290616999999999">
    </trkpt>
    <trkpt lat="44.350296000000000" lon="11.290457999999999">
    </trkpt>
    <trkpt lat="44.350045000000001" lon="11.290240000000001">
    </trkpt>
    <trkpt lat="44.349826000000000" lon="11.290118000000000">
    </trkpt>
    <trkpt lat="44.349676000000002" lon="11.289944000000000">
    </trkpt>
    <trkpt lat="44.349333999999999" lon="11.289761000000000">
    </trkpt>
    <trkpt lat="44.349044999999997" lon="11.289859000000000">
    </trkpt>
    <trkpt lat="44.348902000000002" lon="11.290039000000000">
    </trkpt>
    <trkpt lat="44.348725999999999" lon="11.290450999999999">
    </trkpt>
    <trkpt lat="44.348536000000003" lon="11.291207999999999">
    </trkpt>
    <trkpt lat="44.348354000000000" lon="11.291714000000001">
    </trkpt>
    <trkpt lat="44.348168000000001" lon="11.292280999999999">
    </trkpt>
    <trkpt lat="44.347983999999997" lon="11.292700999999999">
    </trkpt>
    <trkpt lat="44.347983999999997" lon="11.292700999999999">
    </trkpt>
    <trkpt lat="44.347890000000000" lon="11.292776999999999">
    </trkpt>
    <trkpt lat="44.347754000000002" lon="11.292595000000000">
    </trkpt>
    <trkpt lat="44.347670000000001" lon="11.292414000000001">
    </trkpt>
    <trkpt lat="44.347572999999997" lon="11.291976999999999">
    </trkpt>
    <trkpt lat="44.347520000000003" lon="11.290704000000000">
    </trkpt>
    <trkpt lat="44.347532000000001" lon="11.290307000000000">
    </trkpt>
    <trkpt lat="44.347600999999997" lon="11.289899999999999">
    </trkpt>
    <trkpt lat="44.347579000000003" lon="11.289584000000000">
    </trkpt>
    <trkpt lat="44.347579000000003" lon="11.289584000000000">
    </trkpt>
    <trkpt lat="44.347405000000002" lon="11.289593000000000">
    </trkpt>
    <trkpt lat="44.347315999999999" lon="11.289502000000001">
    </trkpt>
    <trkpt lat="44.347088999999997" lon="11.289073999999999">
    </trkpt>
    <trkpt lat="44.346912000000003" lon="11.288347999999999">
    </trkpt>
    <trkpt lat="44.346839000000003" lon="11.288141000000000">
    </trkpt>
    <trkpt lat="44.346719999999998" lon="11.287848000000000">
    </trkpt>
    <trkpt lat="44.346631000000002" lon="11.287770999999999">
    </trkpt>
    <trkpt lat="44.346539999999997" lon="11.287846000000000">
    </trkpt>
    <trkpt lat="44.346601000000000" lon="11.288060000000000">
    </trkpt>
    <trkpt lat="44.346544000000002" lon="11.288207000000000">
    </trkpt>
    <trkpt lat="44.346544000000002" lon="11.288207000000000">
    </trkpt>
    <trkpt lat="44.346311000000000" lon="11.288174000000000">
    </trkpt>
    <trkpt lat="44.345996000000000" lon="11.288385999999999">
    </trkpt>
    <trkpt lat="44.345829000000002" lon="11.288713000000000">
    </trkpt>
    <trkpt lat="44.345829000000002" lon="11.288713000000000">
    </trkpt>
    <trkpt lat="44.345869999999998" lon="11.289075000000000">
    </trkpt>
    <trkpt lat="44.345868000000003" lon="11.289142000000000">
    </trkpt>
    <trkpt lat="44.345685000000003" lon="11.289323000000000">
    </trkpt>
    <trkpt lat="44.345359999999999" lon="11.289675000000001">
    </trkpt>
    <trkpt lat="44.345115000000000" lon="11.290145000000001">
    </trkpt>
    <trkpt lat="44.345025999999997" lon="11.290281999999999">
    </trkpt>
    <trkpt lat="44.344890999999997" lon="11.290486000000000">
    </trkpt>
    <trkpt lat="44.344949999999997" lon="11.290561000000000">
    </trkpt>
    <trkpt lat="44.344898999999998" lon="11.290668000000000">
    </trkpt>
    <trkpt lat="44.344940000000001" lon="11.290686000000001">
    </trkpt>
    <trkpt lat="44.344931000000003" lon="11.290748000000001">
    </trkpt>
    <trkpt lat="44.344982999999999" lon="11.290781000000001">
    </trkpt>
    <trkpt lat="44.344859999999997" lon="11.290917000000000">
    </trkpt>
    <trkpt lat="44.344695999999999" lon="11.291057000000000">
    </trkpt>
    <trkpt lat="44.344296000000000" lon="11.291625000000000">
    </trkpt>
    <trkpt lat="44.343961000000000" lon="11.291925000000001">
    </trkpt>
    <trkpt lat="44.343708999999997" lon="11.292225000000000">
    </trkpt>
    <trkpt lat="44.343349000000003" lon="11.292640000000000">
    </trkpt>
    <trkpt lat="44.342858000000000" lon="11.292764999999999">
    </trkpt>
    <trkpt lat="44.342787000000001" lon="11.292786000000000">
    </trkpt>
    <trkpt lat="44.342593000000001" lon="11.292878999999999">
    </trkpt>
    <trkpt lat="44.342514999999999" lon="11.292932000000000">
    </trkpt>
    <trkpt lat="44.342360999999997" lon="11.293222999999999">
    </trkpt>
    <trkpt lat="44.342145000000002" lon="11.293434000000000">
    </trkpt>
    <trkpt lat="44.341994000000000" lon="11.293556000000001">
    </trkpt>
    <trkpt lat="44.341800999999997" lon="11.294109000000001">
    </trkpt>
    <trkpt lat="44.341752000000000" lon="11.294188000000000">
    </trkpt>
    <trkpt lat="44.341554000000002" lon="11.294226999999999">
    </trkpt>
    <trkpt lat="44.341348000000004" lon="11.294276999999999">
    </trkpt>
    <trkpt lat="44.340860999999997" lon="11.294631000000001">
    </trkpt>
    <trkpt lat="44.340812000000000" lon="11.294845000000000">
    </trkpt>
    <trkpt lat="44.340727999999999" lon="11.295007000000000">
    </trkpt>
    <trkpt lat="44.340522000000000" lon="11.295019000000000">
    </trkpt>
    <trkpt lat="44.340406000000002" lon="11.294966000000001">
    </trkpt>
    <trkpt lat="44.340341000000002" lon="11.294881999999999">
    </trkpt>
    <trkpt lat="44.340266000000000" lon="11.294845000000000">
    </trkpt>
    <trkpt lat="44.340201999999998" lon="11.294745000000001">
    </trkpt>
    <trkpt lat="44.340136000000001" lon="11.294719000000001">
    </trkpt>
    <trkpt lat="44.340051000000003" lon="11.294788000000000">
    </trkpt>
    <trkpt lat="44.339956999999998" lon="11.294808000000000">
    </trkpt>
    <trkpt lat="44.339888000000002" lon="11.294796000000000">
    </trkpt>
    <trkpt lat="44.339899000000003" lon="11.295286000000001">
    </trkpt>
    <trkpt lat="44.339995000000002" lon="11.295502000000001">
    </trkpt>
    <trkpt lat="44.340049999999998" lon="11.295722000000000">
    </trkpt>
    <trkpt lat="44.340032999999998" lon="11.295788000000000">
    </trkpt>
    <trkpt lat="44.339886000000000" lon="11.296199000000000">
    </trkpt>
    <trkpt lat="44.339874999999999" lon="11.296333000000001">
    </trkpt>
    <trkpt lat="44.339982999999997" lon="11.296805000000001">
    </trkpt>
    <trkpt lat="44.340217000000003" lon="11.297264999999999">
    </trkpt>
    <trkpt lat="44.340350000000001" lon="11.297575000000000">
    </trkpt>
    <trkpt lat="44.340553000000000" lon="11.297784999999999">
    </trkpt>
    <trkpt lat="44.341462999999997" lon="11.298261000000000">
    </trkpt>
    <trkpt lat="44.341608999999998" lon="11.298263000000000">
    </trkpt>
    <trkpt lat="44.341735000000000" lon="11.298209000000000">
    </trkpt>
    <trkpt lat="44.341850999999998" lon="11.298181000000000">
    </trkpt>
    <trkpt lat="44.342022999999998" lon="11.298221000000000">
    </trkpt>
    <trkpt lat="44.342306999999998" lon="11.298361000000000">
    </trkpt>
    <trkpt lat="44.342529999999996" lon="11.298404000000000">
    </trkpt>
    <trkpt lat="44.342790000000001" lon="11.298406999999999">
    </trkpt>
    <trkpt lat="44.342860000000002" lon="11.298382000000000">
    </trkpt>
    <trkpt lat="44.343055999999997" lon="11.298377000000000">
    </trkpt>
    <trkpt lat="44.343366000000003" lon="11.298413000000000">
    </trkpt>
    <trkpt lat="44.343457000000001" lon="11.298544000000000">
    </trkpt>
    <trkpt lat="44.343440000000001" lon="11.299061999999999">
    </trkpt>
    <trkpt lat="44.343373999999997" lon="11.299220000000000">
    </trkpt>
    <trkpt lat="44.343235000000000" lon="11.299265000000000">
    </trkpt>
    <trkpt lat="44.343201000000001" lon="11.299282000000000">
    </trkpt>
    <trkpt lat="44.343127000000003" lon="11.299467000000000">
    </trkpt>
    <trkpt lat="44.342914999999998" lon="11.299666000000000">
    </trkpt>
    <trkpt lat="44.342834000000003" lon="11.299801000000000">
    </trkpt>
    <trkpt lat="44.342613000000000" lon="11.300260000000000">
    </trkpt>
    <trkpt lat="44.342669999999998" lon="11.300364000000000">
    </trkpt>
    <trkpt lat="44.342682000000003" lon="11.300490000000000">
    </trkpt>
    <trkpt lat="44.342655999999998" lon="11.301237000000000">
    </trkpt>
    <trkpt lat="44.342689000000000" lon="11.301406999999999">
    </trkpt>
    <trkpt lat="44.342689000000000" lon="11.301406999999999">
    </trkpt>
    <trkpt lat="44.342826000000002" lon="11.301583000000001">
    </trkpt>
    <trkpt lat="44.342892999999997" lon="11.301736000000000">
    </trkpt>
    <trkpt lat="44.342945999999998" lon="11.302019000000000">
    </trkpt>
    <trkpt lat="44.342948999999997" lon="11.302657000000000">
    </trkpt>
    <trkpt lat="44.343029000000001" lon="11.302858000000001">
    </trkpt>
    <trkpt lat="44.343210999999997" lon="11.302975000000000">
    </trkpt>
    <trkpt lat="44.343674000000000" lon="11.303125000000000">
    </trkpt>
    <trkpt lat="44.343946000000003" lon="11.303333000000000">
    </trkpt>
    <trkpt lat="44.344037999999998" lon="11.303433999999999">
    </trkpt>
    <trkpt lat="44.344002000000003" lon="11.303452999999999">
    </trkpt>
    <trkpt lat="44.343456000000003" lon="11.303323000000001">
    </trkpt>
    <trkpt lat="44.343286999999997" lon="11.303375000000001">
    </trkpt>
    <trkpt lat="44.343052000000000" lon="11.303549000000000">
    </trkpt>
    <trkpt lat="44.342858000000000" lon="11.303775999999999">
    </trkpt>
    <trkpt lat="44.342680999999999" lon="11.303908000000000">
    </trkpt>
    <trkpt lat="44.342548999999998" lon="11.303940000000001">
    </trkpt>
    <trkpt lat="44.342416999999998" lon="11.303845000000001">
    </trkpt>
    <trkpt lat="44.341956000000003" lon="11.303300999999999">
    </trkpt>
    <trkpt lat="44.341813999999999" lon="11.303317000000000">
    </trkpt>
    <trkpt lat="44.341704999999997" lon="11.303217000000000">
    </trkpt>
    <trkpt lat="44.341704999999997" lon="11.303217000000000">
    </trkpt>
    <trkpt lat="44.341346000000001" lon="11.302853000000001">
    </trkpt>
    <trkpt lat="44.341107999999998" lon="11.302813000000000">
    </trkpt>
    <trkpt lat="44.340730999999998" lon="11.302799000000000">
    </trkpt>
    <trkpt lat="44.340412000000001" lon="11.302738000000000">
    </trkpt>
    <trkpt lat="44.340150000000001" lon="11.302547000000001">
    </trkpt>
    <trkpt lat="44.340167999999998" lon="11.302174000000001">
    </trkpt>
    <trkpt lat="44.340257999999999" lon="11.301627000000000">
    </trkpt>
    <trkpt lat="44.340248000000003" lon="11.301348000000001">
    </trkpt>
    <trkpt lat="44.340181000000001" lon="11.301016000000001">
    </trkpt>
    <trkpt lat="44.340102999999999" lon="11.300704000000000">
    </trkpt>
    <trkpt lat="44.339875999999997" lon="11.300204000000001">
    </trkpt>
    <trkpt lat="44.339604000000001" lon="11.299893000000001">
    </trkpt>
    <trkpt lat="44.339286999999999" lon="11.299690000000000">
    </trkpt>
    <trkpt lat="44.338897000000003" lon="11.299454000000001">
    </trkpt>
    <trkpt lat="44.338714000000003" lon="11.299389000000000">
    </trkpt>
    <trkpt lat="44.338265999999997" lon="11.298593000000000">
    </trkpt>
    <trkpt lat="44.338054000000000" lon="11.298431000000001">
    </trkpt>
    <trkpt lat="44.337882000000000" lon="11.298316000000000">
    </trkpt>
    <trkpt lat="44.337721999999999" lon="11.297897000000001">
    </trkpt>
    <trkpt lat="44.337662000000002" lon="11.297351000000001">
    </trkpt>
    <trkpt lat="44.337640999999998" lon="11.296948000000000">
    </trkpt>
    <trkpt lat="44.337594000000003" lon="11.296689000000001">
    </trkpt>
    <trkpt lat="44.337487000000003" lon="11.296517000000000">
    </trkpt>
    <trkpt lat="44.337085999999999" lon="11.296241000000000">
    </trkpt>
    <trkpt lat="44.336931000000000" lon="11.296099999999999">
    </trkpt>
    <trkpt lat="44.336703000000000" lon="11.295686000000000">
    </trkpt>
    <trkpt lat="44.336592000000003" lon="11.295462000000001">
    </trkpt>
    <trkpt lat="44.335853999999998" lon="11.294775000000000">
    </trkpt>
    <trkpt lat="44.335481000000001" lon="11.294449999999999">
    </trkpt>
    <trkpt lat="44.335313999999997" lon="11.294340999999999">
    </trkpt>
    <trkpt lat="44.335008000000002" lon="11.294176000000000">
    </trkpt>
    <trkpt lat="44.334558000000001" lon="11.294003999999999">
    </trkpt>
    <trkpt lat="44.333742000000001" lon="11.294506999999999">
    </trkpt>
    <trkpt lat="44.333444000000000" lon="11.294672000000000">
    </trkpt>
    <trkpt lat="44.333323000000000" lon="11.294682000000000">
    </trkpt>
    <trkpt lat="44.333202999999997" lon="11.294648000000000">
    </trkpt>
    <trkpt lat="44.332948999999999" lon="11.294183000000000">
    </trkpt>
    <trkpt lat="44.331001000000001" lon="11.293139000000000">
    </trkpt>
    <trkpt lat="44.329982000000001" lon="11.292498000000000">
    </trkpt>
    <trkpt lat="44.329551000000002" lon="11.292187000000000">
    </trkpt>
    <trkpt lat="44.329332000000001" lon="11.292076000000000">
    </trkpt>
    <trkpt lat="44.328890000000001" lon="11.292088000000000">
    </trkpt>
    <trkpt lat="44.328890000000001" lon="11.292088000000000">
    </trkpt>
    <trkpt lat="44.328479000000002" lon="11.291808000000000">
    </trkpt>
    <trkpt lat="44.327683000000000" lon="11.291110000000000">
    </trkpt>
    <trkpt lat="44.327173999999999" lon="11.290741000000001">
    </trkpt>
    <trkpt lat="44.327091000000003" lon="11.290614000000000">
    </trkpt>
    <trkpt lat="44.326970000000003" lon="11.290245000000001">
    </trkpt>
    <trkpt lat="44.326791000000000" lon="11.290049000000000">
    </trkpt>
    <trkpt lat="44.326383999999997" lon="11.289709999999999">
    </trkpt>
    <trkpt lat="44.326219000000002" lon="11.289529000000000">
    </trkpt>
    <trkpt lat="44.325820000000000" lon="11.288971000000000">
    </trkpt>
    <trkpt lat="44.325718000000002" lon="11.288853000000000">
    </trkpt>
    <trkpt lat="44.325418999999997" lon="11.288662000000000">
    </trkpt>
    <trkpt lat="44.325373999999996" lon="11.288576000000001">
    </trkpt>
    <trkpt lat="44.325260999999998" lon="11.288477000000000">
    </trkpt>
    <trkpt lat="44.325167999999998" lon="11.288323999999999">
    </trkpt>
    <trkpt lat="44.325122000000000" lon="11.288128000000000">
    </trkpt>
    <trkpt lat="44.325189999999999" lon="11.287603000000001">
    </trkpt>
    <trkpt lat="44.325248000000002" lon="11.286474999999999">
    </trkpt>
    <trkpt lat="44.324978999999999" lon="11.285774999999999">
    </trkpt>
    <trkpt lat="44.324922000000001" lon="11.285427000000000">
    </trkpt>
    <trkpt lat="44.324756999999998" lon="11.284922999999999">
    </trkpt>
    <trkpt lat="44.324446999999999" lon="11.284200000000000">
    </trkpt>
    <trkpt lat="44.324210000000001" lon="11.283892000000000">
    </trkpt>
    <trkpt lat="44.324091000000003" lon="11.283768000000000">
    </trkpt>
    <trkpt lat="44.324021999999999" lon="11.283640000000000">
    </trkpt>
    <trkpt lat="44.323956000000003" lon="11.283210000000000">
    </trkpt>
    <trkpt lat="44.323976999999999" lon="11.282658000000000">
    </trkpt>
    <trkpt lat="44.324057000000003" lon="11.281952000000000">
    </trkpt>
    <trkpt lat="44.324750000000002" lon="11.279524000000000">
    </trkpt>
    <trkpt lat="44.324769000000003" lon="11.279358999999999">
    </trkpt>
    <trkpt lat="44.324745999999998" lon="11.279234000000001">
    </trkpt>
    <trkpt lat="44.324666000000001" lon="11.279135999999999">
    </trkpt>
    <trkpt lat="44.324055000000001" lon="11.278833000000001">
    </trkpt>
    <trkpt lat="44.323878999999998" lon="11.278663000000000">
    </trkpt>
    <trkpt lat="44.323585000000001" lon="11.278696000000000">
    </trkpt>
    <trkpt lat="44.323585000000001" lon="11.278696000000000">
    </trkpt>
    <trkpt lat="44.323486000000003" lon="11.278648000000000">
    </trkpt>
    <trkpt lat="44.323506000000002" lon="11.278369000000000">
    </trkpt>
    <trkpt lat="44.323447000000002" lon="11.278093999999999">
    </trkpt>
    <trkpt lat="44.323365000000003" lon="11.277930000000000">
    </trkpt>
    <trkpt lat="44.323191000000001" lon="11.277741000000001">
    </trkpt>
    <trkpt lat="44.323011999999999" lon="11.277665000000001">
    </trkpt>
    <trkpt lat="44.322614000000002" lon="11.277658000000001">
    </trkpt>
    <trkpt lat="44.322389000000001" lon="11.277894999999999">
    </trkpt>
    <trkpt lat="44.322144999999999" lon="11.278079999999999">
    </trkpt>
    <trkpt lat="44.321708000000001" lon="11.278460000000001">
    </trkpt>
    <trkpt lat="44.321223000000003" lon="11.278874999999999">
    </trkpt>
    <trkpt lat="44.321117999999998" lon="11.278836000000000">
    </trkpt>
    <trkpt lat="44.320965000000001" lon="11.278703999999999">
    </trkpt>
    <trkpt lat="44.320884999999997" lon="11.278701000000000">
    </trkpt>
    <trkpt lat="44.320822999999997" lon="11.278772999999999">
    </trkpt>
    <trkpt lat="44.320799999999998" lon="11.278878000000001">
    </trkpt>
    <trkpt lat="44.320718999999997" lon="11.279012000000000">
    </trkpt>
    <trkpt lat="44.320464000000001" lon="11.279310000000001">
    </trkpt>
    <trkpt lat="44.320242999999998" lon="11.279724000000000">
    </trkpt>
    <trkpt lat="44.320126999999999" lon="11.279897000000000">
    </trkpt>
    <trkpt lat="44.320042999999998" lon="11.280136000000001">
    </trkpt>
    <trkpt lat="44.319991000000002" lon="11.280484000000000">
    </trkpt>
    <trkpt lat="44.319935999999998" lon="11.280727000000001">
    </trkpt>
    <trkpt lat="44.319856999999999" lon="11.280884000000000">
    </trkpt>
    <trkpt lat="44.319727000000000" lon="11.281021000000001">
    </trkpt>
    <trkpt lat="44.319606000000000" lon="11.281089000000000">
    </trkpt>
    <trkpt lat="44.319549000000002" lon="11.281101000000000">
    </trkpt>
    <trkpt lat="44.319450000000003" lon="11.281190000000000">
    </trkpt>
    <trkpt lat="44.319263999999997" lon="11.281290000000000">
    </trkpt>
    <trkpt lat="44.319172999999999" lon="11.281447000000000">
    </trkpt>
    <trkpt lat="44.319006999999999" lon="11.281962999999999">
    </trkpt>
    <trkpt lat="44.318756999999998" lon="11.282532000000000">
    </trkpt>
    <trkpt lat="44.318403000000004" lon="11.282548000000000">
    </trkpt>
    <trkpt lat="44.318187000000002" lon="11.282598999999999">
    </trkpt>
    <trkpt lat="44.317922000000003" lon="11.282714000000000">
    </trkpt>
    <trkpt lat="44.317670000000000" lon="11.282562000000000">
    </trkpt>
    <trkpt lat="44.317540000000001" lon="11.282311999999999">
    </trkpt>
    <trkpt lat="44.317464000000001" lon="11.282266999999999">
    </trkpt>
    <trkpt lat="44.317386999999997" lon="11.282180000000000">
    </trkpt>
    <trkpt lat="44.317297000000003" lon="11.282135000000000">
    </trkpt>
    <trkpt lat="44.317141999999997" lon="11.282142000000000">
    </trkpt>
    <trkpt lat="44.317141999999997" lon="11.282142000000000">
    </trkpt>
    <trkpt lat="44.316783000000001" lon="11.282240000000000">
    </trkpt>
    <trkpt lat="44.316699000000000" lon="11.282209000000000">
    </trkpt>
    <trkpt lat="44.316422000000003" lon="11.282014000000000">
    </trkpt>
    <trkpt lat="44.316211000000003" lon="11.281988000000000">
    </trkpt>
    <trkpt lat="44.316102000000001" lon="11.282049000000001">
    </trkpt>
    <trkpt lat="44.315810999999997" lon="11.282272000000001">
    </trkpt>
    <trkpt lat="44.315314999999998" lon="11.282776999999999">
    </trkpt>
    <trkpt lat="44.315190999999999" lon="11.282787000000001">
    </trkpt>
    <trkpt lat="44.315010000000001" lon="11.282829000000000">
    </trkpt>
    <trkpt lat="44.314844999999998" lon="11.282780000000001">
    </trkpt>
    <trkpt lat="44.314686999999999" lon="11.282662000000000">
    </trkpt>
    <trkpt lat="44.314216999999999" lon="11.282098000000000">
    </trkpt>
    <trkpt lat="44.314003000000000" lon="11.281859000000001">
    </trkpt>
    <trkpt lat="44.313515000000002" lon="11.280310999999999">
    </trkpt>
    <trkpt lat="44.313491999999997" lon="11.279778000000000">
    </trkpt>
    <trkpt lat="44.313504999999999" lon="11.278805000000000">
    </trkpt>
    <trkpt lat="44.313465999999998" lon="11.278748000000000">
    </trkpt>
    <trkpt lat="44.313405000000003" lon="11.278740000000001">
    </trkpt>
    <trkpt lat="44.313276999999999" lon="11.278778000000001">
    </trkpt>
    <trkpt lat="44.313192999999998" lon="11.278976999999999">
    </trkpt>
    <trkpt lat="44.313090000000003" lon="11.279301000000000">
    </trkpt>
    <trkpt lat="44.313045000000002" lon="11.279553999999999">
    </trkpt>
    <trkpt lat="44.313018999999997" lon="11.279927000000001">
    </trkpt>
    <trkpt lat="44.313003999999999" lon="11.280433000000000">
    </trkpt>
    <trkpt lat="44.312983000000003" lon="11.280523000000001">
    </trkpt>
    <trkpt lat="44.312905000000001" lon="11.280614999999999">
    </trkpt>
    <trkpt lat="44.312811000000004" lon="11.280621000000000">
    </trkpt>
    <trkpt lat="44.312721000000003" lon="11.280537000000001">
    </trkpt>
    <trkpt lat="44.312669000000000" lon="11.280350000000000">
    </trkpt>
    <trkpt lat="44.312466000000001" lon="11.279780000000001">
    </trkpt>
    <trkpt lat="44.312392000000003" lon="11.279431000000001">
    </trkpt>
    <trkpt lat="44.312319000000002" lon="11.279332999999999">
    </trkpt>
    <trkpt lat="44.312092000000000" lon="11.279306999999999">
    </trkpt>
    <trkpt lat="44.311765999999999" lon="11.279032000000001">
    </trkpt>
    <trkpt lat="44.311160000000001" lon="11.278653000000000">
    </trkpt>
    <trkpt lat="44.310924000000000" lon="11.278579000000001">
    </trkpt>
    <trkpt lat="44.310696000000000" lon="11.278542000000000">
    </trkpt>
    <trkpt lat="44.310400999999999" lon="11.278521000000000">
    </trkpt>
    <trkpt lat="44.310203000000001" lon="11.278535000000000">
    </trkpt>
    <trkpt lat="44.309941999999999" lon="11.278611000000000">
    </trkpt>
    <trkpt lat="44.309418999999998" lon="11.278923000000001">
    </trkpt>
    <trkpt lat="44.309181000000002" lon="11.279044000000001">
    </trkpt>
    <trkpt lat="44.309075999999997" lon="11.279056000000001">
    </trkpt>
    <trkpt lat="44.308763999999996" lon="11.279057000000000">
    </trkpt>
    <trkpt lat="44.308497000000003" lon="11.279017000000000">
    </trkpt>
    <trkpt lat="44.308151000000002" lon="11.278902000000000">
    </trkpt>
    <trkpt lat="44.307991000000001" lon="11.278836999999999">
    </trkpt>
    <trkpt lat="44.307887999999998" lon="11.278826000000000">
    </trkpt>
    <trkpt lat="44.307282999999998" lon="11.279185999999999">
    </trkpt>
    <trkpt lat="44.306237000000003" lon="11.279108000000001">
    </trkpt>
    <trkpt lat="44.306108999999999" lon="11.279121999999999">
    </trkpt>
    <trkpt lat="44.305777999999997" lon="11.279211999999999">
    </trkpt>
    <trkpt lat="44.305777999999997" lon="11.279211999999999">
    </trkpt>
    <trkpt lat="44.305213999999999" lon="11.279180999999999">
    </trkpt>
    <trkpt lat="44.305072000000003" lon="11.279213000000000">
    </trkpt>
    <trkpt lat="44.304355000000001" lon="11.279605000000000">
    </trkpt>
    <trkpt lat="44.304108999999997" lon="11.279672000000000">
    </trkpt>
    <trkpt lat="44.303915000000003" lon="11.279650999999999">
    </trkpt>
    <trkpt lat="44.302793000000001" lon="11.279239000000000">
    </trkpt>
    <trkpt lat="44.302678999999998" lon="11.279223000000000">
    </trkpt>
    <trkpt lat="44.302376000000002" lon="11.279268000000000">
    </trkpt>
    <trkpt lat="44.302275999999999" lon="11.279235999999999">
    </trkpt>
    <trkpt lat="44.301957000000002" lon="11.279083000000000">
    </trkpt>
    <trkpt lat="44.301774999999999" lon="11.279067000000000">
    </trkpt>
    <trkpt lat="44.300815999999998" lon="11.279320000000000">
    </trkpt>
    <trkpt lat="44.300660999999998" lon="11.279332000000000">
    </trkpt>
    <trkpt lat="44.300141000000004" lon="11.279532000000000">
    </trkpt>
    <trkpt lat="44.300077000000002" lon="11.279616000000001">
    </trkpt>
    <trkpt lat="44.299703000000001" lon="11.279805000000000">
    </trkpt>
    <trkpt lat="44.299410000000002" lon="11.279966999999999">
    </trkpt>
    <trkpt lat="44.299326000000001" lon="11.279889000000001">
    </trkpt>
    <trkpt lat="44.299249000000003" lon="11.279907000000000">
    </trkpt>
    <trkpt lat="44.298901000000001" lon="11.280182999999999">
    </trkpt>
    <trkpt lat="44.298788000000002" lon="11.280688000000000">
    </trkpt>
    <trkpt lat="44.298274999999997" lon="11.280977999999999">
    </trkpt>
    <trkpt lat="44.298200000000001" lon="11.280970000000000">
    </trkpt>
    <trkpt lat="44.297910000000002" lon="11.280797000000000">
    </trkpt>
    <trkpt lat="44.297680000000000" lon="11.280777000000000">
    </trkpt>
    <trkpt lat="44.297545999999997" lon="11.280853000000000">
    </trkpt>
    <trkpt lat="44.297432999999998" lon="11.280849000000000">
    </trkpt>
    <trkpt lat="44.297224999999997" lon="11.280925999999999">
    </trkpt>
    <trkpt lat="44.297047999999997" lon="11.281113000000000">
    </trkpt>
    <trkpt lat="44.297047999999997" lon="11.281113000000000">
    </trkpt>
    <trkpt lat="44.296881999999997" lon="11.281193999999999">
    </trkpt>
    <trkpt lat="44.296756000000002" lon="11.281383000000000">
    </trkpt>
    <trkpt lat="44.296622999999997" lon="11.281385999999999">
    </trkpt>
    <trkpt lat="44.296551999999998" lon="11.281416000000000">
    </trkpt>
    <trkpt lat="44.296486000000002" lon="11.281551000000000">
    </trkpt>
    <trkpt lat="44.296366999999996" lon="11.281660000000000">
    </trkpt>
    <trkpt lat="44.296366999999996" lon="11.281660000000000">
    </trkpt>
    <trkpt lat="44.296205000000000" lon="11.281653000000000">
    </trkpt>
    <trkpt lat="44.296115000000000" lon="11.281511999999999">
    </trkpt>
    <trkpt lat="44.296135999999997" lon="11.281343000000000">
    </trkpt>
    <trkpt lat="44.296250999999998" lon="11.281172000000000">
    </trkpt>
    <trkpt lat="44.296058000000002" lon="11.281158000000000">
    </trkpt>
    <trkpt lat="44.295909999999999" lon="11.281101000000000">
    </trkpt>
    <trkpt lat="44.295755999999997" lon="11.280889000000000">
    </trkpt>
    <trkpt lat="44.295338000000001" lon="11.280557999999999">
    </trkpt>
    <trkpt lat="44.295287999999999" lon="11.280457000000000">
    </trkpt>
    <trkpt lat="44.295338000000001" lon="11.280091000000001">
    </trkpt>
    <trkpt lat="44.295313000000000" lon="11.279906000000000">
    </trkpt>
    <trkpt lat="44.295226999999997" lon="11.279738000000000">
    </trkpt>
    <trkpt lat="44.294967000000000" lon="11.279510999999999">
    </trkpt>
    <trkpt lat="44.294871999999998" lon="11.279534000000000">
    </trkpt>
    <trkpt lat="44.294575999999999" lon="11.279733000000000">
    </trkpt>
    <trkpt lat="44.294348999999997" lon="11.279711000000001">
    </trkpt>
    <trkpt lat="44.294072999999997" lon="11.279615000000000">
    </trkpt>
    <trkpt lat="44.293872999999998" lon="11.279462000000001">
    </trkpt>
    <trkpt lat="44.293729999999996" lon="11.279292999999999">
    </trkpt>
    <trkpt lat="44.293543000000000" lon="11.278937000000001">
    </trkpt>
    <trkpt lat="44.293246000000003" lon="11.278465000000001">
    </trkpt>
    <trkpt lat="44.292816999999999" lon="11.277889000000000">
    </trkpt>
    <trkpt lat="44.292676000000000" lon="11.277680999999999">
    </trkpt>
    <trkpt lat="44.292565000000003" lon="11.277585000000000">
    </trkpt>
    <trkpt lat="44.292149000000002" lon="11.277345000000000">
    </trkpt>
    <trkpt lat="44.291804999999997" lon="11.277068999999999">
    </trkpt>
    <trkpt lat="44.291609000000001" lon="11.276963000000000">
    </trkpt>
    <trkpt lat="44.290033999999999" lon="11.276895000000000">
    </trkpt>
    <trkpt lat="44.289546999999999" lon="11.276942000000000">
    </trkpt>
    <trkpt lat="44.288829000000000" lon="11.277157000000001">
    </trkpt>
    <trkpt lat="44.288299000000002" lon="11.277471999999999">
    </trkpt>
    <trkpt lat="44.287627999999998" lon="11.277735000000000">
    </trkpt>
    <trkpt lat="44.287309999999998" lon="11.278045000000001">
    </trkpt>
    <trkpt lat="44.287362999999999" lon="11.278461000000000">
    </trkpt>
    <trkpt lat="44.287337000000001" lon="11.278618000000000">
    </trkpt>
    <trkpt lat="44.287261000000001" lon="11.278832000000000">
    </trkpt>
    <trkpt lat="44.287171000000001" lon="11.279335000000000">
    </trkpt>
    <trkpt lat="44.287179000000002" lon="11.279861000000000">
    </trkpt>
    <trkpt lat="44.287134000000002" lon="11.280030000000000">
    </trkpt>
    <trkpt lat="44.286937000000002" lon="11.280365000000000">
    </trkpt>
    <trkpt lat="44.286897000000003" lon="11.280777000000000">
    </trkpt>
    <trkpt lat="44.287078000000001" lon="11.281165000000000">
    </trkpt>
    <trkpt lat="44.287103999999999" lon="11.281264000000000">
    </trkpt>
    <trkpt lat="44.287269999999999" lon="11.281488000000000">
    </trkpt>
    <trkpt lat="44.287295999999998" lon="11.281580999999999">
    </trkpt>
    <trkpt lat="44.287264999999998" lon="11.281673000000000">
    </trkpt>
    <trkpt lat="44.286980999999997" lon="11.281765999999999">
    </trkpt>
    <trkpt lat="44.286923999999999" lon="11.281803000000000">
    </trkpt>
    <trkpt lat="44.286883000000003" lon="11.281885000000001">
    </trkpt>
    <trkpt lat="44.286805000000001" lon="11.282050999999999">
    </trkpt>
    <trkpt lat="44.286734000000003" lon="11.282079000000000">
    </trkpt>
    <trkpt lat="44.286588000000002" lon="11.281983000000000">
    </trkpt>
    <trkpt lat="44.286588000000002" lon="11.281983000000000">
    </trkpt>
    <trkpt lat="44.286515000000001" lon="11.282007999999999">
    </trkpt>
    <trkpt lat="44.286451999999997" lon="11.281888000000000">
    </trkpt>
    <trkpt lat="44.286355999999998" lon="11.281817999999999">
    </trkpt>
    <trkpt lat="44.286189000000000" lon="11.281832000000000">
    </trkpt>
    <trkpt lat="44.286034999999998" lon="11.281912000000000">
    </trkpt>
    <trkpt lat="44.285955999999999" lon="11.281985000000001">
    </trkpt>
    <trkpt lat="44.285800999999999" lon="11.281929999999999">
    </trkpt>
    <trkpt lat="44.285800999999999" lon="11.281929999999999">
    </trkpt>
    <trkpt lat="44.285640000000001" lon="11.281560000000001">
    </trkpt>
    <trkpt lat="44.285629999999998" lon="11.281465000000001">
    </trkpt>
    <trkpt lat="44.285617000000002" lon="11.281324000000000">
    </trkpt>
    <trkpt lat="44.285465000000002" lon="11.281034999999999">
    </trkpt>
    <trkpt lat="44.285317999999997" lon="11.280811000000000">
    </trkpt>
    <trkpt lat="44.285252000000000" lon="11.280728999999999">
    </trkpt>
    <trkpt lat="44.285151999999997" lon="11.280659000000000">
    </trkpt>
    <trkpt lat="44.284978000000002" lon="11.280296999999999">
    </trkpt>
    <trkpt lat="44.284978000000002" lon="11.280296999999999">
    </trkpt>
    <trkpt lat="44.284894000000001" lon="11.280269000000001">
    </trkpt>
    <trkpt lat="44.284807999999998" lon="11.280184999999999">
    </trkpt>
    <trkpt lat="44.284734999999998" lon="11.280044000000000">
    </trkpt>
    <trkpt lat="44.284596999999998" lon="11.279990000000000">
    </trkpt>
    <trkpt lat="44.284435000000002" lon="11.279960000000001">
    </trkpt>
    <trkpt lat="44.284340999999998" lon="11.279899000000000">
    </trkpt>
    <trkpt lat="44.284173000000003" lon="11.279480000000000">
    </trkpt>
    <trkpt lat="44.284320999999998" lon="11.279242999999999">
    </trkpt>
    <trkpt lat="44.283890999999997" lon="11.279235000000000">
    </trkpt>
    <trkpt lat="44.283648999999997" lon="11.279245000000000">
    </trkpt>
    <trkpt lat="44.283270999999999" lon="11.279296000000000">
    </trkpt>
    <trkpt lat="44.283144000000000" lon="11.279280999999999">
    </trkpt>
    <trkpt lat="44.282677999999997" lon="11.279076000000000">
    </trkpt>
    <trkpt lat="44.282558999999999" lon="11.278959000000000">
    </trkpt>
    <trkpt lat="44.282468000000001" lon="11.278815000000000">
    </trkpt>
    <trkpt lat="44.282378999999999" lon="11.278549999999999">
    </trkpt>
    <trkpt lat="44.282358000000002" lon="11.278299000000001">
    </trkpt>
    <trkpt lat="44.282232000000000" lon="11.278129000000000">
    </trkpt>
    <trkpt lat="44.282169000000003" lon="11.277977999999999">
    </trkpt>
    <trkpt lat="44.282060000000001" lon="11.277593000000000">
    </trkpt>
    <trkpt lat="44.281951999999997" lon="11.277243000000000">
    </trkpt>
    <trkpt lat="44.281716000000003" lon="11.276747000000000">
    </trkpt>
    <trkpt lat="44.281332999999997" lon="11.276433000000001">
    </trkpt>
    <trkpt lat="44.281238999999999" lon="11.276392000000000">
    </trkpt>
    <trkpt lat="44.281104999999997" lon="11.276368000000000">
    </trkpt>
    <trkpt lat="44.280876999999997" lon="11.276387000000000">
    </trkpt>
    <trkpt lat="44.280783000000000" lon="11.276346000000000">
    </trkpt>
    <trkpt lat="44.280554000000002" lon="11.276047000000000">
    </trkpt>
    <trkpt lat="44.280411999999998" lon="11.275957000000000">
    </trkpt>
    <trkpt lat="44.280290000000001" lon="11.275831999999999">
    </trkpt>
    <trkpt lat="44.280109000000003" lon="11.275708000000000">
    </trkpt>
    <trkpt lat="44.279876999999999" lon="11.275577999999999">
    </trkpt>
    <trkpt lat="44.279679999999999" lon="11.275415000000001">
    </trkpt>
    <trkpt lat="44.279567999999998" lon="11.275280000000000">
    </trkpt>
    <trkpt lat="44.279074999999999" lon="11.275017000000000">
    </trkpt>
    <trkpt lat="44.278849999999998" lon="11.274877999999999">
    </trkpt>
    <trkpt lat="44.278427000000001" lon="11.274552999999999">
    </trkpt>
    <trkpt lat="44.278182000000001" lon="11.274366000000001">
    </trkpt>
    <trkpt lat="44.278086999999999" lon="11.274349000000001">
    </trkpt>
    <trkpt lat="44.278241999999999" lon="11.274041000000000">
    </trkpt>
    <trkpt lat="44.278317999999999" lon="11.273968999999999">
    </trkpt>
    <trkpt lat="44.278458999999998" lon="11.273927000000000">
    </trkpt>
    <trkpt lat="44.278502000000003" lon="11.273835999999999">
    </trkpt>
    <trkpt lat="44.278523999999997" lon="11.273578000000001">
    </trkpt>
    <trkpt lat="44.278618000000002" lon="11.273410000000000">
    </trkpt>
    <trkpt lat="44.278759999999998" lon="11.273358999999999">
    </trkpt>
    <trkpt lat="44.278900999999998" lon="11.273374000000000">
    </trkpt>
    <trkpt lat="44.278900999999998" lon="11.273374000000000">
    </trkpt>
    <trkpt lat="44.278863999999999" lon="11.273175999999999">
    </trkpt>
    <trkpt lat="44.278646999999999" lon="11.272615999999999">
    </trkpt>
    <trkpt lat="44.278520999999998" lon="11.272162000000000">
    </trkpt>
    <trkpt lat="44.278359999999999" lon="11.271520000000001">
    </trkpt>
    <trkpt lat="44.278390999999999" lon="11.271020000000000">
    </trkpt>
    <trkpt lat="44.278398000000003" lon="11.270883000000000">
    </trkpt>
    <trkpt lat="44.278328000000002" lon="11.270645000000000">
    </trkpt>
    <trkpt lat="44.277994999999997" lon="11.271089999999999">
    </trkpt>
    <trkpt lat="44.277481000000002" lon="11.271352000000000">
    </trkpt>
    <trkpt lat="44.276879000000001" lon="11.271640000000000">
    </trkpt>
    <trkpt lat="44.276575999999999" lon="11.271685000000000">
    </trkpt>
    <trkpt lat="44.276387999999997" lon="11.271678000000000">
    </trkpt>
    <trkpt lat="44.275398000000003" lon="11.271452000000000">
    </trkpt>
    <trkpt lat="44.275131000000002" lon="11.271367000000000">
    </trkpt>
    <trkpt lat="44.274645999999997" lon="11.271049000000000">
    </trkpt>
    <trkpt lat="44.274358999999997" lon="11.270963000000000">
    </trkpt>
    <trkpt lat="44.274203999999997" lon="11.270956999999999">
    </trkpt>
    <trkpt lat="44.273992000000000" lon="11.270809000000000">
    </trkpt>
    <trkpt lat="44.273992000000000" lon="11.270809000000000">
    </trkpt>
    <trkpt lat="44.273812000000000" lon="11.270746000000001">
    </trkpt>
    <trkpt lat="44.273667000000003" lon="11.270609000000000">
    </trkpt>
    <trkpt lat="44.273527999999999" lon="11.270428000000001">
    </trkpt>
    <trkpt lat="44.273350000000001" lon="11.270320000000000">
    </trkpt>
    <trkpt lat="44.273204000000000" lon="11.270308000000000">
    </trkpt>
    <trkpt lat="44.272979999999997" lon="11.270360000000000">
    </trkpt>
    <trkpt lat="44.272303000000001" lon="11.270652000000000">
    </trkpt>
    <trkpt lat="44.272151000000001" lon="11.270676000000000">
    </trkpt>
    <trkpt lat="44.271864000000001" lon="11.270692000000000">
    </trkpt>
    <trkpt lat="44.271769999999997" lon="11.270797000000000">
    </trkpt>
    <trkpt lat="44.271647999999999" lon="11.271056000000000">
    </trkpt>
    <trkpt lat="44.271518000000000" lon="11.271214000000001">
    </trkpt>
    <trkpt lat="44.271405999999999" lon="11.271243000000000">
    </trkpt>
    <trkpt lat="44.271151000000003" lon="11.271315000000000">
    </trkpt>
    <trkpt lat="44.271033000000003" lon="11.271398000000000">
    </trkpt>
    <trkpt lat="44.270961999999997" lon="11.271565000000001">
    </trkpt>
    <trkpt lat="44.270930999999997" lon="11.271895000000001">
    </trkpt>
    <trkpt lat="44.270957000000003" lon="11.272302000000000">
    </trkpt>
    <trkpt lat="44.270895000000003" lon="11.272489000000000">
    </trkpt>
    <trkpt lat="44.270629000000000" lon="11.272736999999999">
    </trkpt>
    <trkpt lat="44.269742000000001" lon="11.272990000000000">
    </trkpt>
    <trkpt lat="44.269502000000003" lon="11.273035000000000">
    </trkpt>
    <trkpt lat="44.269120999999998" lon="11.272152000000000">
    </trkpt>
    <trkpt lat="44.269050999999997" lon="11.271502999999999">
    </trkpt>
    <trkpt lat="44.269140999999998" lon="11.271167999999999">
    </trkpt>
    <trkpt lat="44.269105000000003" lon="11.271029000000000">
    </trkpt>
    <trkpt lat="44.268779000000002" lon="11.270462999999999">
    </trkpt>
    <trkpt lat="44.268475000000002" lon="11.269920000000001">
    </trkpt>
    <trkpt lat="44.268276000000000" lon="11.269682000000000">
    </trkpt>
    <trkpt lat="44.268042000000001" lon="11.269488000000001">
    </trkpt>
    <trkpt lat="44.267823000000000" lon="11.269196000000001">
    </trkpt>
    <trkpt lat="44.267622000000003" lon="11.268941999999999">
    </trkpt>
    <trkpt lat="44.267297999999997" lon="11.268837000000000">
    </trkpt>
    <trkpt lat="44.267020000000002" lon="11.268642000000000">
    </trkpt>
    <trkpt lat="44.266893000000003" lon="11.268352000000000">
    </trkpt>
    <trkpt lat="44.266880000000000" lon="11.268190000000001">
    </trkpt>
    <trkpt lat="44.266919000000001" lon="11.267585000000000">
    </trkpt>
    <trkpt lat="44.266953999999998" lon="11.267148000000001">
    </trkpt>
    <trkpt lat="44.267009000000002" lon="11.266698000000000">
    </trkpt>
    <trkpt lat="44.267136999999998" lon="11.266329000000001">
    </trkpt>
    <trkpt lat="44.267162999999996" lon="11.266156000000001">
    </trkpt>
    <trkpt lat="44.267150999999998" lon="11.265364000000000">
    </trkpt>
    <trkpt lat="44.267142999999997" lon="11.265210000000000">
    </trkpt>
    <trkpt lat="44.267083999999997" lon="11.265138000000000">
    </trkpt>
    <trkpt lat="44.266742999999998" lon="11.265067000000000">
    </trkpt>
    <trkpt lat="44.266601999999999" lon="11.264931000000001">
    </trkpt>
    <trkpt lat="44.266022999999997" lon="11.264586000000000">
    </trkpt>
    <trkpt lat="44.265869000000002" lon="11.264571999999999">
    </trkpt>
    <trkpt lat="44.265701999999997" lon="11.264643000000000">
    </trkpt>
    <trkpt lat="44.265514000000003" lon="11.264927999999999">
    </trkpt>
    <trkpt lat="44.265428999999997" lon="11.264994000000000">
    </trkpt>
    <trkpt lat="44.265189999999997" lon="11.265069000000000">
    </trkpt>
    <trkpt lat="44.265130999999997" lon="11.265297000000000">
    </trkpt>
    <trkpt lat="44.265050000000002" lon="11.265447999999999">
    </trkpt>
    <trkpt lat="44.264798999999996" lon="11.265577000000000">
    </trkpt>
    <trkpt lat="44.264617000000001" lon="11.265547000000000">
    </trkpt>
    <trkpt lat="44.264152000000003" lon="11.265275000000001">
    </trkpt>
    <trkpt lat="44.264001000000000" lon="11.265186999999999">
    </trkpt>
    <trkpt lat="44.263271000000003" lon="11.264887999999999">
    </trkpt>
    <trkpt lat="44.263140000000000" lon="11.264798000000001">
    </trkpt>
    <trkpt lat="44.262497000000003" lon="11.264627000000001">
    </trkpt>
    <trkpt lat="44.262349000000000" lon="11.264614000000000">
    </trkpt>
    <trkpt lat="44.262124000000000" lon="11.264670000000001">
    </trkpt>
    <trkpt lat="44.261951000000003" lon="11.264409000000001">
    </trkpt>
    <trkpt lat="44.261865000000000" lon="11.264409000000001">
    </trkpt>
    <trkpt lat="44.261789999999998" lon="11.264460000000000">
    </trkpt>
    <trkpt lat="44.261715000000002" lon="11.264540000000000">
    </trkpt>
    <trkpt lat="44.261560000000003" lon="11.264556000000001">
    </trkpt>
    <trkpt lat="44.261513999999998" lon="11.264521000000000">
    </trkpt>
    <trkpt lat="44.261445999999999" lon="11.264362000000000">
    </trkpt>
    <trkpt lat="44.261274999999998" lon="11.264165000000000">
    </trkpt>
    <trkpt lat="44.261184000000000" lon="11.264087999999999">
    </trkpt>
    <trkpt lat="44.260984999999998" lon="11.263747000000000">
    </trkpt>
    <trkpt lat="44.260911000000000" lon="11.263552000000001">
    </trkpt>
    <trkpt lat="44.260812999999999" lon="11.263470999999999">
    </trkpt>
    <trkpt lat="44.260688999999999" lon="11.263524000000000">
    </trkpt>
    <trkpt lat="44.260599999999997" lon="11.263719000000000">
    </trkpt>
    <trkpt lat="44.260457000000002" lon="11.263626000000000">
    </trkpt>
    <trkpt lat="44.260223000000003" lon="11.263725000000001">
    </trkpt>
    <trkpt lat="44.260058999999998" lon="11.263760000000000">
    </trkpt>
    <trkpt lat="44.259886000000002" lon="11.263820000000001">
    </trkpt>
    <trkpt lat="44.259681000000000" lon="11.264120000000000">
    </trkpt>
    <trkpt lat="44.259613000000002" lon="11.264226000000001">
    </trkpt>
    <trkpt lat="44.259568000000002" lon="11.264211000000000">
    </trkpt>
    <trkpt lat="44.259562000000003" lon="11.264042000000000">
    </trkpt>
    <trkpt lat="44.259385999999999" lon="11.263928999999999">
    </trkpt>
    <trkpt lat="44.259245999999997" lon="11.263947999999999">
    </trkpt>
    <trkpt lat="44.259194000000001" lon="11.264022000000001">
    </trkpt>
    <trkpt lat="44.259127999999997" lon="11.264215000000000">
    </trkpt>
    <trkpt lat="44.259081000000002" lon="11.264517000000000">
    </trkpt>
    <trkpt lat="44.258975999999997" lon="11.264566000000000">
    </trkpt>
    <trkpt lat="44.258803999999998" lon="11.264551000000001">
    </trkpt>
    <trkpt lat="44.258656999999999" lon="11.264532000000001">
    </trkpt>
    <trkpt lat="44.258569000000001" lon="11.264492000000001">
    </trkpt>
    <trkpt lat="44.258437999999998" lon="11.264507000000000">
    </trkpt>
    <trkpt lat="44.258405000000003" lon="11.264593000000000">
    </trkpt>
    <trkpt lat="44.258463999999996" lon="11.264839000000000">
    </trkpt>
    <trkpt lat="44.258467000000003" lon="11.264965000000000">
    </trkpt>
    <trkpt lat="44.258360000000003" lon="11.265086999999999">
    </trkpt>
    <trkpt lat="44.258240999999998" lon="11.264946000000000">
    </trkpt>
    <trkpt lat="44.258045000000003" lon="11.264759000000000">
    </trkpt>
    <trkpt lat="44.257834000000003" lon="11.264652000000000">
    </trkpt>
    <trkpt lat="44.257722000000001" lon="11.264582000000001">
    </trkpt>
    <trkpt lat="44.257688000000002" lon="11.264547000000000">
    </trkpt>
    <trkpt lat="44.257685000000002" lon="11.264390000000001">
    </trkpt>
    <trkpt lat="44.257641999999997" lon="11.264286999999999">
    </trkpt>
    <trkpt lat="44.257587999999998" lon="11.264262000000000">
    </trkpt>
    <trkpt lat="44.257545000000000" lon="11.264215000000000">
    </trkpt>
    <trkpt lat="44.257506999999997" lon="11.264078000000000">
    </trkpt>
    <trkpt lat="44.257413000000000" lon="11.264042000000000">
    </trkpt>
    <trkpt lat="44.257317999999998" lon="11.264037999999999">
    </trkpt>
    <trkpt lat="44.257232000000002" lon="11.263928000000000">
    </trkpt>
    <trkpt lat="44.257078000000000" lon="11.263830000000000">
    </trkpt>
    <trkpt lat="44.256891000000003" lon="11.263862000000000">
    </trkpt>
    <trkpt lat="44.256686000000002" lon="11.264042999999999">
    </trkpt>
    <trkpt lat="44.256622999999998" lon="11.264132999999999">
    </trkpt>
    <trkpt lat="44.256574999999998" lon="11.264354000000001">
    </trkpt>
    <trkpt lat="44.256408000000000" lon="11.264777000000000">
    </trkpt>
    <trkpt lat="44.256236000000001" lon="11.264924000000001">
    </trkpt>
    <trkpt lat="44.255969000000000" lon="11.265148999999999">
    </trkpt>
    <trkpt lat="44.255903000000004" lon="11.265247000000000">
    </trkpt>
    <trkpt lat="44.255774000000002" lon="11.265160000000000">
    </trkpt>
    <trkpt lat="44.255536999999997" lon="11.264867000000001">
    </trkpt>
    <trkpt lat="44.255718999999999" lon="11.264590000000000">
    </trkpt>
    <trkpt lat="44.255761000000000" lon="11.264423000000001">
    </trkpt>
    <trkpt lat="44.255747000000000" lon="11.264168000000000">
    </trkpt>
    <trkpt lat="44.255696999999998" lon="11.264059000000000">
    </trkpt>
    <trkpt lat="44.255577000000002" lon="11.263678000000001">
    </trkpt>
    <trkpt lat="44.255547999999997" lon="11.263442000000000">
    </trkpt>
    <trkpt lat="44.255397000000002" lon="11.263272000000001">
    </trkpt>
    <trkpt lat="44.254995999999998" lon="11.262877000000000">
    </trkpt>
    <trkpt lat="44.254888000000001" lon="11.262810000000000">
    </trkpt>
    <trkpt lat="44.254685000000002" lon="11.262629000000000">
    </trkpt>
    <trkpt lat="44.254404000000001" lon="11.262597000000000">
    </trkpt>
    <trkpt lat="44.254229000000002" lon="11.262546000000000">
    </trkpt>
    <trkpt lat="44.254044999999998" lon="11.262261000000001">
    </trkpt>
    <trkpt lat="44.253782999999999" lon="11.262028000000001">
    </trkpt>
    <trkpt lat="44.253601000000003" lon="11.261891000000000">
    </trkpt>
    <trkpt lat="44.253300000000003" lon="11.261226000000001">
    </trkpt>
    <trkpt lat="44.252788000000002" lon="11.260306999999999">
    </trkpt>
    <trkpt lat="44.252654999999997" lon="11.260033000000000">
    </trkpt>
    <trkpt lat="44.252411000000002" lon="11.259517000000001">
    </trkpt>
    <trkpt lat="44.252212999999998" lon="11.259434000000001">
    </trkpt>
    <trkpt lat="44.251908000000000" lon="11.259257000000000">
    </trkpt>
    <trkpt lat="44.251626000000002" lon="11.259155000000000">
    </trkpt>
    <trkpt lat="44.251274000000002" lon="11.259274000000000">
    </trkpt>
    <trkpt lat="44.251047000000000" lon="11.259389000000001">
    </trkpt>
    <trkpt lat="44.250880000000002" lon="11.259416000000000">
    </trkpt>
    <trkpt lat="44.250763999999997" lon="11.259313000000001">
    </trkpt>
    <trkpt lat="44.250597999999997" lon="11.258991999999999">
    </trkpt>
    <trkpt lat="44.250540999999998" lon="11.258899000000000">
    </trkpt>
    <trkpt lat="44.250441000000002" lon="11.258863000000000">
    </trkpt>
    <trkpt lat="44.250352999999997" lon="11.258801000000000">
    </trkpt>
    <trkpt lat="44.250323000000002" lon="11.258528999999999">
    </trkpt>
    <trkpt lat="44.250273000000000" lon="11.258369999999999">
    </trkpt>
    <trkpt lat="44.250098999999999" lon="11.258182000000000">
    </trkpt>
    <trkpt lat="44.249800000000000" lon="11.258152000000001">
    </trkpt>
    <trkpt lat="44.249800000000000" lon="11.258152000000001">
    </trkpt>
    <trkpt lat="44.249665000000000" lon="11.258098000000000">
    </trkpt>
    <trkpt lat="44.249619000000003" lon="11.258005000000001">
    </trkpt>
    <trkpt lat="44.249563999999999" lon="11.257483000000001">
    </trkpt>
    <trkpt lat="44.249510000000001" lon="11.257303000000000">
    </trkpt>
    <trkpt lat="44.249451000000001" lon="11.257209000000000">
    </trkpt>
    <trkpt lat="44.248882999999999" lon="11.257685000000000">
    </trkpt>
    <trkpt lat="44.248823999999999" lon="11.257688999999999">
    </trkpt>
    <trkpt lat="44.248748999999997" lon="11.257520000000000">
    </trkpt>
    <trkpt lat="44.248434000000003" lon="11.257239000000000">
    </trkpt>
    <trkpt lat="44.248015000000002" lon="11.257180999999999">
    </trkpt>
    <trkpt lat="44.247329999999998" lon="11.257739000000001">
    </trkpt>
    <trkpt lat="44.247197999999997" lon="11.257726000000000">
    </trkpt>
    <trkpt lat="44.246940000000002" lon="11.257616000000001">
    </trkpt>
    <trkpt lat="44.246693000000000" lon="11.257572000000000">
    </trkpt>
    <trkpt lat="44.246474999999997" lon="11.257656000000001">
    </trkpt>
    <trkpt lat="44.246312000000003" lon="11.257842000000000">
    </trkpt>
    <trkpt lat="44.245835999999997" lon="11.258153999999999">
    </trkpt>
    <trkpt lat="44.245556000000001" lon="11.258316000000001">
    </trkpt>
    <trkpt lat="44.245119000000003" lon="11.258724000000001">
    </trkpt>
    <trkpt lat="44.245072999999998" lon="11.258717000000001">
    </trkpt>
    <trkpt lat="44.244613000000001" lon="11.258495000000000">
    </trkpt>
    <trkpt lat="44.244264000000001" lon="11.258535999999999">
    </trkpt>
    <trkpt lat="44.244059999999998" lon="11.258540000000000">
    </trkpt>
    <trkpt lat="44.243572999999998" lon="11.258290000000001">
    </trkpt>
    <trkpt lat="44.243392000000000" lon="11.258245000000001">
    </trkpt>
    <trkpt lat="44.243074999999997" lon="11.258048000000000">
    </trkpt>
    <trkpt lat="44.242969000000002" lon="11.258024000000001">
    </trkpt>
    <trkpt lat="44.241987999999999" lon="11.258011000000000">
    </trkpt>
    <trkpt lat="44.241604000000002" lon="11.258119000000001">
    </trkpt>
    <trkpt lat="44.240963999999998" lon="11.257880999999999">
    </trkpt>
    <trkpt lat="44.240808000000001" lon="11.257861999999999">
    </trkpt>
    <trkpt lat="44.240437000000000" lon="11.257963000000000">
    </trkpt>
    <trkpt lat="44.240020999999999" lon="11.257796000000001">
    </trkpt>
    <trkpt lat="44.239525999999998" lon="11.257395000000001">
    </trkpt>
    <trkpt lat="44.239134999999997" lon="11.257228000000000">
    </trkpt>
    <trkpt lat="44.239026000000003" lon="11.257210000000001">
    </trkpt>
    <trkpt lat="44.238860000000003" lon="11.257254000000000">
    </trkpt>
    <trkpt lat="44.238570000000003" lon="11.257206000000000">
    </trkpt>
    <trkpt lat="44.238213000000002" lon="11.257317000000000">
    </trkpt>
    <trkpt lat="44.237766999999998" lon="11.257289999999999">
    </trkpt>
    <trkpt lat="44.237143000000003" lon="11.257400000000001">
    </trkpt>
    <trkpt lat="44.236904000000003" lon="11.257584000000000">
    </trkpt>
    <trkpt lat="44.236646999999998" lon="11.257229000000001">
    </trkpt>
    <trkpt lat="44.236538000000003" lon="11.257197000000000">
    </trkpt>
    <trkpt lat="44.236485000000002" lon="11.257223000000000">
    </trkpt>
    <trkpt lat="44.236089000000000" lon="11.257466000000001">
    </trkpt>
    <trkpt lat="44.235515999999997" lon="11.257664999999999">
    </trkpt>
    <trkpt lat="44.234476000000001" lon="11.257443000000000">
    </trkpt>
    <trkpt lat="44.234048999999999" lon="11.257542000000001">
    </trkpt>
    <trkpt lat="44.233519000000001" lon="11.257752999999999">
    </trkpt>
    <trkpt lat="44.233254000000002" lon="11.258036000000001">
    </trkpt>
    <trkpt lat="44.232985999999997" lon="11.258196999999999">
    </trkpt>
    <trkpt lat="44.232843000000003" lon="11.258217999999999">
    </trkpt>
    <trkpt lat="44.232455000000002" lon="11.258273000000001">
    </trkpt>
    <trkpt lat="44.232067999999998" lon="11.258634000000001">
    </trkpt>
    <trkpt lat="44.231973000000004" lon="11.258690000000000">
    </trkpt>
    <trkpt lat="44.231189000000001" lon="11.258597000000000">
    </trkpt>
    <trkpt lat="44.230611000000003" lon="11.258812000000001">
    </trkpt>
    <trkpt lat="44.230440000000002" lon="11.258832000000000">
    </trkpt>
    <trkpt lat="44.229716000000003" lon="11.258623000000000">
    </trkpt>
    <trkpt lat="44.229331999999999" lon="11.258628000000000">
    </trkpt>
    <trkpt lat="44.229211999999997" lon="11.258690000000000">
    </trkpt>
    <trkpt lat="44.229078000000001" lon="11.258711000000000">
    </trkpt>
    <trkpt lat="44.228928000000003" lon="11.258666000000000">
    </trkpt>
    <trkpt lat="44.228928000000003" lon="11.258666000000000">
    </trkpt>
    <trkpt lat="44.228501999999999" lon="11.258236999999999">
    </trkpt>
    <trkpt lat="44.228220000000000" lon="11.258134000000000">
    </trkpt>
    <trkpt lat="44.228079000000001" lon="11.258023000000000">
    </trkpt>
    <trkpt lat="44.227812000000000" lon="11.257861000000000">
    </trkpt>
    <trkpt lat="44.227708000000000" lon="11.257619000000000">
    </trkpt>
    <trkpt lat="44.226945999999998" lon="11.256683000000001">
    </trkpt>
    <trkpt lat="44.226796000000000" lon="11.256610999999999">
    </trkpt>
    <trkpt lat="44.226381000000003" lon="11.256586000000000">
    </trkpt>
    <trkpt lat="44.226244000000001" lon="11.256567000000000">
    </trkpt>
    <trkpt lat="44.226106999999999" lon="11.256516000000000">
    </trkpt>
    <trkpt lat="44.225714000000004" lon="11.256475000000000">
    </trkpt>
    <trkpt lat="44.225577999999999" lon="11.256581000000001">
    </trkpt>
    <trkpt lat="44.224671999999998" lon="11.256755000000000">
    </trkpt>
    <trkpt lat="44.224034000000003" lon="11.257201999999999">
    </trkpt>
    <trkpt lat="44.223694000000002" lon="11.257571000000000">
    </trkpt>
    <trkpt lat="44.222966000000000" lon="11.257679000000000">
    </trkpt>
    <trkpt lat="44.222808000000001" lon="11.257701000000001">
    </trkpt>
    <trkpt lat="44.222306000000003" lon="11.258022000000000">
    </trkpt>
    <trkpt lat="44.222175999999997" lon="11.258001000000000">
    </trkpt>
    <trkpt lat="44.221874000000000" lon="11.257624000000000">
    </trkpt>
    <trkpt lat="44.221795999999998" lon="11.257588000000000">
    </trkpt>
    <trkpt lat="44.220615000000002" lon="11.257508000000000">
    </trkpt>
    <trkpt lat="44.220042999999997" lon="11.257346999999999">
    </trkpt>
    <trkpt lat="44.219320000000003" lon="11.257104999999999">
    </trkpt>
    <trkpt lat="44.219118000000002" lon="11.257030000000000">
    </trkpt>
    <trkpt lat="44.218215999999998" lon="11.256873000000001">
    </trkpt>
    <trkpt lat="44.218058999999997" lon="11.256883999999999">
    </trkpt>
    <trkpt lat="44.216796000000002" lon="11.257160000000001">
    </trkpt>
    <trkpt lat="44.216535999999998" lon="11.257160000000001">
    </trkpt>
    <trkpt lat="44.216276000000001" lon="11.257180000000000">
    </trkpt>
    <trkpt lat="44.215833000000003" lon="11.257163000000000">
    </trkpt>
    <trkpt lat="44.215724000000002" lon="11.257192999999999">
    </trkpt>
    <trkpt lat="44.215330000000002" lon="11.257372000000000">
    </trkpt>
    <trkpt lat="44.214924000000003" lon="11.257503000000000">
    </trkpt>
    <trkpt lat="44.214688000000002" lon="11.257604000000001">
    </trkpt>
    <trkpt lat="44.214542000000002" lon="11.257709000000000">
    </trkpt>
    <trkpt lat="44.214010999999999" lon="11.258108000000000">
    </trkpt>
    <trkpt lat="44.213819000000001" lon="11.258156000000000">
    </trkpt>
    <trkpt lat="44.213574000000001" lon="11.258330000000001">
    </trkpt>
    <trkpt lat="44.213368000000003" lon="11.258502999999999">
    </trkpt>
    <trkpt lat="44.213251999999997" lon="11.258687999999999">
    </trkpt>
    <trkpt lat="44.213135000000001" lon="11.259050000000000">
    </trkpt>
    <trkpt lat="44.212929000000003" lon="11.259482999999999">
    </trkpt>
    <trkpt lat="44.212220000000002" lon="11.260560000000000">
    </trkpt>
    <trkpt lat="44.212139999999998" lon="11.260624999999999">
    </trkpt>
    <trkpt lat="44.211638000000001" lon="11.261062000000001">
    </trkpt>
    <trkpt lat="44.211544000000004" lon="11.261098000000000">
    </trkpt>
    <trkpt lat="44.211188999999997" lon="11.261100000000001">
    </trkpt>
    <trkpt lat="44.210377000000001" lon="11.261469999999999">
    </trkpt>
    <trkpt lat="44.210279000000000" lon="11.261654999999999">
    </trkpt>
    <trkpt lat="44.210239000000001" lon="11.261937000000000">
    </trkpt>
    <trkpt lat="44.210137000000003" lon="11.262159000000000">
    </trkpt>
    <trkpt lat="44.209988000000003" lon="11.262242000000001">
    </trkpt>
    <trkpt lat="44.209778000000000" lon="11.262278999999999">
    </trkpt>
    <trkpt lat="44.209279000000002" lon="11.262302000000000">
    </trkpt>
    <trkpt lat="44.209170000000000" lon="11.262313000000001">
    </trkpt>
    <trkpt lat="44.209117999999997" lon="11.262356000000000">
    </trkpt>
    <trkpt lat="44.209060999999998" lon="11.262359000000000">
    </trkpt>
    <trkpt lat="44.209060999999998" lon="11.262359000000000">
    </trkpt>
    <trkpt lat="44.207397999999998" lon="11.261086000000001">
    </trkpt>
    <trkpt lat="44.207279999999997" lon="11.260977000000000">
    </trkpt>
    <trkpt lat="44.206899999999997" lon="11.260439999999999">
    </trkpt>
    <trkpt lat="44.205280999999999" lon="11.259149000000001">
    </trkpt>
    <trkpt lat="44.205219999999997" lon="11.259154000000001">
    </trkpt>
    <trkpt lat="44.204780999999997" lon="11.259399000000000">
    </trkpt>
    <trkpt lat="44.204647999999999" lon="11.259446000000001">
    </trkpt>
    <trkpt lat="44.204408000000001" lon="11.259449999999999">
    </trkpt>
    <trkpt lat="44.203955999999998" lon="11.259299000000000">
    </trkpt>
    <trkpt lat="44.203814000000001" lon="11.259300000000000">
    </trkpt>
    <trkpt lat="44.203364999999998" lon="11.259584000000000">
    </trkpt>
    <trkpt lat="44.203206999999999" lon="11.259850000000000">
    </trkpt>
    <trkpt lat="44.200533000000000" lon="11.260108000000001">
    </trkpt>
    <trkpt lat="44.200588000000003" lon="11.259885000000001">
    </trkpt>
    <trkpt lat="44.200206000000001" lon="11.260745000000000">
    </trkpt>
    <trkpt lat="44.200023000000002" lon="11.260738000000000">
    </trkpt>
    <trkpt lat="44.199820000000003" lon="11.260730000000001">
    </trkpt>
    <trkpt lat="44.199559999999998" lon="11.260579000000000">
    </trkpt>
    <trkpt lat="44.199278999999997" lon="11.260370999999999">
    </trkpt>
    <trkpt lat="44.199114999999999" lon="11.260477000000000">
    </trkpt>
    <trkpt lat="44.199230000000000" lon="11.260847999999999">
    </trkpt>
    <trkpt lat="44.199064000000000" lon="11.260983000000000">
    </trkpt>
    <trkpt lat="44.198945999999999" lon="11.260809000000000">
    </trkpt>
    <trkpt lat="44.198808999999997" lon="11.260550000000000">
    </trkpt>
    <trkpt lat="44.198632000000003" lon="11.260261000000000">
    </trkpt>
    <trkpt lat="44.198391999999998" lon="11.260083000000000">
    </trkpt>
    <trkpt lat="44.198376000000003" lon="11.259855999999999">
    </trkpt>
    <trkpt lat="44.198273000000000" lon="11.259937000000001">
    </trkpt>
    <trkpt lat="44.198287000000001" lon="11.260248000000001">
    </trkpt>
    <trkpt lat="44.198186000000000" lon="11.260244000000000">
    </trkpt>
    <trkpt lat="44.198107999999998" lon="11.260100000000000">
    </trkpt>
    <trkpt lat="44.197738999999999" lon="11.260282999999999">
    </trkpt>
    <trkpt lat="44.197515000000003" lon="11.260275000000000">
    </trkpt>
    <trkpt lat="44.197228000000003" lon="11.260433000000001">
    </trkpt>
    <trkpt lat="44.196803000000003" lon="11.260389000000000">
    </trkpt>
    <trkpt lat="44.196472999999997" lon="11.260630000000001">
    </trkpt>
    <trkpt lat="44.196412000000002" lon="11.260628000000001">
    </trkpt>
    <trkpt lat="44.196060000000003" lon="11.260980999999999">
    </trkpt>
    <trkpt lat="44.195875999999998" lon="11.261058999999999">
    </trkpt>
    <trkpt lat="44.195672000000002" lon="11.261107000000001">
    </trkpt>
    <trkpt lat="44.195487999999997" lon="11.261184999999999">
    </trkpt>
    <trkpt lat="44.195216000000002" lon="11.261570000000001">
    </trkpt>
    <trkpt lat="44.195172999999997" lon="11.261709000000000">
    </trkpt>
    <trkpt lat="44.195034000000000" lon="11.261533999999999">
    </trkpt>
    <trkpt lat="44.194834999999998" lon="11.261357000000000">
    </trkpt>
    <trkpt lat="44.194592999999998" lon="11.261264000000001">
    </trkpt>
    <trkpt lat="44.194313000000001" lon="11.261055000000001">
    </trkpt>
    <trkpt lat="44.194076000000003" lon="11.260707999999999">
    </trkpt>
    <trkpt lat="44.193758000000003" lon="11.260357000000001">
    </trkpt>
    <trkpt lat="44.193544000000003" lon="11.259897000000000">
    </trkpt>
    <trkpt lat="44.193368999999997" lon="11.259524000000001">
    </trkpt>
    <trkpt lat="44.193250999999997" lon="11.259321999999999">
    </trkpt>
    <trkpt lat="44.193154000000000" lon="11.259064000000000">
    </trkpt>
    <trkpt lat="44.193035999999999" lon="11.258889999999999">
    </trkpt>
    <trkpt lat="44.192855000000002" lon="11.258799000000000">
    </trkpt>
    <trkpt lat="44.192241000000003" lon="11.259086000000000">
    </trkpt>
    <trkpt lat="44.191913999999997" lon="11.259186000000000">
    </trkpt>
    <trkpt lat="44.191499000000000" lon="11.259622000000000">
    </trkpt>
    <trkpt lat="44.191429999999997" lon="11.259534000000000">
    </trkpt>
    <trkpt lat="44.191352999999999" lon="11.259334000000001">
    </trkpt>
    <trkpt lat="44.191352000000002" lon="11.258868000000000">
    </trkpt>
    <trkpt lat="44.191240999999998" lon="11.258328000000001">
    </trkpt>
    <trkpt lat="44.191003000000002" lon="11.258037000000000">
    </trkpt>
    <trkpt lat="44.190913999999999" lon="11.257906000000000">
    </trkpt>
    <trkpt lat="44.190877000000000" lon="11.257736000000000">
    </trkpt>
    <trkpt lat="44.190842000000004" lon="11.257452000000001">
    </trkpt>
    <trkpt lat="44.190846000000001" lon="11.257255000000001">
    </trkpt>
    <trkpt lat="44.190817000000003" lon="11.257182999999999">
    </trkpt>
    <trkpt lat="44.190745999999997" lon="11.257167000000001">
    </trkpt>
    <trkpt lat="44.190562000000000" lon="11.257216000000000">
    </trkpt>
    <trkpt lat="44.190480000000001" lon="11.257255000000001">
    </trkpt>
    <trkpt lat="44.190348000000000" lon="11.257250000000001">
    </trkpt>
    <trkpt lat="44.190156999999999" lon="11.257186000000001">
    </trkpt>
    <trkpt lat="44.189802000000000" lon="11.257145000000000">
    </trkpt>
    <trkpt lat="44.189560999999998" lon="11.257037000000000">
    </trkpt>
    <trkpt lat="44.189228000000000" lon="11.256925000000001">
    </trkpt>
    <trkpt lat="44.188929000000002" lon="11.256646000000000">
    </trkpt>
    <trkpt lat="44.188740000000003" lon="11.256455000000001">
    </trkpt>
    <trkpt lat="44.188428000000002" lon="11.256316000000000">
    </trkpt>
    <trkpt lat="44.188251999999999" lon="11.256493000000001">
    </trkpt>
    <trkpt lat="44.188009999999998" lon="11.256427000000000">
    </trkpt>
    <trkpt lat="44.187787999999998" lon="11.256347999999999">
    </trkpt>
    <trkpt lat="44.187586000000003" lon="11.256284000000001">
    </trkpt>
    <trkpt lat="44.187415999999999" lon="11.256178999999999">
    </trkpt>
    <trkpt lat="44.187004000000002" lon="11.255993999999999">
    </trkpt>
    <trkpt lat="44.186852999999999" lon="11.255917999999999">
    </trkpt>
    <trkpt lat="44.186670999999997" lon="11.255853999999999">
    </trkpt>
    <trkpt lat="44.186512999999998" lon="11.255651000000000">
    </trkpt>
    <trkpt lat="44.186188999999999" lon="11.255115999999999">
    </trkpt>
    <trkpt lat="44.185899999999997" lon="11.254809000000000">
    </trkpt>
    <trkpt lat="44.185870999999999" lon="11.254766000000000">
    </trkpt>
    <trkpt lat="44.185175999999998" lon="11.254457000000000">
    </trkpt>
    <trkpt lat="44.184902000000001" lon="11.254460999999999">
    </trkpt>
    <trkpt lat="44.184536999999999" lon="11.254447000000001">
    </trkpt>
    <trkpt lat="44.184212000000002" lon="11.254477000000000">
    </trkpt>
    <trkpt lat="44.184089000000000" lon="11.254543000000000">
    </trkpt>
    <trkpt lat="44.184074000000003" lon="11.254528000000001">
    </trkpt>
    <trkpt lat="44.183954999999997" lon="11.254621999999999">
    </trkpt>
    <trkpt lat="44.183852999999999" lon="11.254647000000000">
    </trkpt>
    <trkpt lat="44.183684999999997" lon="11.254697000000000">
    </trkpt>
    <trkpt lat="44.183551000000001" lon="11.254783000000000">
    </trkpt>
    <trkpt lat="44.183385999999999" lon="11.254897000000000">
    </trkpt>
    <trkpt lat="44.183160000000001" lon="11.254818000000000">
    </trkpt>
    <trkpt lat="44.183073999999998" lon="11.254545999999999">
    </trkpt>
    <trkpt lat="44.182701000000002" lon="11.254144000000000">
    </trkpt>
    <trkpt lat="44.182434999999998" lon="11.253724999999999">
    </trkpt>
    <trkpt lat="44.182203999999999" lon="11.253603000000000">
    </trkpt>
    <trkpt lat="44.182082000000001" lon="11.253620000000000">
    </trkpt>
    <trkpt lat="44.181953999999998" lon="11.253678000000001">
    </trkpt>
    <trkpt lat="44.181880999999997" lon="11.253788000000000">
    </trkpt>
    <trkpt lat="44.181717999999996" lon="11.254346999999999">
    </trkpt>
    <trkpt lat="44.181739999999998" lon="11.254502000000000">
    </trkpt>
    <trkpt lat="44.181556000000000" lon="11.255095000000001">
    </trkpt>
    <trkpt lat="44.181463000000001" lon="11.255162000000000">
    </trkpt>
    <trkpt lat="44.181145999999998" lon="11.255277000000000">
    </trkpt>
    <trkpt lat="44.181033999999997" lon="11.255273000000001">
    </trkpt>
    <trkpt lat="44.180906000000000" lon="11.255345000000000">
    </trkpt>
    <trkpt lat="44.180762999999999" lon="11.255388999999999">
    </trkpt>
    <trkpt lat="44.180647000000000" lon="11.255376999999999">
    </trkpt>
    <trkpt lat="44.180535999999996" lon="11.255345000000000">
    </trkpt>
    <trkpt lat="44.180456999999997" lon="11.255215000000000">
    </trkpt>
    <trkpt lat="44.180399999999999" lon="11.255037000000000">
    </trkpt>
    <trkpt lat="44.180118000000000" lon="11.254892000000000">
    </trkpt>
    <trkpt lat="44.178969000000002" lon="11.254474000000000">
    </trkpt>
    <trkpt lat="44.178919000000000" lon="11.254465000000000">
    </trkpt>
    <trkpt lat="44.178403000000003" lon="11.254121000000000">
    </trkpt>
    <trkpt lat="44.177874000000003" lon="11.253657000000000">
    </trkpt>
    <trkpt lat="44.177705000000003" lon="11.253501999999999">
    </trkpt>
    <trkpt lat="44.177610000000001" lon="11.253393000000001">
    </trkpt>
    <trkpt lat="44.177444999999999" lon="11.253273999999999">
    </trkpt>
    <trkpt lat="44.177432000000003" lon="11.253189000000001">
    </trkpt>
    <trkpt lat="44.177402000000001" lon="11.253152000000000">
    </trkpt>
    <trkpt lat="44.177351000000002" lon="11.253143000000000">
    </trkpt>
    <trkpt lat="44.177286000000002" lon="11.253140999999999">
    </trkpt>
    <trkpt lat="44.177152000000000" lon="11.253192000000000">
    </trkpt>
    <trkpt lat="44.176957999999999" lon="11.253261999999999">
    </trkpt>
    <trkpt lat="44.176884999999999" lon="11.253358000000000">
    </trkpt>
    <trkpt lat="44.176614000000001" lon="11.253722000000000">
    </trkpt>
    <trkpt lat="44.176543000000002" lon="11.253740000000001">
    </trkpt>
    <trkpt lat="44.176324999999999" lon="11.253717999999999">
    </trkpt>
    <trkpt lat="44.176107999999999" lon="11.253921000000000">
    </trkpt>
    <trkpt lat="44.175865000000002" lon="11.254130000000000">
    </trkpt>
    <trkpt lat="44.175725000000000" lon="11.254294000000000">
    </trkpt>
    <trkpt lat="44.175623000000002" lon="11.254333000000001">
    </trkpt>
    <trkpt lat="44.175424000000000" lon="11.254360000000000">
    </trkpt>
    <trkpt lat="44.175382999999997" lon="11.254372999999999">
    </trkpt>
    <trkpt lat="44.174965000000000" lon="11.254470000000000">
    </trkpt>
    <trkpt lat="44.174815000000002" lon="11.254351000000000">
    </trkpt>
    <trkpt lat="44.174740999999997" lon="11.254284999999999">
    </trkpt>
    <trkpt lat="44.174684999999997" lon="11.254282999999999">
    </trkpt>
    <trkpt lat="44.174658999999998" lon="11.254296000000000">
    </trkpt>
    <trkpt lat="44.174587000000002" lon="11.254343000000000">
    </trkpt>
    <trkpt lat="44.174500999999999" lon="11.254339000000000">
    </trkpt>
    <trkpt lat="44.174245999999997" lon="11.254153000000001">
    </trkpt>
    <trkpt lat="44.174174000000001" lon="11.254206999999999">
    </trkpt>
    <trkpt lat="44.174168999999999" lon="11.254193000000001">
    </trkpt>
    <trkpt lat="44.174045000000000" lon="11.254322000000000">
    </trkpt>
    <trkpt lat="44.173996000000002" lon="11.254447000000001">
    </trkpt>
    <trkpt lat="44.173979000000003" lon="11.254538000000000">
    </trkpt>
    <trkpt lat="44.173963000000001" lon="11.254854999999999">
    </trkpt>
    <trkpt lat="44.173918999999998" lon="11.255050000000001">
    </trkpt>
    <trkpt lat="44.173788000000002" lon="11.255229000000000">
    </trkpt>
    <trkpt lat="44.173696000000000" lon="11.255296000000000">
    </trkpt>
    <trkpt lat="44.173478000000003" lon="11.255506000000000">
    </trkpt>
    <trkpt lat="44.173014000000002" lon="11.255869000000001">
    </trkpt>
    <trkpt lat="44.172913000000001" lon="11.255844000000000">
    </trkpt>
    <trkpt lat="44.172787999999997" lon="11.255775999999999">
    </trkpt>
    <trkpt lat="44.172778000000001" lon="11.255732999999999">
    </trkpt>
    <trkpt lat="44.172677000000000" lon="11.255729000000001">
    </trkpt>
    <trkpt lat="44.172384999999998" lon="11.255865999999999">
    </trkpt>
    <trkpt lat="44.172179000000000" lon="11.256382000000000">
    </trkpt>
    <trkpt lat="44.172040000000003" lon="11.256608000000000">
    </trkpt>
    <trkpt lat="44.171923000000000" lon="11.256885000000000">
    </trkpt>
    <trkpt lat="44.171875000000000" lon="11.257016999999999">
    </trkpt>
    <trkpt lat="44.171595000000003" lon="11.257317000000000">
    </trkpt>
    <trkpt lat="44.171500999999999" lon="11.257460999999999">
    </trkpt>
    <trkpt lat="44.171322000000004" lon="11.257771999999999">
    </trkpt>
    <trkpt lat="44.171287999999997" lon="11.257800000000000">
    </trkpt>
    <trkpt lat="44.171076999999997" lon="11.257861000000000">
    </trkpt>
    <trkpt lat="44.170672000000003" lon="11.258057000000001">
    </trkpt>
    <trkpt lat="44.170462999999998" lon="11.258127000000000">
    </trkpt>
    <trkpt lat="44.170059000000002" lon="11.258245000000001">
    </trkpt>
    <trkpt lat="44.169516000000002" lon="11.258317999999999">
    </trkpt>
    <trkpt lat="44.169342999999998" lon="11.258296000000000">
    </trkpt>
    <trkpt lat="44.169282000000003" lon="11.258293000000000">
    </trkpt>
    <trkpt lat="44.168984000000002" lon="11.258478999999999">
    </trkpt>
    <trkpt lat="44.168723999999997" lon="11.258780000000000">
    </trkpt>
    <trkpt lat="44.168652999999999" lon="11.258791000000000">
    </trkpt>
    <trkpt lat="44.168588999999997" lon="11.258944000000000">
    </trkpt>
    <trkpt lat="44.168455000000002" lon="11.259036999999999">
    </trkpt>
    <trkpt lat="44.168087000000000" lon="11.259179000000000">
    </trkpt>
    <trkpt lat="44.167963000000000" lon="11.259301000000001">
    </trkpt>
    <trkpt lat="44.167448999999998" lon="11.259619000000001">
    </trkpt>
    <trkpt lat="44.167060999999997" lon="11.259732000000000">
    </trkpt>
    <trkpt lat="44.166629999999998" lon="11.259983000000000">
    </trkpt>
    <trkpt lat="44.166289999999996" lon="11.260237999999999">
    </trkpt>
    <trkpt lat="44.165934999999998" lon="11.260210000000001">
    </trkpt>
    <trkpt lat="44.165470999999997" lon="11.260573000000001">
    </trkpt>
    <trkpt lat="44.165430999999998" lon="11.260572000000000">
    </trkpt>
    <trkpt lat="44.164493999999998" lon="11.260691000000000">
    </trkpt>
    <trkpt lat="44.164265000000000" lon="11.261006999999999">
    </trkpt>
    <trkpt lat="44.164088999999997" lon="11.261196999999999">
    </trkpt>
    <trkpt lat="44.163792000000001" lon="11.261298999999999">
    </trkpt>
    <trkpt lat="44.163576999999997" lon="11.261417000000000">
    </trkpt>
    <trkpt lat="44.163401999999998" lon="11.261552000000000">
    </trkpt>
    <trkpt lat="44.163044999999997" lon="11.261623000000000">
    </trkpt>
    <trkpt lat="44.162730000000003" lon="11.261653000000001">
    </trkpt>
    <trkpt lat="44.161918000000000" lon="11.261635999999999">
    </trkpt>
    <trkpt lat="44.161664000000002" lon="11.261626000000000">
    </trkpt>
    <trkpt lat="44.161544999999997" lon="11.261699999999999">
    </trkpt>
    <trkpt lat="44.161478000000002" lon="11.261831000000001">
    </trkpt>
    <trkpt lat="44.161389999999997" lon="11.262136999999999">
    </trkpt>
    <trkpt lat="44.161282999999997" lon="11.262444000000000">
    </trkpt>
    <trkpt lat="44.161197999999999" lon="11.262638000000001">
    </trkpt>
    <trkpt lat="44.161135999999999" lon="11.262691999999999">
    </trkpt>
    <trkpt lat="44.161045000000001" lon="11.262674000000001">
    </trkpt>
    <trkpt lat="44.160863999999997" lon="11.262582999999999">
    </trkpt>
    <trkpt lat="44.160702999999998" lon="11.262506000000000">
    </trkpt>
    <trkpt lat="44.160468999999999" lon="11.262539000000000">
    </trkpt>
    <trkpt lat="44.160305000000001" lon="11.262632000000000">
    </trkpt>
    <trkpt lat="44.160069999999997" lon="11.262707000000001">
    </trkpt>
    <trkpt lat="44.159886999999998" lon="11.262700000000001">
    </trkpt>
    <trkpt lat="44.159666999999999" lon="11.262551000000000">
    </trkpt>
    <trkpt lat="44.159609000000003" lon="11.262408000000001">
    </trkpt>
    <trkpt lat="44.159055000000002" lon="11.262203000000000">
    </trkpt>
    <trkpt lat="44.158622999999999" lon="11.261960999999999">
    </trkpt>
    <trkpt lat="44.158481000000002" lon="11.261956000000000">
    </trkpt>
    <trkpt lat="44.158259000000001" lon="11.261891000000000">
    </trkpt>
    <trkpt lat="44.158150999999997" lon="11.261718000000000">
    </trkpt>
    <trkpt lat="44.158042000000002" lon="11.261558000000001">
    </trkpt>
    <trkpt lat="44.157707000000002" lon="11.261476999999999">
    </trkpt>
    <trkpt lat="44.157497999999997" lon="11.261340000000001">
    </trkpt>
    <trkpt lat="44.157065000000003" lon="11.261196999999999">
    </trkpt>
    <trkpt lat="44.156534000000001" lon="11.261331000000000">
    </trkpt>
    <trkpt lat="44.156184000000003" lon="11.261571999999999">
    </trkpt>
    <trkpt lat="44.155959000000003" lon="11.261676000000000">
    </trkpt>
    <trkpt lat="44.155881000000001" lon="11.261697000000000">
    </trkpt>
    <trkpt lat="44.155470999999999" lon="11.261742000000000">
    </trkpt>
    <trkpt lat="44.155225999999999" lon="11.261817000000001">
    </trkpt>
    <trkpt lat="44.154967999999997" lon="11.262005000000000">
    </trkpt>
    <trkpt lat="44.154750999999997" lon="11.262193999999999">
    </trkpt>
    <trkpt lat="44.154027999999997" lon="11.262335000000000">
    </trkpt>
    <trkpt lat="44.152968000000001" lon="11.262549000000000">
    </trkpt>
    <trkpt lat="44.152498000000001" lon="11.262686000000000">
    </trkpt>
    <trkpt lat="44.152256000000001" lon="11.262606000000000">
    </trkpt>
    <trkpt lat="44.151456000000003" lon="11.261998000000000">
    </trkpt>
    <trkpt lat="44.151164000000001" lon="11.261901999999999">
    </trkpt>
    <trkpt lat="44.150790999999998" lon="11.261895000000001">
    </trkpt>
    <trkpt lat="44.150371000000000" lon="11.261956000000000">
    </trkpt>
    <trkpt lat="44.150157000000000" lon="11.262017999999999">
    </trkpt>
    <trkpt lat="44.149782000000002" lon="11.261948000000000">
    </trkpt>
    <trkpt lat="44.149580000000000" lon="11.261926000000001">
    </trkpt>
    <trkpt lat="44.149498999999999" lon="11.261908999999999">
    </trkpt>
    <trkpt lat="44.149036000000002" lon="11.261722000000001">
    </trkpt>
    <trkpt lat="44.148026000000002" lon="11.261457999999999">
    </trkpt>
    <trkpt lat="44.147942000000000" lon="11.261101999999999">
    </trkpt>
    <trkpt lat="44.147905000000002" lon="11.260382000000000">
    </trkpt>
    <trkpt lat="44.147891999999999" lon="11.260043000000000">
    </trkpt>
    <trkpt lat="44.147571999999997" lon="11.260327000000000">
    </trkpt>
    <trkpt lat="44.147196000000001" lon="11.260788000000000">
    </trkpt>
    <trkpt lat="44.147119000000004" lon="11.260838000000000">
    </trkpt>
    <trkpt lat="44.147022000000000" lon="11.260884000000001">
    </trkpt>
    <trkpt lat="44.146808999999998" lon="11.260890000000000">
    </trkpt>
    <trkpt lat="44.146745000000003" lon="11.261056000000000">
    </trkpt>
    <trkpt lat="44.146732000000000" lon="11.261225000000000">
    </trkpt>
    <trkpt lat="44.146693999999997" lon="11.261562000000000">
    </trkpt>
    <trkpt lat="44.146650000000001" lon="11.261742999999999">
    </trkpt>
    <trkpt lat="44.146504000000000" lon="11.261982000000000">
    </trkpt>
    <trkpt lat="44.146428999999998" lon="11.262143999999999">
    </trkpt>
    <trkpt lat="44.146321999999998" lon="11.262435999999999">
    </trkpt>
    <trkpt lat="44.146222000000002" lon="11.262601999999999">
    </trkpt>
    <trkpt lat="44.146082999999997" lon="11.262722999999999">
    </trkpt>
    <trkpt lat="44.145834999999998" lon="11.262938000000000">
    </trkpt>
    <trkpt lat="44.145699000000000" lon="11.263116999999999">
    </trkpt>
    <trkpt lat="44.145583000000002" lon="11.263366000000000">
    </trkpt>
    <trkpt lat="44.145485000000001" lon="11.263714000000000">
    </trkpt>
    <trkpt lat="44.145358999999999" lon="11.263921000000000">
    </trkpt>
    <trkpt lat="44.145285999999999" lon="11.263989000000000">
    </trkpt>
    <trkpt lat="44.144928999999998" lon="11.264111000000000">
    </trkpt>
    <trkpt lat="44.144692999999997" lon="11.264234000000000">
    </trkpt>
    <trkpt lat="44.144641999999997" lon="11.264246000000000">
    </trkpt>
    <trkpt lat="44.144537000000000" lon="11.264411000000001">
    </trkpt>
    <trkpt lat="44.144413999999998" lon="11.264491000000000">
    </trkpt>
    <trkpt lat="44.144438999999998" lon="11.264746000000001">
    </trkpt>
    <trkpt lat="44.144294000000002" lon="11.264881000000001">
    </trkpt>
    <trkpt lat="44.143932999999997" lon="11.265162999999999">
    </trkpt>
    <trkpt lat="44.143594999999998" lon="11.265319999999999">
    </trkpt>
    <trkpt lat="44.143293999999997" lon="11.265661000000000">
    </trkpt>
    <trkpt lat="44.143149000000001" lon="11.265824000000000">
    </trkpt>
    <trkpt lat="44.142871999999997" lon="11.265954000000001">
    </trkpt>
    <trkpt lat="44.142716999999998" lon="11.266090000000000">
    </trkpt>
    <trkpt lat="44.142634000000001" lon="11.266185000000000">
    </trkpt>
    <trkpt lat="44.142502000000000" lon="11.266208000000001">
    </trkpt>
    <trkpt lat="44.142218000000000" lon="11.266169000000000">
    </trkpt>
    <trkpt lat="44.142116000000001" lon="11.266192999999999">
    </trkpt>
    <trkpt lat="44.142014000000003" lon="11.266246000000001">
    </trkpt>
    <trkpt lat="44.141939999999998" lon="11.266384000000000">
    </trkpt>
    <trkpt lat="44.141866000000000" lon="11.266508000000000">
    </trkpt>
    <trkpt lat="44.141553000000002" lon="11.266975000000000">
    </trkpt>
    <trkpt lat="44.141509999999997" lon="11.267072000000001">
    </trkpt>
    <trkpt lat="44.141157999999997" lon="11.267424999999999">
    </trkpt>
    <trkpt lat="44.140960999999997" lon="11.267643000000000">
    </trkpt>
    <trkpt lat="44.140861999999998" lon="11.268034000000000">
    </trkpt>
    <trkpt lat="44.140757999999998" lon="11.268678000000000">
    </trkpt>
    <trkpt lat="44.140799000000001" lon="11.269145000000000">
    </trkpt>
    <trkpt lat="44.140894000000003" lon="11.269458999999999">
    </trkpt>
    <trkpt lat="44.140892999999998" lon="11.269543000000001">
    </trkpt>
    <trkpt lat="44.140850000000000" lon="11.269640000000001">
    </trkpt>
    <trkpt lat="44.140737000000001" lon="11.269691999999999">
    </trkpt>
    <trkpt lat="44.140399000000002" lon="11.269849000000001">
    </trkpt>
    <trkpt lat="44.140306000000002" lon="11.269944000000001">
    </trkpt>
    <trkpt lat="44.140250000000002" lon="11.270238000000001">
    </trkpt>
    <trkpt lat="44.140278000000002" lon="11.270365999999999">
    </trkpt>
    <trkpt lat="44.140273999999998" lon="11.270562999999999">
    </trkpt>
    <trkpt lat="44.140160000000002" lon="11.270671000000000">
    </trkpt>
    <trkpt lat="44.140044000000003" lon="11.270892000000000">
    </trkpt>
    <trkpt lat="44.139946999999999" lon="11.271156000000000">
    </trkpt>
    <trkpt lat="44.139828999999999" lon="11.271462000000000">
    </trkpt>
    <trkpt lat="44.139746000000002" lon="11.271585000000000">
    </trkpt>
    <trkpt lat="44.139501000000003" lon="11.271632000000000">
    </trkpt>
    <trkpt lat="44.139597999999999" lon="11.271862000000000">
    </trkpt>
    <trkpt lat="44.139552999999999" lon="11.272593000000001">
    </trkpt>
    <trkpt lat="44.139437000000001" lon="11.273320999999999">
    </trkpt>
    <trkpt lat="44.139234999999999" lon="11.273793000000000">
    </trkpt>
    <trkpt lat="44.139065000000002" lon="11.274195000000001">
    </trkpt>
    <trkpt lat="44.139001000000000" lon="11.274319000000000">
    </trkpt>
    <trkpt lat="44.138958000000002" lon="11.274444000000001">
    </trkpt>
    <trkpt lat="44.138914999999997" lon="11.274556000000000">
    </trkpt>
    <trkpt lat="44.138921000000003" lon="11.274796000000000">
    </trkpt>
    <trkpt lat="44.138686999999997" lon="11.274815000000000">
    </trkpt>
    <trkpt lat="44.138584000000002" lon="11.274881000000001">
    </trkpt>
    <trkpt lat="44.138542999999999" lon="11.274922000000000">
    </trkpt>
    <trkpt lat="44.138530000000003" lon="11.275034000000000">
    </trkpt>
    <trkpt lat="44.138589000000003" lon="11.275135000000001">
    </trkpt>
    <trkpt lat="44.138689999999997" lon="11.275181000000000">
    </trkpt>
    <trkpt lat="44.138748999999997" lon="11.275240000000000">
    </trkpt>
    <trkpt lat="44.138807000000000" lon="11.275411000000000">
    </trkpt>
    <trkpt lat="44.138693000000004" lon="11.275520000000000">
    </trkpt>
    <trkpt lat="44.138522999999999" lon="11.275372000000001">
    </trkpt>
    <trkpt lat="44.138345000000001" lon="11.275181999999999">
    </trkpt>
    <trkpt lat="44.138207000000001" lon="11.274965000000000">
    </trkpt>
    <trkpt lat="44.138070999999997" lon="11.274664000000000">
    </trkpt>
    <trkpt lat="44.137917999999999" lon="11.274165000000000">
    </trkpt>
    <trkpt lat="44.137920999999999" lon="11.273996000000000">
    </trkpt>
    <trkpt lat="44.137835000000003" lon="11.273752999999999">
    </trkpt>
    <trkpt lat="44.137785999999998" lon="11.273652999999999">
    </trkpt>
    <trkpt lat="44.137635000000003" lon="11.273590000000000">
    </trkpt>
    <trkpt lat="44.137523000000002" lon="11.273600000000000">
    </trkpt>
    <trkpt lat="44.137441000000003" lon="11.273638999999999">
    </trkpt>
    <trkpt lat="44.137327999999997" lon="11.273706000000001">
    </trkpt>
    <trkpt lat="44.137219000000002" lon="11.274124000000000">
    </trkpt>
    <trkpt lat="44.136986999999998" lon="11.274016000000000">
    </trkpt>
    <trkpt lat="44.136777000000002" lon="11.273896000000001">
    </trkpt>
    <trkpt lat="44.136602000000003" lon="11.274001999999999">
    </trkpt>
    <trkpt lat="44.136510999999999" lon="11.273970000000000">
    </trkpt>
    <trkpt lat="44.136409999999998" lon="11.273952000000000">
    </trkpt>
    <trkpt lat="44.136389000000001" lon="11.273979000000001">
    </trkpt>
    <trkpt lat="44.136386000000002" lon="11.274163000000000">
    </trkpt>
    <trkpt lat="44.136425000000003" lon="11.274234000000000">
    </trkpt>
    <trkpt lat="44.136484000000003" lon="11.274293000000000">
    </trkpt>
    <trkpt lat="44.136538000000002" lon="11.274647999999999">
    </trkpt>
    <trkpt lat="44.136513000000001" lon="11.274696000000000">
    </trkpt>
    <trkpt lat="44.136541000000001" lon="11.275000000000000">
    </trkpt>
    <trkpt lat="44.136443000000000" lon="11.275377000000001">
    </trkpt>
    <trkpt lat="44.136274999999998" lon="11.275638000000001">
    </trkpt>
    <trkpt lat="44.136066999999997" lon="11.275869999999999">
    </trkpt>
    <trkpt lat="44.135935000000003" lon="11.275907000000000">
    </trkpt>
    <trkpt lat="44.135672999999997" lon="11.275812000000000">
    </trkpt>
    <trkpt lat="44.135542000000001" lon="11.275751000000000">
    </trkpt>
    <trkpt lat="44.135254000000003" lon="11.275950999999999">
    </trkpt>
    <trkpt lat="44.134822000000000" lon="11.276217000000001">
    </trkpt>
    <trkpt lat="44.134580000000000" lon="11.276672000000000">
    </trkpt>
    <trkpt lat="44.134396000000002" lon="11.276721999999999">
    </trkpt>
    <trkpt lat="44.133989000000000" lon="11.276748000000000">
    </trkpt>
    <trkpt lat="44.133859000000001" lon="11.276797000000000">
    </trkpt>
    <trkpt lat="44.133659999999999" lon="11.276975000000000">
    </trkpt>
    <trkpt lat="44.133370999999997" lon="11.277218000000000">
    </trkpt>
    <trkpt lat="44.133038999999997" lon="11.277600000000000">
    </trkpt>
    <trkpt lat="44.132902999999999" lon="11.277778000000000">
    </trkpt>
    <trkpt lat="44.132845000000003" lon="11.278169999999999">
    </trkpt>
    <trkpt lat="44.132728000000000" lon="11.278649000000000">
    </trkpt>
    <trkpt lat="44.132527000000003" lon="11.278820000000000">
    </trkpt>
    <trkpt lat="44.132210999999998" lon="11.278892000000001">
    </trkpt>
    <trkpt lat="44.131951000000001" lon="11.278699000000000">
    </trkpt>
    <trkpt lat="44.131709000000001" lon="11.278591000000000">
    </trkpt>
    <trkpt lat="44.131348000000003" lon="11.278900999999999">
    </trkpt>
    <trkpt lat="44.131036000000002" lon="11.279270000000000">
    </trkpt>
    <trkpt lat="44.130704999999999" lon="11.279102000000000">
    </trkpt>
    <trkpt lat="44.130321000000002" lon="11.278988999999999">
    </trkpt>
    <trkpt lat="44.129958000000002" lon="11.278862000000000">
    </trkpt>
    <trkpt lat="44.129798999999998" lon="11.278701000000000">
    </trkpt>
    <trkpt lat="44.128988999999997" lon="11.278585000000000">
    </trkpt>
    <trkpt lat="44.128737000000001" lon="11.278518999999999">
    </trkpt>
    <trkpt lat="44.128127999999997" lon="11.278017000000000">
    </trkpt>
    <trkpt lat="44.127904000000001" lon="11.278036000000000">
    </trkpt>
    <trkpt lat="44.127527999999998" lon="11.278064000000001">
    </trkpt>
    <trkpt lat="44.127195999999998" lon="11.277896000000000">
    </trkpt>
    <trkpt lat="44.126907000000003" lon="11.277632000000001">
    </trkpt>
    <trkpt lat="44.126522999999999" lon="11.277589000000001">
    </trkpt>
    <trkpt lat="44.126500999999998" lon="11.277672000000001">
    </trkpt>
    <trkpt lat="44.126418999999999" lon="11.277697000000000">
    </trkpt>
    <trkpt lat="44.126378000000003" lon="11.277696000000001">
    </trkpt>
    <trkpt lat="44.126350000000002" lon="11.277596000000001">
    </trkpt>
    <trkpt lat="44.126460000000002" lon="11.277149000000000">
    </trkpt>
    <trkpt lat="44.126452999999998" lon="11.277022000000001">
    </trkpt>
    <trkpt lat="44.126373999999998" lon="11.276878000000000">
    </trkpt>
    <trkpt lat="44.126379000000000" lon="11.276624999999999">
    </trkpt>
    <trkpt lat="44.126264999999997" lon="11.276240000000000">
    </trkpt>
    <trkpt lat="44.126036999999997" lon="11.276228000000000">
    </trkpt>
    <trkpt lat="44.125695000000000" lon="11.276317000000001">
    </trkpt>
    <trkpt lat="44.125067000000001" lon="11.276278000000000">
    </trkpt>
    <trkpt lat="44.124571000000003" lon="11.276189000000000">
    </trkpt>
    <trkpt lat="44.124023000000001" lon="11.276168000000000">
    </trkpt>
    <trkpt lat="44.123902999999999" lon="11.276121000000000">
    </trkpt>
    <trkpt lat="44.123482000000003" lon="11.275850999999999">
    </trkpt>
    <trkpt lat="44.123268000000003" lon="11.275364000000000">
    </trkpt>
    <trkpt lat="44.123071000000003" lon="11.275074999999999">
    </trkpt>
    <trkpt lat="44.122850999999997" lon="11.274883000000001">
    </trkpt>
    <trkpt lat="44.122213000000002" lon="11.273892000000000">
    </trkpt>
    <trkpt lat="44.121220000000001" lon="11.273186000000001">
    </trkpt>
    <trkpt lat="44.120755000000003" lon="11.273097999999999">
    </trkpt>
    <trkpt lat="44.120410000000000" lon="11.273099000000000">
    </trkpt>
    <trkpt lat="44.120227999999997" lon="11.273077000000001">
    </trkpt>
    <trkpt lat="44.119833999999997" lon="11.272978000000000">
    </trkpt>
    <trkpt lat="44.119365000000002" lon="11.272593000000001">
    </trkpt>
    <trkpt lat="44.119162000000003" lon="11.272557000000001">
    </trkpt>
    <trkpt lat="44.118817999999997" lon="11.272530000000000">
    </trkpt>
    <trkpt lat="44.118695000000002" lon="11.272582000000000">
    </trkpt>
    <trkpt lat="44.118378999999997" lon="11.272653999999999">
    </trkpt>
    <trkpt lat="44.117908999999997" lon="11.272805000000000">
    </trkpt>
    <trkpt lat="44.117776999999997" lon="11.272800000000000">
    </trkpt>
    <trkpt lat="44.117412000000002" lon="11.272786000000000">
    </trkpt>
    <trkpt lat="44.117151000000000" lon="11.272663000000000">
    </trkpt>
    <trkpt lat="44.116762999999999" lon="11.272774999999999">
    </trkpt>
    <trkpt lat="44.116449000000003" lon="11.272721000000001">
    </trkpt>
    <trkpt lat="44.116267999999998" lon="11.272629999999999">
    </trkpt>
    <trkpt lat="44.115924000000000" lon="11.272574000000001">
    </trkpt>
    <trkpt lat="44.115257999999997" lon="11.272887000000001">
    </trkpt>
    <trkpt lat="44.111845000000002" lon="11.273880999999999">
    </trkpt>
    <trkpt lat="44.111758000000002" lon="11.273823000000000">
    </trkpt>
    <trkpt lat="44.111815000000000" lon="11.273515000000000">
    </trkpt>
    <trkpt lat="44.111908999999997" lon="11.273377999999999">
    </trkpt>
    <trkpt lat="44.111818999999997" lon="11.273318000000000">
    </trkpt>
    <trkpt lat="44.111601999999998" lon="11.273493000000000">
    </trkpt>
    <trkpt lat="44.111243999999999" lon="11.273649000000001">
    </trkpt>
    <trkpt lat="44.110875999999998" lon="11.273789000000001">
    </trkpt>
    <trkpt lat="44.110622999999997" lon="11.273751000000001">
    </trkpt>
    <trkpt lat="44.110343000000000" lon="11.273529999999999">
    </trkpt>
    <trkpt lat="44.109648999999997" lon="11.273742000000000">
    </trkpt>
    <trkpt lat="44.108795000000001" lon="11.273780000000000">
    </trkpt>
    <trkpt lat="44.108052999999998" lon="11.273750000000000">
    </trkpt>
    <trkpt lat="44.107430000000001" lon="11.274024000000001">
    </trkpt>
    <trkpt lat="44.107135000000000" lon="11.274054000000000">
    </trkpt>
    <trkpt lat="44.106884999999998" lon="11.273861999999999">
    </trkpt>
    <trkpt lat="44.106755999999997" lon="11.273758000000001">
    </trkpt>
    <trkpt lat="44.106605000000002" lon="11.273657999999999">
    </trkpt>
    <trkpt lat="44.106395999999997" lon="11.273477000000000">
    </trkpt>
    <trkpt lat="44.106195000000000" lon="11.273356000000000">
    </trkpt>
    <trkpt lat="44.105809999999998" lon="11.273341000000000">
    </trkpt>
    <trkpt lat="44.105302000000002" lon="11.272857000000000">
    </trkpt>
    <trkpt lat="44.105224999999997" lon="11.272629000000000">
    </trkpt>
    <trkpt lat="44.105258999999997" lon="11.272461000000000">
    </trkpt>
    <trkpt lat="44.105272999999997" lon="11.272278999999999">
    </trkpt>
    <trkpt lat="44.105266999999998" lon="11.272053000000000">
    </trkpt>
    <trkpt lat="44.105148999999997" lon="11.271865000000000">
    </trkpt>
    <trkpt lat="44.104975000000003" lon="11.271929000000000">
    </trkpt>
    <trkpt lat="44.104691000000003" lon="11.271946000000000">
    </trkpt>
    <trkpt lat="44.104588999999997" lon="11.271941999999999">
    </trkpt>
    <trkpt lat="44.104509000000000" lon="11.271896999999999">
    </trkpt>
    <trkpt lat="44.104309000000001" lon="11.271720000000000">
    </trkpt>
    <trkpt lat="44.104213000000001" lon="11.271477000000001">
    </trkpt>
    <trkpt lat="44.103994999999998" lon="11.271399000000001">
    </trkpt>
    <trkpt lat="44.103757999999999" lon="11.271361000000001">
    </trkpt>
    <trkpt lat="44.103504000000001" lon="11.271366000000000">
    </trkpt>
    <trkpt lat="44.102997000000002" lon="11.271374000000000">
    </trkpt>
    <trkpt lat="44.102978000000000" lon="11.271834999999999">
    </trkpt>
    <trkpt lat="44.102694999999997" lon="11.271743000000001">
    </trkpt>
    <trkpt lat="44.102533999999999" lon="11.271694999999999">
    </trkpt>
    <trkpt lat="44.102291000000001" lon="11.271642999999999">
    </trkpt>
    <trkpt lat="44.101576999999999" lon="11.271799000000000">
    </trkpt>
    <trkpt lat="44.101300000000002" lon="11.271957000000000">
    </trkpt>
    <trkpt lat="44.101118000000000" lon="11.271950000000000">
    </trkpt>
    <trkpt lat="44.100966999999997" lon="11.271888000000001">
    </trkpt>
    <trkpt lat="44.100867000000001" lon="11.271786000000001">
    </trkpt>
    <trkpt lat="44.100839999999998" lon="11.271630000000000">
    </trkpt>
    <trkpt lat="44.100690000000000" lon="11.271525000000000">
    </trkpt>
    <trkpt lat="44.100447000000003" lon="11.271474000000000">
    </trkpt>
    <trkpt lat="44.100234999999998" lon="11.271438000000000">
    </trkpt>
    <trkpt lat="44.099713000000001" lon="11.271642999999999">
    </trkpt>
    <trkpt lat="44.099020000000003" lon="11.271756999999999">
    </trkpt>
    <trkpt lat="44.098633999999997" lon="11.271813000000000">
    </trkpt>
    <trkpt lat="44.097960000000000" lon="11.272026000000000">
    </trkpt>
    <trkpt lat="44.097684000000001" lon="11.272086000000000">
    </trkpt>
    <trkpt lat="44.097526999999999" lon="11.272334000000001">
    </trkpt>
    <trkpt lat="44.097256000000002" lon="11.272676000000001">
    </trkpt>
    <trkpt lat="44.096978999999997" lon="11.272834000000000">
    </trkpt>
    <trkpt lat="44.096366000000003" lon="11.274063999999999">
    </trkpt>
    <trkpt lat="44.095838999999998" lon="11.274537000000000">
    </trkpt>
    <trkpt lat="44.095154000000001" lon="11.274792000000000">
    </trkpt>
    <trkpt lat="44.094805000000001" lon="11.274976000000001">
    </trkpt>
    <trkpt lat="44.094659000000000" lon="11.275168000000001">
    </trkpt>
    <trkpt lat="44.094447000000002" lon="11.275610000000000">
    </trkpt>
    <trkpt lat="44.094265999999998" lon="11.276026000000000">
    </trkpt>
    <trkpt lat="44.094149000000002" lon="11.275810000000000">
    </trkpt>
    <trkpt lat="44.094040000000000" lon="11.275679000000000">
    </trkpt>
    <trkpt lat="44.093991000000003" lon="11.275563999999999">
    </trkpt>
    <trkpt lat="44.093930000000000" lon="11.275589999999999">
    </trkpt>
    <trkpt lat="44.093828000000002" lon="11.275600000000001">
    </trkpt>
    <trkpt lat="44.093653000000003" lon="11.275748999999999">
    </trkpt>
    <trkpt lat="44.093606000000001" lon="11.276057000000000">
    </trkpt>
    <trkpt lat="44.093591000000004" lon="11.276294999999999">
    </trkpt>
    <trkpt lat="44.093251000000002" lon="11.277043000000001">
    </trkpt>
    <trkpt lat="44.093077000000001" lon="11.277134999999999">
    </trkpt>
    <trkpt lat="44.092877999999999" lon="11.276930000000000">
    </trkpt>
    <trkpt lat="44.092201000000003" lon="11.276256000000000">
    </trkpt>
    <trkpt lat="44.091949999999997" lon="11.276147999999999">
    </trkpt>
    <trkpt lat="44.091596000000003" lon="11.276092000000000">
    </trkpt>
    <trkpt lat="44.091434000000000" lon="11.276071999999999">
    </trkpt>
    <trkpt lat="44.091172000000000" lon="11.275963000000001">
    </trkpt>
    <trkpt lat="44.090902000000000" lon="11.275728000000001">
    </trkpt>
    <trkpt lat="44.090743000000003" lon="11.275608999999999">
    </trkpt>
    <trkpt lat="44.090640999999998" lon="11.275605000000001">
    </trkpt>
    <trkpt lat="44.090538000000002" lon="11.275684999999999">
    </trkpt>
    <trkpt lat="44.090575000000001" lon="11.275842000000001">
    </trkpt>
    <trkpt lat="44.090660999999997" lon="11.276154999999999">
    </trkpt>
    <trkpt lat="44.090766000000002" lon="11.276469000000001">
    </trkpt>
    <trkpt lat="44.090767000000000" lon="11.276918999999999">
    </trkpt>
    <trkpt lat="44.090738999999999" lon="11.277298999999999">
    </trkpt>
    <trkpt lat="44.090690000000002" lon="11.277747000000000">
    </trkpt>
    <trkpt lat="44.090542999999997" lon="11.277981000000000">
    </trkpt>
    <trkpt lat="44.090420000000002" lon="11.278019000000000">
    </trkpt>
    <trkpt lat="44.090228000000003" lon="11.277996999999999">
    </trkpt>
    <trkpt lat="44.090012999999999" lon="11.278072999999999">
    </trkpt>
    <trkpt lat="44.089806000000003" lon="11.278263000000001">
    </trkpt>
    <trkpt lat="44.089618999999999" lon="11.278480999999999">
    </trkpt>
    <trkpt lat="44.089378000000004" lon="11.278879999999999">
    </trkpt>
    <trkpt lat="44.089151000000001" lon="11.279075000000001">
    </trkpt>
    <trkpt lat="44.088925000000003" lon="11.279185999999999">
    </trkpt>
    <trkpt lat="44.088586999999997" lon="11.279363000000000">
    </trkpt>
    <trkpt lat="44.088417999999997" lon="11.279434000000000">
    </trkpt>
    <trkpt lat="44.088093000000001" lon="11.279436000000000">
    </trkpt>
    <trkpt lat="44.087803999999998" lon="11.279411000000000">
    </trkpt>
    <trkpt lat="44.087612000000000" lon="11.279375000000000">
    </trkpt>
    <trkpt lat="44.087412999999998" lon="11.279445000000001">
    </trkpt>
    <trkpt lat="44.087305000000001" lon="11.279500000000001">
    </trkpt>
    <trkpt lat="44.087026000000002" lon="11.279515000000000">
    </trkpt>
    <trkpt lat="44.086813999999997" lon="11.279443000000001">
    </trkpt>
    <trkpt lat="44.086536000000002" lon="11.279404000000000">
    </trkpt>
    <trkpt lat="44.086069999999999" lon="11.279365000000000">
    </trkpt>
    <trkpt lat="44.085662999999997" lon="11.279370999999999">
    </trkpt>
    <trkpt lat="44.085450999999999" lon="11.279342000000000">
    </trkpt>
    <trkpt lat="44.085324000000000" lon="11.279470000000000">
    </trkpt>
    <trkpt lat="44.085214000000001" lon="11.279655999999999">
    </trkpt>
    <trkpt lat="44.085155000000000" lon="11.279685000000001">
    </trkpt>
    <trkpt lat="44.085211000000001" lon="11.279787000000001">
    </trkpt>
    <trkpt lat="44.085121999999998" lon="11.279814999999999">
    </trkpt>
    <trkpt lat="44.084899000000000" lon="11.279785000000000">
    </trkpt>
    <trkpt lat="44.084780000000002" lon="11.279787000000001">
    </trkpt>
    <trkpt lat="44.084614000000002" lon="11.279828999999999">
    </trkpt>
    <trkpt lat="44.084431000000002" lon="11.279989000000000">
    </trkpt>
    <trkpt lat="44.084336000000000" lon="11.280022000000001">
    </trkpt>
    <trkpt lat="44.084040000000002" lon="11.280023999999999">
    </trkpt>
    <trkpt lat="44.083748999999997" lon="11.280054000000000">
    </trkpt>
    <trkpt lat="44.083601999999999" lon="11.280070000000000">
    </trkpt>
    <trkpt lat="44.083185999999998" lon="11.280032000000000">
    </trkpt>
    <trkpt lat="44.082822999999998" lon="11.280165999999999">
    </trkpt>
    <trkpt lat="44.082464999999999" lon="11.280061000000000">
    </trkpt>
    <trkpt lat="44.082233000000002" lon="11.280074000000001">
    </trkpt>
    <trkpt lat="44.081899999999997" lon="11.280495000000000">
    </trkpt>
    <trkpt lat="44.081721000000002" lon="11.280744000000000">
    </trkpt>
    <trkpt lat="44.081175999999999" lon="11.281321000000000">
    </trkpt>
    <trkpt lat="44.080891000000001" lon="11.281596000000000">
    </trkpt>
    <trkpt lat="44.080578000000003" lon="11.281772999999999">
    </trkpt>
    <trkpt lat="44.080579000000000" lon="11.281847000000001">
    </trkpt>
    <trkpt lat="44.080497000000001" lon="11.281912000000000">
    </trkpt>
    <trkpt lat="44.078929000000002" lon="11.282048000000000">
    </trkpt>
    <trkpt lat="44.078792000000000" lon="11.282050000000000">
    </trkpt>
    <trkpt lat="44.078584999999997" lon="11.281981000000000">
    </trkpt>
    <trkpt lat="44.078242000000003" lon="11.281821000000001">
    </trkpt>
    <trkpt lat="44.077806000000002" lon="11.281596000000000">
    </trkpt>
    <trkpt lat="44.077492999999997" lon="11.281459999999999">
    </trkpt>
    <trkpt lat="44.077494000000002" lon="11.281444000000000">
    </trkpt>
    <trkpt lat="44.077618000000001" lon="11.281514000000000">
    </trkpt>
    <trkpt lat="44.078471000000000" lon="11.281940000000001">
    </trkpt>
    <trkpt lat="44.078823000000000" lon="11.282076999999999">
    </trkpt>
    <trkpt lat="44.079053999999999" lon="11.282061000000001">
    </trkpt>
    <trkpt lat="44.080486999999998" lon="11.281895000000000">
    </trkpt>
    <trkpt lat="44.080581000000002" lon="11.281848999999999">
    </trkpt>
    <trkpt lat="44.080582999999997" lon="11.281751000000000">
    </trkpt>
    <trkpt lat="44.080829999999999" lon="11.281613000000000">
    </trkpt>
    <trkpt lat="44.080897000000000" lon="11.281609000000000">
    </trkpt>
    <trkpt lat="44.081539999999997" lon="11.280962000000001">
    </trkpt>
    <trkpt lat="44.081740000000003" lon="11.280748000000001">
    </trkpt>
    <trkpt lat="44.081836000000003" lon="11.280573000000000">
    </trkpt>
    <trkpt lat="44.081991000000002" lon="11.280376000000000">
    </trkpt>
    <trkpt lat="44.082186999999998" lon="11.280125000000000">
    </trkpt>
    <trkpt lat="44.082233000000002" lon="11.280071000000000">
    </trkpt>
    <trkpt lat="44.082388000000002" lon="11.280059000000000">
    </trkpt>
    <trkpt lat="44.082424000000003" lon="11.280054000000000">
    </trkpt>
    <trkpt lat="44.082565000000002" lon="11.280078000000000">
    </trkpt>
    <trkpt lat="44.082715000000000" lon="11.280127000000000">
    </trkpt>
    <trkpt lat="44.082842999999997" lon="11.280175000000000">
    </trkpt>
    <trkpt lat="44.083182999999998" lon="11.280028000000000">
    </trkpt>
    <trkpt lat="44.083596000000000" lon="11.280056000000000">
    </trkpt>
    <trkpt lat="44.083711000000001" lon="11.280073000000000">
    </trkpt>
    <trkpt lat="44.083902000000002" lon="11.280037000000000">
    </trkpt>
    <trkpt lat="44.084031000000003" lon="11.280023999999999">
    </trkpt>
    <trkpt lat="44.084133000000001" lon="11.280027000000000">
    </trkpt>
    <trkpt lat="44.084341999999999" lon="11.280023000000000">
    </trkpt>
    <trkpt lat="44.084457999999998" lon="11.279985000000000">
    </trkpt>
    <trkpt lat="44.084544000000001" lon="11.279902000000000">
    </trkpt>
    <trkpt lat="44.084612000000000" lon="11.279837000000001">
    </trkpt>
    <trkpt lat="44.084772999999998" lon="11.279793000000000">
    </trkpt>
    <trkpt lat="44.084884000000002" lon="11.279785000000000">
    </trkpt>
    <trkpt lat="44.085124999999998" lon="11.279816000000000">
    </trkpt>
    <trkpt lat="44.085205999999999" lon="11.279785000000000">
    </trkpt>
    <trkpt lat="44.085194000000001" lon="11.279723000000001">
    </trkpt>
    <trkpt lat="44.085163000000001" lon="11.279685000000001">
    </trkpt>
    <trkpt lat="44.085306000000003" lon="11.279788999999999">
    </trkpt>
    <trkpt lat="44.085419000000002" lon="11.279797000000000">
    </trkpt>
    <trkpt lat="44.085585999999999" lon="11.279735000000001">
    </trkpt>
    <trkpt lat="44.085729000000001" lon="11.279719000000000">
    </trkpt>
    <trkpt lat="44.085841000000002" lon="11.279769999999999">
    </trkpt>
    <trkpt lat="44.085965000000002" lon="11.279878999999999">
    </trkpt>
    <trkpt lat="44.086097000000002" lon="11.280035000000000">
    </trkpt>
    <trkpt lat="44.086370000000002" lon="11.280504000000001">
    </trkpt>
    <trkpt lat="44.086491000000002" lon="11.280561000000001">
    </trkpt>
    <trkpt lat="44.086585999999997" lon="11.280556000000001">
    </trkpt>
    <trkpt lat="44.086640000000003" lon="11.280536000000000">
    </trkpt>
    <trkpt lat="44.086692999999997" lon="11.280529000000000">
    </trkpt>
    <trkpt lat="44.086734000000000" lon="11.280514999999999">
    </trkpt>
    <trkpt lat="44.086877000000001" lon="11.280583000000000">
    </trkpt>
    <trkpt lat="44.086976999999997" lon="11.280771000000000">
    </trkpt>
    <trkpt lat="44.086948000000000" lon="11.280810000000001">
    </trkpt>
    <trkpt lat="44.086925999999998" lon="11.280889000000000">
    </trkpt>
    <trkpt lat="44.086899000000003" lon="11.281014000000001">
    </trkpt>
    <trkpt lat="44.086888000000002" lon="11.281128000000001">
    </trkpt>
    <trkpt lat="44.086917999999997" lon="11.281268000000001">
    </trkpt>
    <trkpt lat="44.086928000000000" lon="11.281468000000000">
    </trkpt>
    <trkpt lat="44.086913000000003" lon="11.281637000000000">
    </trkpt>
    <trkpt lat="44.086886000000000" lon="11.281679000000000">
    </trkpt>
    <trkpt lat="44.086838999999998" lon="11.281914000000000">
    </trkpt>
    <trkpt lat="44.086722000000002" lon="11.282204999999999">
    </trkpt>
    <trkpt lat="44.086497999999999" lon="11.282631000000000">
    </trkpt>
    <trkpt lat="44.086329999999997" lon="11.282923000000000">
    </trkpt>
    <trkpt lat="44.086137999999998" lon="11.283211000000000">
    </trkpt>
    <trkpt lat="44.086112999999997" lon="11.283246999999999">
    </trkpt>
    <trkpt lat="44.086053000000000" lon="11.283355999999999">
    </trkpt>
    <trkpt lat="44.086061999999998" lon="11.283473000000001">
    </trkpt>
    <trkpt lat="44.086095000000000" lon="11.283595000000000">
    </trkpt>
    <trkpt lat="44.086176999999999" lon="11.283696000000001">
    </trkpt>
    <trkpt lat="44.086224000000001" lon="11.283811999999999">
    </trkpt>
    <trkpt lat="44.086266000000002" lon="11.283918000000000">
    </trkpt>
    <trkpt lat="44.086266000000002" lon="11.284017000000000">
    </trkpt>
    <trkpt lat="44.086244000000001" lon="11.284115000000000">
    </trkpt>
    <trkpt lat="44.086188999999997" lon="11.284214000000000">
    </trkpt>
    <trkpt lat="44.086092999999998" lon="11.284260000000000">
    </trkpt>
    <trkpt lat="44.085971999999998" lon="11.284317000000000">
    </trkpt>
    <trkpt lat="44.085847999999999" lon="11.284407000000000">
    </trkpt>
    <trkpt lat="44.085794999999997" lon="11.284485000000000">
    </trkpt>
    <trkpt lat="44.085751000000002" lon="11.284585000000000">
    </trkpt>
    <trkpt lat="44.085732999999998" lon="11.284725999999999">
    </trkpt>
    <trkpt lat="44.085766999999997" lon="11.285235999999999">
    </trkpt>
    <trkpt lat="44.085839999999997" lon="11.285475999999999">
    </trkpt>
    <trkpt lat="44.086029000000003" lon="11.285902000000000">
    </trkpt>
    <trkpt lat="44.086384000000002" lon="11.286543000000000">
    </trkpt>
    <trkpt lat="44.086588999999996" lon="11.286958000000000">
    </trkpt>
    <trkpt lat="44.086795000000002" lon="11.287773000000000">
    </trkpt>
    <trkpt lat="44.086869000000000" lon="11.288083000000000">
    </trkpt>
    <trkpt lat="44.087034000000003" lon="11.288895999999999">
    </trkpt>
    <trkpt lat="44.087060000000001" lon="11.289161999999999">
    </trkpt>
    <trkpt lat="44.087074000000001" lon="11.289372000000000">
    </trkpt>
    <trkpt lat="44.087057999999999" lon="11.289709999999999">
    </trkpt>
    <trkpt lat="44.086972000000003" lon="11.290009000000000">
    </trkpt>
    <trkpt lat="44.086813999999997" lon="11.290144000000000">
    </trkpt>
    <trkpt lat="44.086669999999998" lon="11.290219000000000">
    </trkpt>
    <trkpt lat="44.086463000000002" lon="11.290359000000000">
    </trkpt>
    <trkpt lat="44.086398000000003" lon="11.290540999999999">
    </trkpt>
    <trkpt lat="44.086317000000001" lon="11.291005999999999">
    </trkpt>
    <trkpt lat="44.086250999999997" lon="11.291237000000001">
    </trkpt>
    <trkpt lat="44.085976000000002" lon="11.291658000000000">
    </trkpt>
    <trkpt lat="44.085920999999999" lon="11.291717000000000">
    </trkpt>
    <trkpt lat="44.085881999999998" lon="11.291888000000000">
    </trkpt>
    <trkpt lat="44.085822999999998" lon="11.292168999999999">
    </trkpt>
    <trkpt lat="44.085808999999998" lon="11.292871000000000">
    </trkpt>
    <trkpt lat="44.085591999999998" lon="11.293502999999999">
    </trkpt>
    <trkpt lat="44.085607000000003" lon="11.293651000000001">
    </trkpt>
    <trkpt lat="44.085619000000001" lon="11.293972000000000">
    </trkpt>
    <trkpt lat="44.085653000000001" lon="11.294466000000000">
    </trkpt>
    <trkpt lat="44.085613000000002" lon="11.294686000000000">
    </trkpt>
    <trkpt lat="44.085546000000001" lon="11.294917000000000">
    </trkpt>
    <trkpt lat="44.085408999999999" lon="11.295133999999999">
    </trkpt>
    <trkpt lat="44.085296999999997" lon="11.295388000000001">
    </trkpt>
    <trkpt lat="44.085065000000000" lon="11.296352000000001">
    </trkpt>
    <trkpt lat="44.084926000000003" lon="11.297060999999999">
    </trkpt>
    <trkpt lat="44.084606000000001" lon="11.297504000000000">
    </trkpt>
    <trkpt lat="44.084304000000003" lon="11.297973000000001">
    </trkpt>
    <trkpt lat="44.084117999999997" lon="11.298372000000001">
    </trkpt>
    <trkpt lat="44.083939000000001" lon="11.298919000000000">
    </trkpt>
    <trkpt lat="44.083786000000003" lon="11.299911000000000">
    </trkpt>
    <trkpt lat="44.083302000000003" lon="11.301420000000000">
    </trkpt>
    <trkpt lat="44.083306000000000" lon="11.301703000000000">
    </trkpt>
    <trkpt lat="44.083229000000003" lon="11.302008000000001">
    </trkpt>
    <trkpt lat="44.083185999999998" lon="11.302364000000001">
    </trkpt>
    <trkpt lat="44.083069999999999" lon="11.302384000000000">
    </trkpt>
    <trkpt lat="44.082912000000000" lon="11.302747000000000">
    </trkpt>
    <trkpt lat="44.082704999999997" lon="11.304168000000001">
    </trkpt>
    <trkpt lat="44.082743999999998" lon="11.304440000000000">
    </trkpt>
    <trkpt lat="44.082873999999997" lon="11.304630000000000">
    </trkpt>
    <trkpt lat="44.082922000000003" lon="11.304854000000001">
    </trkpt>
    <trkpt lat="44.082864000000001" lon="11.305122000000001">
    </trkpt>
    <trkpt lat="44.082867000000000" lon="11.305418000000000">
    </trkpt>
    <trkpt lat="44.082698000000001" lon="11.305854999999999">
    </trkpt>
    <trkpt lat="44.082588999999999" lon="11.306392000000001">
    </trkpt>
    <trkpt lat="44.082371000000002" lon="11.307542000000000">
    </trkpt>
    <trkpt lat="44.082230000000003" lon="11.307955000000000">
    </trkpt>
    <trkpt lat="44.081935000000001" lon="11.308916000000000">
    </trkpt>
    <trkpt lat="44.081797999999999" lon="11.309120000000000">
    </trkpt>
    <trkpt lat="44.081719999999997" lon="11.309424999999999">
    </trkpt>
    <trkpt lat="44.081702999999997" lon="11.309831000000001">
    </trkpt>
    <trkpt lat="44.081750000000000" lon="11.310153000000000">
    </trkpt>
    <trkpt lat="44.081755000000001" lon="11.310350000000000">
    </trkpt>
    <trkpt lat="44.081772000000001" lon="11.310400000000000">
    </trkpt>
    <trkpt lat="44.081310999999999" lon="11.310776000000001">
    </trkpt>
    <trkpt lat="44.080570000000002" lon="11.311704000000001">
    </trkpt>
    <trkpt lat="44.080157000000000" lon="11.312213000000000">
    </trkpt>
    <trkpt lat="44.079928000000002" lon="11.312447000000001">
    </trkpt>
    <trkpt lat="44.079583000000000" lon="11.312840000000000">
    </trkpt>
    <trkpt lat="44.079337000000002" lon="11.313113000000000">
    </trkpt>
    <trkpt lat="44.078645000000002" lon="11.314441000000000">
    </trkpt>
    <trkpt lat="44.078524999999999" lon="11.314859999999999">
    </trkpt>
    <trkpt lat="44.078439000000003" lon="11.315381000000000">
    </trkpt>
    <trkpt lat="44.078401999999997" lon="11.315885000000000">
    </trkpt>
    <trkpt lat="44.078516999999998" lon="11.316488000000000">
    </trkpt>
    <trkpt lat="44.079233000000002" lon="11.318647000000000">
    </trkpt>
    <trkpt lat="44.079317000000003" lon="11.318937999999999">
    </trkpt>
    <trkpt lat="44.079323000000002" lon="11.319258000000000">
    </trkpt>
    <trkpt lat="44.079290000000000" lon="11.319467000000000">
    </trkpt>
    <trkpt lat="44.079197000000001" lon="11.319867000000000">
    </trkpt>
    <trkpt lat="44.078876000000001" lon="11.320869000000000">
    </trkpt>
    <trkpt lat="44.078485000000001" lon="11.322673000000000">
    </trkpt>
    <trkpt lat="44.078290000000003" lon="11.324021000000000">
    </trkpt>
    <trkpt lat="44.078150999999998" lon="11.324754000000000">
    </trkpt>
    <trkpt lat="44.077503999999998" lon="11.325996999999999">
    </trkpt>
    <trkpt lat="44.077288000000003" lon="11.326378999999999">
    </trkpt>
    <trkpt lat="44.077001000000003" lon="11.327061000000000">
    </trkpt>
    <trkpt lat="44.076883000000002" lon="11.327489000000000">
    </trkpt>
    <trkpt lat="44.076723999999999" lon="11.327679000000000">
    </trkpt>
    <trkpt lat="44.076380000000000" lon="11.327899000000000">
    </trkpt>
    <trkpt lat="44.075960000000002" lon="11.328044000000000">
    </trkpt>
    <trkpt lat="44.075237000000001" lon="11.328074000000001">
    </trkpt>
    <trkpt lat="44.075215999999998" lon="11.328042000000000">
    </trkpt>
    <trkpt lat="44.075198999999998" lon="11.328025000000000">
    </trkpt>
    <trkpt lat="44.075175999999999" lon="11.328003000000001">
    </trkpt>
    <trkpt lat="44.075167999999998" lon="11.327995000000000">
    </trkpt>
    <trkpt lat="44.075124000000002" lon="11.327935999999999">
    </trkpt>
    <trkpt lat="44.075119000000001" lon="11.327930000000000">
    </trkpt>
    <trkpt lat="44.075080999999997" lon="11.327856000000001">
    </trkpt>
    <trkpt lat="44.075023000000002" lon="11.327745000000000">
    </trkpt>
    <trkpt lat="44.074978000000002" lon="11.327662000000000">
    </trkpt>
    <trkpt lat="44.074972000000002" lon="11.327650999999999">
    </trkpt>
    <trkpt lat="44.074930999999999" lon="11.327602000000001">
    </trkpt>
    <trkpt lat="44.074832000000001" lon="11.327484000000000">
    </trkpt>
    <trkpt lat="44.074753999999999" lon="11.327391000000000">
    </trkpt>
    <trkpt lat="44.074562999999998" lon="11.327216000000000">
    </trkpt>
    <trkpt lat="44.074520000000000" lon="11.327180000000000">
    </trkpt>
    <trkpt lat="44.074390999999999" lon="11.327095999999999">
    </trkpt>
    <trkpt lat="44.074295999999997" lon="11.327048000000000">
    </trkpt>
    <trkpt lat="44.074159000000002" lon="11.327004000000001">
    </trkpt>
    <trkpt lat="44.073847999999998" lon="11.326741999999999">
    </trkpt>
    <trkpt lat="44.073624000000002" lon="11.326582999999999">
    </trkpt>
    <trkpt lat="44.073379000000003" lon="11.326418000000000">
    </trkpt>
    <trkpt lat="44.073149999999998" lon="11.326326000000000">
    </trkpt>
    <trkpt lat="44.073011999999999" lon="11.326328999999999">
    </trkpt>
    <trkpt lat="44.072958999999997" lon="11.326324000000000">
    </trkpt>
    <trkpt lat="44.072864000000003" lon="11.326299000000001">
    </trkpt>
    <trkpt lat="44.072693999999998" lon="11.326307999999999">
    </trkpt>
    <trkpt lat="44.072538000000002" lon="11.326344000000001">
    </trkpt>
    <trkpt lat="44.072237999999999" lon="11.326440000000000">
    </trkpt>
    <trkpt lat="44.072145999999996" lon="11.326504000000000">
    </trkpt>
    <trkpt lat="44.071952000000003" lon="11.326722999999999">
    </trkpt>
    <trkpt lat="44.071869000000000" lon="11.326782000000000">
    </trkpt>
    <trkpt lat="44.071725000000001" lon="11.326911000000001">
    </trkpt>
    <trkpt lat="44.071561000000003" lon="11.327090999999999">
    </trkpt>
    <trkpt lat="44.071441000000000" lon="11.327337000000000">
    </trkpt>
    <trkpt lat="44.071424999999998" lon="11.327348000000001">
    </trkpt>
    <trkpt lat="44.071322000000002" lon="11.327418000000000">
    </trkpt>
    <trkpt lat="44.071192000000003" lon="11.327482000000000">
    </trkpt>
    <trkpt lat="44.071035000000002" lon="11.327615000000000">
    </trkpt>
    <trkpt lat="44.070908000000003" lon="11.327756000000001">
    </trkpt>
    <trkpt lat="44.070785999999998" lon="11.327902999999999">
    </trkpt>
    <trkpt lat="44.070706000000001" lon="11.328028000000000">
    </trkpt>
    <trkpt lat="44.070664000000001" lon="11.328061000000000">
    </trkpt>
    <trkpt lat="44.070632000000003" lon="11.327939000000001">
    </trkpt>
    <trkpt lat="44.070476999999997" lon="11.327607000000000">
    </trkpt>
    <trkpt lat="44.070278999999999" lon="11.327439000000000">
    </trkpt>
    <trkpt lat="44.070186000000000" lon="11.327359000000000">
    </trkpt>
    <trkpt lat="44.070081000000002" lon="11.327292999999999">
    </trkpt>
    <trkpt lat="44.069892000000003" lon="11.327230999999999">
    </trkpt>
    <trkpt lat="44.069701999999999" lon="11.327181000000000">
    </trkpt>
    <trkpt lat="44.069584999999996" lon="11.327150000000000">
    </trkpt>
    <trkpt lat="44.069436000000003" lon="11.327097000000000">
    </trkpt>
    <trkpt lat="44.069234000000002" lon="11.327045999999999">
    </trkpt>
    <trkpt lat="44.069076000000003" lon="11.327028000000000">
    </trkpt>
    <trkpt lat="44.068851000000002" lon="11.327021000000000">
    </trkpt>
    <trkpt lat="44.068676000000004" lon="11.327076000000000">
    </trkpt>
    <trkpt lat="44.068627999999997" lon="11.327097999999999">
    </trkpt>
    <trkpt lat="44.068367000000002" lon="11.327277000000000">
    </trkpt>
    <trkpt lat="44.068283999999998" lon="11.327420999999999">
    </trkpt>
    <trkpt lat="44.068322000000002" lon="11.327844000000001">
    </trkpt>
    <trkpt lat="44.068348000000000" lon="11.328049999999999">
    </trkpt>
    <trkpt lat="44.068347000000003" lon="11.328334000000000">
    </trkpt>
    <trkpt lat="44.068322999999999" lon="11.328547000000000">
    </trkpt>
    <trkpt lat="44.068199000000000" lon="11.328811000000000">
    </trkpt>
    <trkpt lat="44.068097999999999" lon="11.328965999999999">
    </trkpt>
    <trkpt lat="44.067982999999998" lon="11.329354000000000">
    </trkpt>
    <trkpt lat="44.067990000000002" lon="11.329642000000000">
    </trkpt>
    <trkpt lat="44.067985000000000" lon="11.329891999999999">
    </trkpt>
    <trkpt lat="44.067931999999999" lon="11.330317000000001">
    </trkpt>
    <trkpt lat="44.067950000000003" lon="11.330667999999999">
    </trkpt>
    <trkpt lat="44.067996000000001" lon="11.330916999999999">
    </trkpt>
    <trkpt lat="44.068035999999999" lon="11.331030999999999">
    </trkpt>
    <trkpt lat="44.068038999999999" lon="11.331175999999999">
    </trkpt>
    <trkpt lat="44.067970000000003" lon="11.331256000000000">
    </trkpt>
    <trkpt lat="44.067886000000001" lon="11.331303999999999">
    </trkpt>
    <trkpt lat="44.067787000000003" lon="11.331391000000000">
    </trkpt>
    <trkpt lat="44.067734000000002" lon="11.331436999999999">
    </trkpt>
    <trkpt lat="44.067582000000002" lon="11.331483000000000">
    </trkpt>
    <trkpt lat="44.067525000000003" lon="11.331473000000001">
    </trkpt>
    <trkpt lat="44.067261000000002" lon="11.331723000000000">
    </trkpt>
    <trkpt lat="44.067203999999997" lon="11.331813000000000">
    </trkpt>
    <trkpt lat="44.067180999999998" lon="11.331904000000000">
    </trkpt>
    <trkpt lat="44.067158999999997" lon="11.332018000000000">
    </trkpt>
    <trkpt lat="44.067149999999998" lon="11.332182000000000">
    </trkpt>
    <trkpt lat="44.067131000000003" lon="11.332264000000000">
    </trkpt>
    <trkpt lat="44.067076000000000" lon="11.332318000000001">
    </trkpt>
    <trkpt lat="44.066958000000000" lon="11.332255999999999">
    </trkpt>
    <trkpt lat="44.066820000000000" lon="11.332141000000000">
    </trkpt>
    <trkpt lat="44.066647000000003" lon="11.332065000000000">
    </trkpt>
    <trkpt lat="44.066521000000002" lon="11.332083000000001">
    </trkpt>
    <trkpt lat="44.066406000000001" lon="11.332131000000000">
    </trkpt>
    <trkpt lat="44.066197000000003" lon="11.332141999999999">
    </trkpt>
    <trkpt lat="44.066051999999999" lon="11.332115000000000">
    </trkpt>
    <trkpt lat="44.065868999999999" lon="11.332115000000000">
    </trkpt>
    <trkpt lat="44.065700999999997" lon="11.332210999999999">
    </trkpt>
    <trkpt lat="44.065565999999997" lon="11.332276999999999">
    </trkpt>
    <trkpt lat="44.065505999999999" lon="11.332300999999999">
    </trkpt>
    <trkpt lat="44.065410999999997" lon="11.332310000000000">
    </trkpt>
    <trkpt lat="44.065311999999999" lon="11.332260000000000">
    </trkpt>
    <trkpt lat="44.065261999999997" lon="11.332210999999999">
    </trkpt>
    <trkpt lat="44.065153000000002" lon="11.332077000000000">
    </trkpt>
    <trkpt lat="44.065035999999999" lon="11.331939000000000">
    </trkpt>
    <trkpt lat="44.064923999999998" lon="11.331816999999999">
    </trkpt>
    <trkpt lat="44.064804000000002" lon="11.331671000000000">
    </trkpt>
    <trkpt lat="44.064737000000001" lon="11.331571000000000">
    </trkpt>
    <trkpt lat="44.064563999999997" lon="11.331455000000000">
    </trkpt>
    <trkpt lat="44.064449000000003" lon="11.331450999999999">
    </trkpt>
    <trkpt lat="44.064253000000001" lon="11.331395000000001">
    </trkpt>
    <trkpt lat="44.064095000000002" lon="11.331258000000000">
    </trkpt>
    <trkpt lat="44.063979000000003" lon="11.331205000000001">
    </trkpt>
    <trkpt lat="44.063876000000000" lon="11.331239999999999">
    </trkpt>
    <trkpt lat="44.063811000000001" lon="11.331289999999999">
    </trkpt>
    <trkpt lat="44.062779999999997" lon="11.331236000000001">
    </trkpt>
    <trkpt lat="44.062493000000003" lon="11.331194999999999">
    </trkpt>
    <trkpt lat="44.062019999999997" lon="11.331002000000000">
    </trkpt>
    <trkpt lat="44.061804000000002" lon="11.330833000000000">
    </trkpt>
    <trkpt lat="44.061548000000002" lon="11.330657000000000">
    </trkpt>
    <trkpt lat="44.061149000000000" lon="11.330404000000000">
    </trkpt>
    <trkpt lat="44.060809999999996" lon="11.330171999999999">
    </trkpt>
    <trkpt lat="44.060679000000000" lon="11.330012999999999">
    </trkpt>
    <trkpt lat="44.060527000000000" lon="11.329711000000000">
    </trkpt>
    <trkpt lat="44.060465999999998" lon="11.329376999999999">
    </trkpt>
    <trkpt lat="44.060428000000002" lon="11.329257000000000">
    </trkpt>
    <trkpt lat="44.060386000000001" lon="11.329131000000000">
    </trkpt>
    <trkpt lat="44.060215999999997" lon="11.328951000000000">
    </trkpt>
    <trkpt lat="44.060021999999996" lon="11.328858000000000">
    </trkpt>
    <trkpt lat="44.059857999999998" lon="11.328771000000000">
    </trkpt>
    <trkpt lat="44.059814000000003" lon="11.328741000000001">
    </trkpt>
    <trkpt lat="44.059725000000000" lon="11.328559000000000">
    </trkpt>
    <trkpt lat="44.059663000000000" lon="11.328037000000000">
    </trkpt>
    <trkpt lat="44.059649999999998" lon="11.327717000000000">
    </trkpt>
    <trkpt lat="44.059586000000003" lon="11.327550000000000">
    </trkpt>
    <trkpt lat="44.059480999999998" lon="11.327425000000000">
    </trkpt>
    <trkpt lat="44.059421999999998" lon="11.327400000000001">
    </trkpt>
    <trkpt lat="44.059376999999998" lon="11.327456000000000">
    </trkpt>
    <trkpt lat="44.059348999999997" lon="11.327541000000000">
    </trkpt>
    <trkpt lat="44.059308000000001" lon="11.327567999999999">
    </trkpt>
    <trkpt lat="44.059255999999998" lon="11.327559000000001">
    </trkpt>
    <trkpt lat="44.059196999999998" lon="11.327464000000001">
    </trkpt>
    <trkpt lat="44.059153000000002" lon="11.327055000000000">
    </trkpt>
    <trkpt lat="44.058956000000002" lon="11.326625999999999">
    </trkpt>
    <trkpt lat="44.058680000000003" lon="11.326294000000001">
    </trkpt>
    <trkpt lat="44.058504999999997" lon="11.326181999999999">
    </trkpt>
    <trkpt lat="44.058123999999999" lon="11.326014000000001">
    </trkpt>
    <trkpt lat="44.057803999999997" lon="11.325901999999999">
    </trkpt>
    <trkpt lat="44.057644000000003" lon="11.325849000000000">
    </trkpt>
    <trkpt lat="44.057197000000002" lon="11.325635999999999">
    </trkpt>
    <trkpt lat="44.056877000000000" lon="11.325452000000000">
    </trkpt>
    <trkpt lat="44.056463999999998" lon="11.325151000000000">
    </trkpt>
    <trkpt lat="44.056457000000002" lon="11.325105000000001">
    </trkpt>
    <trkpt lat="44.056544000000002" lon="11.324394000000000">
    </trkpt>
    <trkpt lat="44.056883999999997" lon="11.323938000000000">
    </trkpt>
    <trkpt lat="44.057042000000003" lon="11.323541000000001">
    </trkpt>
    <trkpt lat="44.056953000000000" lon="11.323269000000000">
    </trkpt>
    <trkpt lat="44.056818000000000" lon="11.323153000000000">
    </trkpt>
    <trkpt lat="44.056752000000003" lon="11.322998999999999">
    </trkpt>
    <trkpt lat="44.056750999999998" lon="11.322551000000001">
    </trkpt>
    <trkpt lat="44.056815999999998" lon="11.321921000000000">
    </trkpt>
    <trkpt lat="44.056781999999998" lon="11.321024000000000">
    </trkpt>
    <trkpt lat="44.056617000000003" lon="11.320828000000001">
    </trkpt>
    <trkpt lat="44.056224999999998" lon="11.320948000000000">
    </trkpt>
    <trkpt lat="44.055878999999997" lon="11.321239000000000">
    </trkpt>
    <trkpt lat="44.055588999999998" lon="11.321503000000000">
    </trkpt>
    <trkpt lat="44.055069000000003" lon="11.321723000000000">
    </trkpt>
    <trkpt lat="44.054837999999997" lon="11.321908000000001">
    </trkpt>
    <trkpt lat="44.054065999999999" lon="11.322822000000000">
    </trkpt>
    <trkpt lat="44.054008000000003" lon="11.322877999999999">
    </trkpt>
    <trkpt lat="44.053806000000002" lon="11.323211000000001">
    </trkpt>
    <trkpt lat="44.053677999999998" lon="11.323385999999999">
    </trkpt>
    <trkpt lat="44.053446999999998" lon="11.323610000000000">
    </trkpt>
    <trkpt lat="44.053446999999998" lon="11.323610000000000">
    </trkpt>
    <trkpt lat="44.053274000000002" lon="11.323592000000000">
    </trkpt>
    <trkpt lat="44.053145999999998" lon="11.323491000000001">
    </trkpt>
    <trkpt lat="44.052957999999997" lon="11.323639999999999">
    </trkpt>
    <trkpt lat="44.052667999999997" lon="11.323607000000001">
    </trkpt>
    <trkpt lat="44.052470999999997" lon="11.323433000000000">
    </trkpt>
    <trkpt lat="44.052188999999998" lon="11.323299000000000">
    </trkpt>
    <trkpt lat="44.052047999999999" lon="11.323271999999999">
    </trkpt>
    <trkpt lat="44.051901999999998" lon="11.323107000000000">
    </trkpt>
    <trkpt lat="44.051639000000002" lon="11.322476999999999">
    </trkpt>
    <trkpt lat="44.051546000000002" lon="11.322319999999999">
    </trkpt>
    <trkpt lat="44.051509000000003" lon="11.322296000000000">
    </trkpt>
    <trkpt lat="44.051457999999997" lon="11.322596000000001">
    </trkpt>
    <trkpt lat="44.051416000000003" lon="11.322768999999999">
    </trkpt>
    <trkpt lat="44.051242000000002" lon="11.322722000000001">
    </trkpt>
    <trkpt lat="44.051104000000002" lon="11.322770999999999">
    </trkpt>
    <trkpt lat="44.050950999999998" lon="11.322891000000000">
    </trkpt>
    <trkpt lat="44.050745999999997" lon="11.322910000000000">
    </trkpt>
    <trkpt lat="44.050431000000003" lon="11.322830000000000">
    </trkpt>
    <trkpt lat="44.049813000000000" lon="11.322559999999999">
    </trkpt>
    <trkpt lat="44.049098000000001" lon="11.322285000000001">
    </trkpt>
    <trkpt lat="44.048456999999999" lon="11.322101000000000">
    </trkpt>
    <trkpt lat="44.048099000000001" lon="11.322005000000001">
    </trkpt>
    <trkpt lat="44.047986999999999" lon="11.321966000000000">
    </trkpt>
    <trkpt lat="44.047758000000002" lon="11.322165999999999">
    </trkpt>
    <trkpt lat="44.047632999999998" lon="11.322542000000000">
    </trkpt>
    <trkpt lat="44.047441999999997" lon="11.323285000000000">
    </trkpt>
    <trkpt lat="44.047296000000003" lon="11.323664000000001">
    </trkpt>
    <trkpt lat="44.047161000000003" lon="11.323950999999999">
    </trkpt>
    <trkpt lat="44.047170000000001" lon="11.324249000000000">
    </trkpt>
    <trkpt lat="44.047040000000003" lon="11.324362000000001">
    </trkpt>
    <trkpt lat="44.046990000000001" lon="11.324254000000000">
    </trkpt>
    <trkpt lat="44.046874000000003" lon="11.323714000000001">
    </trkpt>
    <trkpt lat="44.046804000000002" lon="11.323098999999999">
    </trkpt>
    <trkpt lat="44.046678000000000" lon="11.322915999999999">
    </trkpt>
    <trkpt lat="44.046565000000001" lon="11.322813000000000">
    </trkpt>
    <trkpt lat="44.046565000000001" lon="11.322687000000000">
    </trkpt>
    <trkpt lat="44.046638000000002" lon="11.322590000000000">
    </trkpt>
    <trkpt lat="44.046684999999997" lon="11.322312000000000">
    </trkpt>
    <trkpt lat="44.046596000000001" lon="11.322027000000000">
    </trkpt>
    <trkpt lat="44.046419000000000" lon="11.322018999999999">
    </trkpt>
    <trkpt lat="44.046213999999999" lon="11.321885999999999">
    </trkpt>
    <trkpt lat="44.046145000000003" lon="11.321800000000000">
    </trkpt>
    <trkpt lat="44.046115000000000" lon="11.321536000000000">
    </trkpt>
    <trkpt lat="44.046151000000002" lon="11.321111999999999">
    </trkpt>
    <trkpt lat="44.045968000000002" lon="11.320812000000000">
    </trkpt>
    <trkpt lat="44.045850999999999" lon="11.320574000000001">
    </trkpt>
    <trkpt lat="44.045774000000002" lon="11.320487999999999">
    </trkpt>
    <trkpt lat="44.045651999999997" lon="11.320085000000001">
    </trkpt>
    <trkpt lat="44.045558000000000" lon="11.319770000000000">
    </trkpt>
    <trkpt lat="44.045484999999999" lon="11.319708000000000">
    </trkpt>
    <trkpt lat="44.045282000000000" lon="11.319716000000000">
    </trkpt>
    <trkpt lat="44.044961000000001" lon="11.319570000000001">
    </trkpt>
    <trkpt lat="44.044747999999998" lon="11.319426999999999">
    </trkpt>
    <trkpt lat="44.044587000000000" lon="11.319278000000001">
    </trkpt>
    <trkpt lat="44.044457999999999" lon="11.319235000000001">
    </trkpt>
    <trkpt lat="44.044359000000000" lon="11.319295000000000">
    </trkpt>
    <trkpt lat="44.044156000000001" lon="11.319378000000000">
    </trkpt>
    <trkpt lat="44.044010000000000" lon="11.319603000000001">
    </trkpt>
    <trkpt lat="44.043852000000001" lon="11.319868000000000">
    </trkpt>
    <trkpt lat="44.043503000000001" lon="11.320002000000001">
    </trkpt>
    <trkpt lat="44.043225999999997" lon="11.320125000000001">
    </trkpt>
    <trkpt lat="44.042892000000002" lon="11.320290999999999">
    </trkpt>
    <trkpt lat="44.042803999999997" lon="11.320406000000000">
    </trkpt>
    <trkpt lat="44.042693999999997" lon="11.320698000000000">
    </trkpt>
    <trkpt lat="44.042521000000001" lon="11.321360000000000">
    </trkpt>
    <trkpt lat="44.042321999999999" lon="11.321713000000001">
    </trkpt>
    <trkpt lat="44.042149999999999" lon="11.321795000000000">
    </trkpt>
    <trkpt lat="44.041967000000000" lon="11.321854999999999">
    </trkpt>
    <trkpt lat="44.041747999999998" lon="11.322041000000000">
    </trkpt>
    <trkpt lat="44.041586000000002" lon="11.322004000000000">
    </trkpt>
    <trkpt lat="44.041471999999999" lon="11.321897000000000">
    </trkpt>
    <trkpt lat="44.041404000000000" lon="11.322015000000000">
    </trkpt>
    <trkpt lat="44.041252000000000" lon="11.322191999999999">
    </trkpt>
    <trkpt lat="44.041021000000001" lon="11.322265000000000">
    </trkpt>
    <trkpt lat="44.040785000000000" lon="11.322250000000000">
    </trkpt>
    <trkpt lat="44.040624000000001" lon="11.322145000000001">
    </trkpt>
    <trkpt lat="44.040345000000002" lon="11.321909000000000">
    </trkpt>
    <trkpt lat="44.040075000000002" lon="11.321789000000001">
    </trkpt>
    <trkpt lat="44.039594000000001" lon="11.321809999999999">
    </trkpt>
    <trkpt lat="44.039344000000000" lon="11.321880000000000">
    </trkpt>
    <trkpt lat="44.039172999999998" lon="11.321990000000000">
    </trkpt>
    <trkpt lat="44.039088999999997" lon="11.322134999999999">
    </trkpt>
    <trkpt lat="44.038983999999999" lon="11.322454000000000">
    </trkpt>
    <trkpt lat="44.038930999999998" lon="11.322594000000000">
    </trkpt>
    <trkpt lat="44.038789000000001" lon="11.322806999999999">
    </trkpt>
    <trkpt lat="44.038716999999998" lon="11.323257000000000">
    </trkpt>
    <trkpt lat="44.038626000000001" lon="11.323567000000001">
    </trkpt>
    <trkpt lat="44.038449999999997" lon="11.324037000000001">
    </trkpt>
    <trkpt lat="44.038218000000001" lon="11.324342000000000">
    </trkpt>
    <trkpt lat="44.038024000000000" lon="11.324251000000000">
    </trkpt>
    <trkpt lat="44.037869999999998" lon="11.324154999999999">
    </trkpt>
    <trkpt lat="44.037664999999997" lon="11.324078999999999">
    </trkpt>
    <trkpt lat="44.037573000000002" lon="11.324052999999999">
    </trkpt>
    <trkpt lat="44.037413000000001" lon="11.324185000000000">
    </trkpt>
    <trkpt lat="44.037311000000003" lon="11.324128999999999">
    </trkpt>
    <trkpt lat="44.037283000000002" lon="11.324045000000000">
    </trkpt>
    <trkpt lat="44.037211999999997" lon="11.323957999999999">
    </trkpt>
    <trkpt lat="44.037118999999997" lon="11.324047000000000">
    </trkpt>
    <trkpt lat="44.037013000000002" lon="11.324120000000001">
    </trkpt>
    <trkpt lat="44.036797999999997" lon="11.323983000000000">
    </trkpt>
    <trkpt lat="44.036541000000000" lon="11.323702000000001">
    </trkpt>
    <trkpt lat="44.036262000000001" lon="11.323446000000001">
    </trkpt>
    <trkpt lat="44.036189999999998" lon="11.323292000000000">
    </trkpt>
    <trkpt lat="44.036214999999999" lon="11.322971000000001">
    </trkpt>
    <trkpt lat="44.036078000000003" lon="11.322996000000000">
    </trkpt>
    <trkpt lat="44.035882999999998" lon="11.323136999999999">
    </trkpt>
    <trkpt lat="44.035435999999997" lon="11.323372000000001">
    </trkpt>
    <trkpt lat="44.035097999999998" lon="11.323619000000001">
    </trkpt>
    <trkpt lat="44.034765999999998" lon="11.323994000000001">
    </trkpt>
    <trkpt lat="44.034686999999998" lon="11.324768000000001">
    </trkpt>
    <trkpt lat="44.034578000000003" lon="11.325505000000000">
    </trkpt>
    <trkpt lat="44.034508000000002" lon="11.325634000000001">
    </trkpt>
    <trkpt lat="44.034413999999998" lon="11.325832000000000">
    </trkpt>
    <trkpt lat="44.034472000000001" lon="11.326136999999999">
    </trkpt>
    <trkpt lat="44.034449000000002" lon="11.326280000000001">
    </trkpt>
    <trkpt lat="44.034390999999999" lon="11.326523000000000">
    </trkpt>
    <trkpt lat="44.034157000000000" lon="11.326639000000000">
    </trkpt>
    <trkpt lat="44.034078999999998" lon="11.326667000000000">
    </trkpt>
    <trkpt lat="44.033918999999997" lon="11.326675000000000">
    </trkpt>
    <trkpt lat="44.033835000000003" lon="11.326680000000000">
    </trkpt>
    <trkpt lat="44.033780000000000" lon="11.326627000000000">
    </trkpt>
    <trkpt lat="44.033738000000000" lon="11.326549999999999">
    </trkpt>
    <trkpt lat="44.033656999999998" lon="11.326555000000001">
    </trkpt>
    <trkpt lat="44.033594999999998" lon="11.326743000000000">
    </trkpt>
    <trkpt lat="44.033526000000002" lon="11.326843000000000">
    </trkpt>
    <trkpt lat="44.033078000000003" lon="11.327006000000001">
    </trkpt>
    <trkpt lat="44.032705000000000" lon="11.327166999999999">
    </trkpt>
    <trkpt lat="44.032445000000003" lon="11.327237000000000">
    </trkpt>
    <trkpt lat="44.032187000000000" lon="11.327325000000000">
    </trkpt>
    <trkpt lat="44.031903000000000" lon="11.327408000000000">
    </trkpt>
    <trkpt lat="44.031740999999997" lon="11.327368000000000">
    </trkpt>
    <trkpt lat="44.031711999999999" lon="11.327389999999999">
    </trkpt>
    <trkpt lat="44.031399999999998" lon="11.327719000000000">
    </trkpt>
    <trkpt lat="44.031241000000001" lon="11.327817000000000">
    </trkpt>
    <trkpt lat="44.031032000000003" lon="11.327813000000001">
    </trkpt>
    <trkpt lat="44.030301999999999" lon="11.327692000000001">
    </trkpt>
    <trkpt lat="44.030051000000000" lon="11.327621000000001">
    </trkpt>
    <trkpt lat="44.029789000000001" lon="11.327493000000000">
    </trkpt>
    <trkpt lat="44.029660999999997" lon="11.327502000000001">
    </trkpt>
    <trkpt lat="44.029344999999999" lon="11.327581000000000">
    </trkpt>
    <trkpt lat="44.029164999999999" lon="11.327529999999999">
    </trkpt>
    <trkpt lat="44.028939000000001" lon="11.327476000000001">
    </trkpt>
    <trkpt lat="44.028716000000003" lon="11.327412000000001">
    </trkpt>
    <trkpt lat="44.028602999999997" lon="11.327375999999999">
    </trkpt>
    <trkpt lat="44.028466000000002" lon="11.327296000000000">
    </trkpt>
    <trkpt lat="44.028466000000002" lon="11.327296000000000">
    </trkpt>
    <trkpt lat="44.028385000000000" lon="11.327178000000000">
    </trkpt>
    <trkpt lat="44.028022000000000" lon="11.327176000000000">
    </trkpt>
    <trkpt lat="44.027754999999999" lon="11.327230000000000">
    </trkpt>
    <trkpt lat="44.027510999999997" lon="11.327349999999999">
    </trkpt>
    <trkpt lat="44.027338999999998" lon="11.327341000000001">
    </trkpt>
    <trkpt lat="44.027116999999997" lon="11.327273000000000">
    </trkpt>
    <trkpt lat="44.026978999999997" lon="11.327367000000001">
    </trkpt>
    <trkpt lat="44.026783999999999" lon="11.327356999999999">
    </trkpt>
    <trkpt lat="44.026606000000001" lon="11.327346000000000">
    </trkpt>
    <trkpt lat="44.026333000000001" lon="11.327168000000000">
    </trkpt>
    <trkpt lat="44.026181999999999" lon="11.327142000000000">
    </trkpt>
    <trkpt lat="44.026001000000001" lon="11.327223000000000">
    </trkpt>
    <trkpt lat="44.025812000000002" lon="11.327232000000000">
    </trkpt>
    <trkpt lat="44.025709999999997" lon="11.327169000000000">
    </trkpt>
    <trkpt lat="44.025289000000001" lon="11.326869000000000">
    </trkpt>
    <trkpt lat="44.025122000000003" lon="11.326757000000001">
    </trkpt>
    <trkpt lat="44.024667999999998" lon="11.326434000000001">
    </trkpt>
    <trkpt lat="44.024335000000001" lon="11.326200000000000">
    </trkpt>
    <trkpt lat="44.024042000000001" lon="11.326008000000000">
    </trkpt>
    <trkpt lat="44.023789999999998" lon="11.325843000000001">
    </trkpt>
    <trkpt lat="44.023626999999998" lon="11.325742999999999">
    </trkpt>
    <trkpt lat="44.023626999999998" lon="11.325742999999999">
    </trkpt>
    <trkpt lat="44.023463000000000" lon="11.325981000000001">
    </trkpt>
    <trkpt lat="44.023280999999997" lon="11.326400000000000">
    </trkpt>
    <trkpt lat="44.023108000000001" lon="11.326793000000000">
    </trkpt>
    <trkpt lat="44.023026000000002" lon="11.327099000000000">
    </trkpt>
    <trkpt lat="44.022992000000002" lon="11.327536000000000">
    </trkpt>
    <trkpt lat="44.022976000000000" lon="11.327603000000000">
    </trkpt>
    <trkpt lat="44.022849000000001" lon="11.327667999999999">
    </trkpt>
    <trkpt lat="44.022544000000003" lon="11.327699000000001">
    </trkpt>
    <trkpt lat="44.022089000000001" lon="11.327970000000001">
    </trkpt>
    <trkpt lat="44.021926999999998" lon="11.328087000000000">
    </trkpt>
    <trkpt lat="44.021863000000003" lon="11.328086000000001">
    </trkpt>
    <trkpt lat="44.021608999999998" lon="11.327951000000001">
    </trkpt>
    <trkpt lat="44.021529999999998" lon="11.327913000000001">
    </trkpt>
    <trkpt lat="44.021447000000002" lon="11.327925000000000">
    </trkpt>
    <trkpt lat="44.021225999999999" lon="11.328170000000000">
    </trkpt>
    <trkpt lat="44.021225999999999" lon="11.328170000000000">
    </trkpt>
    <trkpt lat="44.021137000000003" lon="11.328111000000000">
    </trkpt>
    <trkpt lat="44.021065999999998" lon="11.327699000000001">
    </trkpt>
    <trkpt lat="44.021031999999998" lon="11.327551000000000">
    </trkpt>
    <trkpt lat="44.020847000000003" lon="11.327310000000001">
    </trkpt>
    <trkpt lat="44.020552000000002" lon="11.327164000000000">
    </trkpt>
    <trkpt lat="44.020218999999997" lon="11.326949000000001">
    </trkpt>
    <trkpt lat="44.019956000000001" lon="11.326744000000000">
    </trkpt>
    <trkpt lat="44.019668000000003" lon="11.326508000000000">
    </trkpt>
    <trkpt lat="44.019407000000001" lon="11.326282000000001">
    </trkpt>
    <trkpt lat="44.019238000000001" lon="11.326079999999999">
    </trkpt>
    <trkpt lat="44.018934000000002" lon="11.325715000000001">
    </trkpt>
    <trkpt lat="44.018331000000003" lon="11.325075000000000">
    </trkpt>
    <trkpt lat="44.017999000000003" lon="11.324684000000000">
    </trkpt>
    <trkpt lat="44.017648000000001" lon="11.324272000000001">
    </trkpt>
    <trkpt lat="44.017302999999998" lon="11.323948000000000">
    </trkpt>
    <trkpt lat="44.016917999999997" lon="11.323463000000000">
    </trkpt>
    <trkpt lat="44.016694999999999" lon="11.323181999999999">
    </trkpt>
    <trkpt lat="44.016565999999997" lon="11.322963000000000">
    </trkpt>
    <trkpt lat="44.016508000000002" lon="11.322939999999999">
    </trkpt>
    <trkpt lat="44.016376000000001" lon="11.322903000000000">
    </trkpt>
    <trkpt lat="44.015993999999999" lon="11.323105999999999">
    </trkpt>
    <trkpt lat="44.015822000000000" lon="11.323212000000000">
    </trkpt>
    <trkpt lat="44.015329999999999" lon="11.323171000000000">
    </trkpt>
    <trkpt lat="44.015030000000003" lon="11.323096000000000">
    </trkpt>
    <trkpt lat="44.014614000000002" lon="11.322981000000000">
    </trkpt>
    <trkpt lat="44.014279000000002" lon="11.322848000000000">
    </trkpt>
    <trkpt lat="44.013610999999997" lon="11.322537000000001">
    </trkpt>
    <trkpt lat="44.013472999999998" lon="11.322464999999999">
    </trkpt>
    <trkpt lat="44.012985999999998" lon="11.322022000000000">
    </trkpt>
    <trkpt lat="44.012177000000001" lon="11.321217000000001">
    </trkpt>
    <trkpt lat="44.012061000000003" lon="11.321139000000001">
    </trkpt>
    <trkpt lat="44.011969999999998" lon="11.321123999999999">
    </trkpt>
    <trkpt lat="44.011384999999997" lon="11.321149999999999">
    </trkpt>
    <trkpt lat="44.010720999999997" lon="11.321073000000000">
    </trkpt>
    <trkpt lat="44.010331999999998" lon="11.320866000000001">
    </trkpt>
    <trkpt lat="44.009689000000002" lon="11.320414000000000">
    </trkpt>
    <trkpt lat="44.008403999999999" lon="11.319379000000000">
    </trkpt>
    <trkpt lat="44.007632000000001" lon="11.318664000000000">
    </trkpt>
    <trkpt lat="44.007123999999997" lon="11.317909999999999">
    </trkpt>
    <trkpt lat="44.006864999999998" lon="11.317546000000000">
    </trkpt>
    <trkpt lat="44.006599000000001" lon="11.317383000000000">
    </trkpt>
    <trkpt lat="44.006191000000001" lon="11.317387000000000">
    </trkpt>
    <trkpt lat="44.005713999999998" lon="11.317757000000000">
    </trkpt>
    <trkpt lat="44.005366000000002" lon="11.318194999999999">
    </trkpt>
    <trkpt lat="44.004579999999997" lon="11.318260000000000">
    </trkpt>
    <trkpt lat="44.004229000000002" lon="11.318203000000000">
    </trkpt>
    <trkpt lat="44.003664999999998" lon="11.318230000000000">
    </trkpt>
    <trkpt lat="44.003225000000000" lon="11.318371000000001">
    </trkpt>
    <trkpt lat="44.002768000000003" lon="11.318481999999999">
    </trkpt>
    <trkpt lat="44.002270000000003" lon="11.318566000000001">
    </trkpt>
    <trkpt lat="44.001967999999998" lon="11.318821000000000">
    </trkpt>
    <trkpt lat="44.001635999999998" lon="11.319459000000000">
    </trkpt>
    <trkpt lat="44.001154999999997" lon="11.319865999999999">
    </trkpt>
    <trkpt lat="44.000836000000000" lon="11.320131999999999">
    </trkpt>
    <trkpt lat="44.000714000000002" lon="11.320163000000001">
    </trkpt>
    <trkpt lat="44.000261000000002" lon="11.320168000000001">
    </trkpt>
    <trkpt lat="43.999875000000003" lon="11.320292999999999">
    </trkpt>
    <trkpt lat="43.999425000000002" lon="11.320466000000000">
    </trkpt>
    <trkpt lat="43.998868000000002" lon="11.320573000000000">
    </trkpt>
    <trkpt lat="43.998277999999999" lon="11.320709000000001">
    </trkpt>
    <trkpt lat="43.997838000000002" lon="11.320850000000000">
    </trkpt>
    <trkpt lat="43.997374999999998" lon="11.321109000000000">
    </trkpt>
    <trkpt lat="43.996391000000003" lon="11.321498000000000">
    </trkpt>
    <trkpt lat="43.995646000000001" lon="11.322067000000001">
    </trkpt>
    <trkpt lat="43.995092000000000" lon="11.322210999999999">
    </trkpt>
    <trkpt lat="43.994331000000003" lon="11.322442000000001">
    </trkpt>
    <trkpt lat="43.993594999999999" lon="11.322559000000000">
    </trkpt>
    <trkpt lat="43.992970000000000" lon="11.322671000000000">
    </trkpt>
    <trkpt lat="43.992400000000004" lon="11.322709000000000">
    </trkpt>
    <trkpt lat="43.991495000000000" lon="11.322604999999999">
    </trkpt>
    <trkpt lat="43.990889000000003" lon="11.322525000000001">
    </trkpt>
    <trkpt lat="43.990302999999997" lon="11.322554999999999">
    </trkpt>
    <trkpt lat="43.989919999999998" lon="11.322581000000000">
    </trkpt>
    <trkpt lat="43.989297000000001" lon="11.322403000000000">
    </trkpt>
    <trkpt lat="43.988748999999999" lon="11.322231000000000">
    </trkpt>
    <trkpt lat="43.988447999999998" lon="11.322162000000001">
    </trkpt>
    <trkpt lat="43.988100000000003" lon="11.322157000000001">
    </trkpt>
    <trkpt lat="43.987546000000002" lon="11.322172999999999">
    </trkpt>
    <trkpt lat="43.987282999999998" lon="11.322194000000000">
    </trkpt>
    <trkpt lat="43.986984999999997" lon="11.322269000000000">
    </trkpt>
    <trkpt lat="43.986459000000004" lon="11.322435000000000">
    </trkpt>
    <trkpt lat="43.986196999999997" lon="11.322376999999999">
    </trkpt>
    <trkpt lat="43.985776000000001" lon="11.322293000000000">
    </trkpt>
    <trkpt lat="43.985140000000001" lon="11.322483000000000">
    </trkpt>
    <trkpt lat="43.984699999999997" lon="11.322666999999999">
    </trkpt>
    <trkpt lat="43.983669999999996" lon="11.322948000000000">
    </trkpt>
    <trkpt lat="43.982353000000003" lon="11.323321000000000">
    </trkpt>
    <trkpt lat="43.981881000000001" lon="11.323467000000001">
    </trkpt>
    <trkpt lat="43.980592000000001" lon="11.323696000000000">
    </trkpt>
    <trkpt lat="43.980010999999998" lon="11.323755999999999">
    </trkpt>
    <trkpt lat="43.979246000000003" lon="11.323759000000001">
    </trkpt>
    <trkpt lat="43.978771999999999" lon="11.323930000000001">
    </trkpt>
    <trkpt lat="43.978046999999997" lon="11.323808000000000">
    </trkpt>
    <trkpt lat="43.977639000000003" lon="11.323689000000000">
    </trkpt>
    <trkpt lat="43.977300999999997" lon="11.323549000000000">
    </trkpt>
    <trkpt lat="43.976602000000000" lon="11.323435000000000">
    </trkpt>
    <trkpt lat="43.975976000000003" lon="11.323361999999999">
    </trkpt>
    <trkpt lat="43.975535000000001" lon="11.323403000000001">
    </trkpt>
    <trkpt lat="43.975355000000000" lon="11.323485000000000">
    </trkpt>
    <trkpt lat="43.975011000000002" lon="11.324009999999999">
    </trkpt>
    <trkpt lat="43.974440999999999" lon="11.324826000000000">
    </trkpt>
    <trkpt lat="43.974235999999998" lon="11.325303999999999">
    </trkpt>
    <trkpt lat="43.973578000000003" lon="11.325612000000000">
    </trkpt>
    <trkpt lat="43.973069000000002" lon="11.325929000000000">
    </trkpt>
    <trkpt lat="43.972734000000003" lon="11.326096000000000">
    </trkpt>
    <trkpt lat="43.972734000000003" lon="11.326096000000000">
    </trkpt>
    <trkpt lat="43.972413000000003" lon="11.326568000000000">
    </trkpt>
    <trkpt lat="43.971908999999997" lon="11.326571000000000">
    </trkpt>
    <trkpt lat="43.971232000000001" lon="11.326589000000000">
    </trkpt>
    <trkpt lat="43.970441000000001" lon="11.326641000000000">
    </trkpt>
    <trkpt lat="43.970075000000001" lon="11.326604000000000">
    </trkpt>
    <trkpt lat="43.970075000000001" lon="11.326604000000000">
    </trkpt>
    <trkpt lat="43.969906000000002" lon="11.326798000000000">
    </trkpt>
    <trkpt lat="43.969692999999999" lon="11.327451999999999">
    </trkpt>
    <trkpt lat="43.969548000000003" lon="11.327933000000000">
    </trkpt>
    <trkpt lat="43.969434999999997" lon="11.328173000000000">
    </trkpt>
    <trkpt lat="43.969180000000001" lon="11.327895000000000">
    </trkpt>
    <trkpt lat="43.969023999999997" lon="11.327602000000001">
    </trkpt>
    <trkpt lat="43.968755999999999" lon="11.327159000000000">
    </trkpt>
    <trkpt lat="43.968609000000001" lon="11.326926000000000">
    </trkpt>
    <trkpt lat="43.968471000000001" lon="11.327149000000000">
    </trkpt>
    <trkpt lat="43.968198000000001" lon="11.327749000000001">
    </trkpt>
    <trkpt lat="43.968009000000002" lon="11.328151000000000">
    </trkpt>
    <trkpt lat="43.967928999999998" lon="11.328429000000000">
    </trkpt>
    <trkpt lat="43.967930000000003" lon="11.328647000000000">
    </trkpt>
    <trkpt lat="43.967970000000001" lon="11.328913999999999">
    </trkpt>
    <trkpt lat="43.967697000000001" lon="11.329226999999999">
    </trkpt>
    <trkpt lat="43.967160999999997" lon="11.329637000000000">
    </trkpt>
    <trkpt lat="43.966676000000000" lon="11.330009000000000">
    </trkpt>
    <trkpt lat="43.964410999999998" lon="11.327211999999999">
    </trkpt>
    <trkpt lat="43.964464000000000" lon="11.326997000000000">
    </trkpt>
    <trkpt lat="43.964426000000003" lon="11.326520000000000">
    </trkpt>
    <trkpt lat="43.964354999999998" lon="11.325742000000000">
    </trkpt>
    <trkpt lat="43.964267000000000" lon="11.324840999999999">
    </trkpt>
    <trkpt lat="43.964257000000003" lon="11.324430000000000">
    </trkpt>
    <trkpt lat="43.964309000000000" lon="11.324278000000000">
    </trkpt>
    <trkpt lat="43.964309000000000" lon="11.324278000000000">
    </trkpt>
    <trkpt lat="43.964230999999998" lon="11.324377000000000">
    </trkpt>
    <trkpt lat="43.963923999999999" lon="11.324284000000000">
    </trkpt>
    <trkpt lat="43.963453999999999" lon="11.324149000000000">
    </trkpt>
    <trkpt lat="43.963191999999999" lon="11.324217000000001">
    </trkpt>
    <trkpt lat="43.963051000000000" lon="11.324173999999999">
    </trkpt>
    <trkpt lat="43.962826000000000" lon="11.323941000000000">
    </trkpt>
    <trkpt lat="43.962806999999998" lon="11.323823000000001">
    </trkpt>
    <trkpt lat="43.962736999999997" lon="11.323703999999999">
    </trkpt>
    <trkpt lat="43.962505999999998" lon="11.323525999999999">
    </trkpt>
    <trkpt lat="43.962209999999999" lon="11.323496000000000">
    </trkpt>
    <trkpt lat="43.962122999999998" lon="11.323418999999999">
    </trkpt>
    <trkpt lat="43.962114999999997" lon="11.323300000000000">
    </trkpt>
    <trkpt lat="43.962119000000001" lon="11.323194000000001">
    </trkpt>
    <trkpt lat="43.962100000000000" lon="11.322960999999999">
    </trkpt>
    <trkpt lat="43.962079000000003" lon="11.322886000000000">
    </trkpt>
    <trkpt lat="43.962021000000000" lon="11.322766000000000">
    </trkpt>
    <trkpt lat="43.961976000000000" lon="11.322595000000000">
    </trkpt>
    <trkpt lat="43.961989000000003" lon="11.322544000000001">
    </trkpt>
    <trkpt lat="43.962009000000002" lon="11.322509999999999">
    </trkpt>
    <trkpt lat="43.962012999999999" lon="11.322385000000001">
    </trkpt>
    <trkpt lat="43.962015000000001" lon="11.322270000000000">
    </trkpt>
    <trkpt lat="43.962024999999997" lon="11.322120000000000">
    </trkpt>
    <trkpt lat="43.962021999999997" lon="11.322012000000001">
    </trkpt>
    <trkpt lat="43.962012000000001" lon="11.321904000000000">
    </trkpt>
    <trkpt lat="43.961998000000001" lon="11.321838000000000">
    </trkpt>
    <trkpt lat="43.961970000000001" lon="11.321766000000000">
    </trkpt>
    <trkpt lat="43.961934999999997" lon="11.321714000000000">
    </trkpt>
    <trkpt lat="43.961855999999997" lon="11.321661000000001">
    </trkpt>
    <trkpt lat="43.961815000000001" lon="11.321599000000001">
    </trkpt>
    <trkpt lat="43.961790999999998" lon="11.321543000000000">
    </trkpt>
    <trkpt lat="43.961767999999999" lon="11.321484999999999">
    </trkpt>
    <trkpt lat="43.961666000000001" lon="11.321251999999999">
    </trkpt>
    <trkpt lat="43.961604000000001" lon="11.321071000000000">
    </trkpt>
    <trkpt lat="43.961567000000002" lon="11.320940000000000">
    </trkpt>
    <trkpt lat="43.961534999999998" lon="11.320805000000000">
    </trkpt>
    <trkpt lat="43.961508000000002" lon="11.320705000000000">
    </trkpt>
    <trkpt lat="43.961475000000000" lon="11.320627000000000">
    </trkpt>
    <trkpt lat="43.961444999999998" lon="11.320554000000000">
    </trkpt>
    <trkpt lat="43.961410999999998" lon="11.320475999999999">
    </trkpt>
    <trkpt lat="43.961373000000002" lon="11.320391000000001">
    </trkpt>
    <trkpt lat="43.961334000000001" lon="11.320292999999999">
    </trkpt>
    <trkpt lat="43.961308000000002" lon="11.320182000000001">
    </trkpt>
    <trkpt lat="43.961312999999997" lon="11.320061000000001">
    </trkpt>
    <trkpt lat="43.961317000000001" lon="11.319966000000001">
    </trkpt>
    <trkpt lat="43.961317999999999" lon="11.319846999999999">
    </trkpt>
    <trkpt lat="43.961297999999999" lon="11.319595000000000">
    </trkpt>
    <trkpt lat="43.961288000000003" lon="11.319556000000000">
    </trkpt>
    <trkpt lat="43.961255000000001" lon="11.319457999999999">
    </trkpt>
    <trkpt lat="43.961241999999999" lon="11.319413000000001">
    </trkpt>
    <trkpt lat="43.961216999999998" lon="11.319322000000000">
    </trkpt>
    <trkpt lat="43.961207999999999" lon="11.319158000000000">
    </trkpt>
    <trkpt lat="43.961204000000002" lon="11.319008999999999">
    </trkpt>
    <trkpt lat="43.961187000000002" lon="11.318946000000000">
    </trkpt>
    <trkpt lat="43.961134999999999" lon="11.318842999999999">
    </trkpt>
    <trkpt lat="43.960985999999998" lon="11.318562000000000">
    </trkpt>
    <trkpt lat="43.960878000000001" lon="11.318339000000000">
    </trkpt>
    <trkpt lat="43.960842000000000" lon="11.318237000000000">
    </trkpt>
    <trkpt lat="43.960819000000001" lon="11.318096000000001">
    </trkpt>
    <trkpt lat="43.960799000000002" lon="11.317956000000001">
    </trkpt>
    <trkpt lat="43.960771999999999" lon="11.317780000000001">
    </trkpt>
    <trkpt lat="43.960776000000003" lon="11.317684000000000">
    </trkpt>
    <trkpt lat="43.960780000000000" lon="11.317531000000001">
    </trkpt>
    <trkpt lat="43.960811999999997" lon="11.317303000000001">
    </trkpt>
    <trkpt lat="43.960838000000003" lon="11.317062000000000">
    </trkpt>
    <trkpt lat="43.960835000000003" lon="11.316985000000001">
    </trkpt>
    <trkpt lat="43.960839000000000" lon="11.316864000000001">
    </trkpt>
    <trkpt lat="43.960828999999997" lon="11.316682999999999">
    </trkpt>
    <trkpt lat="43.960830000000001" lon="11.316459999999999">
    </trkpt>
    <trkpt lat="43.960858000000002" lon="11.316349000000001">
    </trkpt>
    <trkpt lat="43.960903999999999" lon="11.316157000000000">
    </trkpt>
    <trkpt lat="43.960935999999997" lon="11.316005000000001">
    </trkpt>
    <trkpt lat="43.960965000000002" lon="11.315880999999999">
    </trkpt>
    <trkpt lat="43.960994999999997" lon="11.315766000000000">
    </trkpt>
    <trkpt lat="43.961019999999998" lon="11.315669000000000">
    </trkpt>
    <trkpt lat="43.961078000000001" lon="11.315512000000000">
    </trkpt>
    <trkpt lat="43.961117000000002" lon="11.315378000000001">
    </trkpt>
    <trkpt lat="43.961159000000002" lon="11.315234999999999">
    </trkpt>
    <trkpt lat="43.961260000000003" lon="11.314931000000000">
    </trkpt>
    <trkpt lat="43.961272000000001" lon="11.314899000000000">
    </trkpt>
    <trkpt lat="43.961323000000000" lon="11.314774000000000">
    </trkpt>
    <trkpt lat="43.961371000000000" lon="11.314655000000000">
    </trkpt>
    <trkpt lat="43.961418999999999" lon="11.314536000000000">
    </trkpt>
    <trkpt lat="43.961485000000003" lon="11.314393000000001">
    </trkpt>
    <trkpt lat="43.961509999999997" lon="11.314342999999999">
    </trkpt>
    <trkpt lat="43.961514999999999" lon="11.314316000000000">
    </trkpt>
    <trkpt lat="43.961512999999997" lon="11.314285000000000">
    </trkpt>
    <trkpt lat="43.961506000000000" lon="11.314257000000000">
    </trkpt>
    <trkpt lat="43.961483999999999" lon="11.314223000000000">
    </trkpt>
    <trkpt lat="43.961471000000003" lon="11.314202999999999">
    </trkpt>
    <trkpt lat="43.961454000000003" lon="11.314183000000000">
    </trkpt>
    <trkpt lat="43.961412000000003" lon="11.314178000000000">
    </trkpt>
    <trkpt lat="43.961345999999999" lon="11.314155000000000">
    </trkpt>
    <trkpt lat="43.961308000000002" lon="11.314140000000000">
    </trkpt>
    <trkpt lat="43.961250999999997" lon="11.314114000000000">
    </trkpt>
    <trkpt lat="43.961174999999997" lon="11.314064000000000">
    </trkpt>
    <trkpt lat="43.961084000000000" lon="11.314012999999999">
    </trkpt>
    <trkpt lat="43.960988000000000" lon="11.313962999999999">
    </trkpt>
    <trkpt lat="43.960897000000003" lon="11.313959000000001">
    </trkpt>
    <trkpt lat="43.960709999999999" lon="11.313977000000000">
    </trkpt>
    <trkpt lat="43.960571000000002" lon="11.314000000000000">
    </trkpt>
    <trkpt lat="43.960515999999998" lon="11.314009000000000">
    </trkpt>
    <trkpt lat="43.960459000000000" lon="11.314007999999999">
    </trkpt>
    <trkpt lat="43.960425000000001" lon="11.314004000000001">
    </trkpt>
    <trkpt lat="43.960366000000000" lon="11.313981999999999">
    </trkpt>
    <trkpt lat="43.960292000000003" lon="11.313917999999999">
    </trkpt>
    <trkpt lat="43.960262999999998" lon="11.313851000000000">
    </trkpt>
    <trkpt lat="43.960231000000000" lon="11.313751000000000">
    </trkpt>
    <trkpt lat="43.960116999999997" lon="11.313359000000000">
    </trkpt>
    <trkpt lat="43.959929000000002" lon="11.312830000000000">
    </trkpt>
    <trkpt lat="43.959555999999999" lon="11.311881000000000">
    </trkpt>
    <trkpt lat="43.959245000000003" lon="11.311280000000000">
    </trkpt>
    <trkpt lat="43.959166000000003" lon="11.311026000000000">
    </trkpt>
    <trkpt lat="43.959122999999998" lon="11.310930000000001">
    </trkpt>
    <trkpt lat="43.959055999999997" lon="11.310772999999999">
    </trkpt>
    <trkpt lat="43.958762000000000" lon="11.310371999999999">
    </trkpt>
    <trkpt lat="43.958665000000003" lon="11.310274000000000">
    </trkpt>
    <trkpt lat="43.958545000000001" lon="11.310072000000000">
    </trkpt>
    <trkpt lat="43.958424000000001" lon="11.309804000000000">
    </trkpt>
    <trkpt lat="43.958387000000002" lon="11.309661000000000">
    </trkpt>
    <trkpt lat="43.958390000000001" lon="11.309604999999999">
    </trkpt>
    <trkpt lat="43.958416999999997" lon="11.309533999999999">
    </trkpt>
    <trkpt lat="43.958458999999998" lon="11.309412999999999">
    </trkpt>
    <trkpt lat="43.958481999999997" lon="11.309329999999999">
    </trkpt>
    <trkpt lat="43.958499000000003" lon="11.309259000000001">
    </trkpt>
    <trkpt lat="43.958506999999997" lon="11.309160000000000">
    </trkpt>
    <trkpt lat="43.958497000000001" lon="11.309106000000000">
    </trkpt>
    <trkpt lat="43.958474000000002" lon="11.309051000000000">
    </trkpt>
    <trkpt lat="43.958430000000000" lon="11.308983000000000">
    </trkpt>
    <trkpt lat="43.958387000000002" lon="11.308941000000001">
    </trkpt>
    <trkpt lat="43.958343999999997" lon="11.308899000000000">
    </trkpt>
    <trkpt lat="43.958295999999997" lon="11.308863000000001">
    </trkpt>
    <trkpt lat="43.958238999999999" lon="11.308818000000000">
    </trkpt>
    <trkpt lat="43.958145999999999" lon="11.308744000000001">
    </trkpt>
    <trkpt lat="43.958098999999997" lon="11.308705000000000">
    </trkpt>
    <trkpt lat="43.958039999999997" lon="11.308654000000001">
    </trkpt>
    <trkpt lat="43.957979999999999" lon="11.308629000000000">
    </trkpt>
    <trkpt lat="43.957943000000000" lon="11.308638999999999">
    </trkpt>
    <trkpt lat="43.957867999999998" lon="11.308691000000000">
    </trkpt>
    <trkpt lat="43.957802999999998" lon="11.308759000000000">
    </trkpt>
    <trkpt lat="43.957745000000003" lon="11.308830000000000">
    </trkpt>
    <trkpt lat="43.957689999999999" lon="11.308866000000000">
    </trkpt>
    <trkpt lat="43.957652000000003" lon="11.308854999999999">
    </trkpt>
    <trkpt lat="43.957512000000001" lon="11.308655000000000">
    </trkpt>
    <trkpt lat="43.957334000000003" lon="11.308408000000000">
    </trkpt>
    <trkpt lat="43.957244000000003" lon="11.308299000000000">
    </trkpt>
    <trkpt lat="43.957130999999997" lon="11.308218999999999">
    </trkpt>
    <trkpt lat="43.956992000000000" lon="11.308149999999999">
    </trkpt>
    <trkpt lat="43.956840000000000" lon="11.308080000000000">
    </trkpt>
    <trkpt lat="43.956800000000001" lon="11.308064000000000">
    </trkpt>
    <trkpt lat="43.956718000000002" lon="11.308059000000000">
    </trkpt>
    <trkpt lat="43.956601999999997" lon="11.308056000000001">
    </trkpt>
    <trkpt lat="43.956431000000002" lon="11.308054000000000">
    </trkpt>
    <trkpt lat="43.956294000000000" lon="11.307992000000000">
    </trkpt>
    <trkpt lat="43.956218999999997" lon="11.307922000000000">
    </trkpt>
    <trkpt lat="43.956183000000003" lon="11.307864000000000">
    </trkpt>
    <trkpt lat="43.956117999999996" lon="11.307814000000000">
    </trkpt>
    <trkpt lat="43.956138000000003" lon="11.307758000000000">
    </trkpt>
    <trkpt lat="43.956001999999998" lon="11.307649000000000">
    </trkpt>
    <trkpt lat="43.955931000000000" lon="11.307551999999999">
    </trkpt>
    <trkpt lat="43.955849000000001" lon="11.307548000000001">
    </trkpt>
    <trkpt lat="43.955795000000002" lon="11.307506999999999">
    </trkpt>
    <trkpt lat="43.955765000000000" lon="11.307464000000000">
    </trkpt>
    <trkpt lat="43.955731000000000" lon="11.307415000000001">
    </trkpt>
    <trkpt lat="43.955682000000003" lon="11.307328000000000">
    </trkpt>
    <trkpt lat="43.955601000000001" lon="11.307159000000000">
    </trkpt>
    <trkpt lat="43.955534000000000" lon="11.307000000000000">
    </trkpt>
    <trkpt lat="43.955483000000001" lon="11.306877000000000">
    </trkpt>
    <trkpt lat="43.955385999999997" lon="11.306638000000000">
    </trkpt>
    <trkpt lat="43.955165000000001" lon="11.306001000000000">
    </trkpt>
    <trkpt lat="43.955146999999997" lon="11.305937999999999">
    </trkpt>
    <trkpt lat="43.955185000000000" lon="11.305853000000001">
    </trkpt>
    <trkpt lat="43.955215000000003" lon="11.305839000000001">
    </trkpt>
    <trkpt lat="43.955300000000001" lon="11.305802000000000">
    </trkpt>
    <trkpt lat="43.955384000000002" lon="11.305766000000000">
    </trkpt>
    <trkpt lat="43.955461999999997" lon="11.305740000000000">
    </trkpt>
    <trkpt lat="43.955520999999997" lon="11.305745000000000">
    </trkpt>
    <trkpt lat="43.955587999999999" lon="11.305723000000000">
    </trkpt>
    <trkpt lat="43.955606000000003" lon="11.305694000000001">
    </trkpt>
    <trkpt lat="43.955573999999999" lon="11.305619999999999">
    </trkpt>
    <trkpt lat="43.955525999999999" lon="11.305557000000000">
    </trkpt>
    <trkpt lat="43.955480000000001" lon="11.305557000000000">
    </trkpt>
    <trkpt lat="43.955376000000001" lon="11.305574999999999">
    </trkpt>
    <trkpt lat="43.955281999999997" lon="11.305611000000001">
    </trkpt>
    <trkpt lat="43.955207000000001" lon="11.305657000000000">
    </trkpt>
    <trkpt lat="43.955122000000003" lon="11.305685000000000">
    </trkpt>
    <trkpt lat="43.955089000000001" lon="11.305676999999999">
    </trkpt>
    <trkpt lat="43.955010999999999" lon="11.305612000000000">
    </trkpt>
    <trkpt lat="43.954984000000003" lon="11.305573000000001">
    </trkpt>
    <trkpt lat="43.954976000000002" lon="11.305533000000000">
    </trkpt>
    <trkpt lat="43.954982000000001" lon="11.305391999999999">
    </trkpt>
    <trkpt lat="43.954996000000001" lon="11.305229000000001">
    </trkpt>
    <trkpt lat="43.954974999999997" lon="11.305051000000001">
    </trkpt>
    <trkpt lat="43.954915999999997" lon="11.304812000000000">
    </trkpt>
    <trkpt lat="43.954810000000002" lon="11.304451000000000">
    </trkpt>
    <trkpt lat="43.954766999999997" lon="11.304282000000001">
    </trkpt>
    <trkpt lat="43.954756000000003" lon="11.304164999999999">
    </trkpt>
    <trkpt lat="43.954738999999996" lon="11.303974000000000">
    </trkpt>
    <trkpt lat="43.954723000000001" lon="11.303742000000000">
    </trkpt>
    <trkpt lat="43.954694000000003" lon="11.303711000000000">
    </trkpt>
    <trkpt lat="43.954678999999999" lon="11.303670000000000">
    </trkpt>
    <trkpt lat="43.954633999999999" lon="11.303551000000001">
    </trkpt>
    <trkpt lat="43.954498000000001" lon="11.303226000000000">
    </trkpt>
    <trkpt lat="43.954427000000003" lon="11.303041000000000">
    </trkpt>
    <trkpt lat="43.954357999999999" lon="11.302811999999999">
    </trkpt>
    <trkpt lat="43.954321999999998" lon="11.302638999999999">
    </trkpt>
    <trkpt lat="43.954292000000002" lon="11.302351000000000">
    </trkpt>
    <trkpt lat="43.954284000000001" lon="11.302258000000000">
    </trkpt>
    <trkpt lat="43.954282999999997" lon="11.302199999999999">
    </trkpt>
    <trkpt lat="43.954303000000003" lon="11.302111000000000">
    </trkpt>
    <trkpt lat="43.954338000000000" lon="11.302039000000001">
    </trkpt>
    <trkpt lat="43.954366000000000" lon="11.302006000000000">
    </trkpt>
    <trkpt lat="43.954476000000000" lon="11.301907000000000">
    </trkpt>
    <trkpt lat="43.954546000000001" lon="11.301861000000001">
    </trkpt>
    <trkpt lat="43.954715000000000" lon="11.301778000000001">
    </trkpt>
    <trkpt lat="43.954929000000000" lon="11.301605000000000">
    </trkpt>
    <trkpt lat="43.955106999999998" lon="11.301427000000000">
    </trkpt>
    <trkpt lat="43.955219999999997" lon="11.301263000000001">
    </trkpt>
    <trkpt lat="43.955275000000000" lon="11.301161000000000">
    </trkpt>
    <trkpt lat="43.955331999999999" lon="11.301016000000001">
    </trkpt>
    <trkpt lat="43.955342999999999" lon="11.300986000000000">
    </trkpt>
    <trkpt lat="43.955378000000003" lon="11.300977000000000">
    </trkpt>
    <trkpt lat="43.955528000000001" lon="11.301004000000001">
    </trkpt>
    <trkpt lat="43.955598999999999" lon="11.301010000000000">
    </trkpt>
    <trkpt lat="43.955660999999999" lon="11.300947000000001">
    </trkpt>
    <trkpt lat="43.955689999999997" lon="11.300860999999999">
    </trkpt>
    <trkpt lat="43.955702000000002" lon="11.300770999999999">
    </trkpt>
    <trkpt lat="43.955697000000001" lon="11.300437000000001">
    </trkpt>
    <trkpt lat="43.955655999999998" lon="11.300157000000000">
    </trkpt>
    <trkpt lat="43.955655999999998" lon="11.300064000000001">
    </trkpt>
    <trkpt lat="43.955674999999999" lon="11.299770000000001">
    </trkpt>
    <trkpt lat="43.955669000000000" lon="11.299678000000000">
    </trkpt>
    <trkpt lat="43.955643999999999" lon="11.299597000000000">
    </trkpt>
    <trkpt lat="43.955575000000003" lon="11.299538999999999">
    </trkpt>
    <trkpt lat="43.955491000000002" lon="11.299505000000000">
    </trkpt>
    <trkpt lat="43.955406000000004" lon="11.299488000000000">
    </trkpt>
    <trkpt lat="43.955309999999997" lon="11.299488000000000">
    </trkpt>
    <trkpt lat="43.955137999999998" lon="11.299576000000000">
    </trkpt>
    <trkpt lat="43.954980999999997" lon="11.299640999999999">
    </trkpt>
    <trkpt lat="43.954931000000002" lon="11.299655000000000">
    </trkpt>
    <trkpt lat="43.954901000000000" lon="11.299650000000000">
    </trkpt>
    <trkpt lat="43.954847999999998" lon="11.299618000000001">
    </trkpt>
    <trkpt lat="43.954819000000001" lon="11.299566000000000">
    </trkpt>
    <trkpt lat="43.954815000000004" lon="11.299479000000000">
    </trkpt>
    <trkpt lat="43.954839000000000" lon="11.299369000000000">
    </trkpt>
    <trkpt lat="43.954908000000003" lon="11.299196999999999">
    </trkpt>
    <trkpt lat="43.954979999999999" lon="11.299020000000001">
    </trkpt>
    <trkpt lat="43.955075000000001" lon="11.298809000000000">
    </trkpt>
    <trkpt lat="43.955134999999999" lon="11.298631000000000">
    </trkpt>
    <trkpt lat="43.955157000000000" lon="11.298568000000000">
    </trkpt>
    <trkpt lat="43.955185000000000" lon="11.298429000000000">
    </trkpt>
    <trkpt lat="43.955219000000000" lon="11.298287000000000">
    </trkpt>
    <trkpt lat="43.955227999999998" lon="11.298158000000001">
    </trkpt>
    <trkpt lat="43.955233000000000" lon="11.297993999999999">
    </trkpt>
    <trkpt lat="43.955185999999998" lon="11.297430000000000">
    </trkpt>
    <trkpt lat="43.955137000000001" lon="11.297129999999999">
    </trkpt>
    <trkpt lat="43.955131999999999" lon="11.297076000000001">
    </trkpt>
    <trkpt lat="43.955125000000002" lon="11.296984000000000">
    </trkpt>
    <trkpt lat="43.955081999999997" lon="11.296789000000000">
    </trkpt>
    <trkpt lat="43.955019999999998" lon="11.296552000000000">
    </trkpt>
    <trkpt lat="43.955018000000003" lon="11.296462000000000">
    </trkpt>
    <trkpt lat="43.955030000000001" lon="11.296386999999999">
    </trkpt>
    <trkpt lat="43.955078000000000" lon="11.296168000000000">
    </trkpt>
    <trkpt lat="43.955094000000003" lon="11.296040000000000">
    </trkpt>
    <trkpt lat="43.954982999999999" lon="11.295775000000001">
    </trkpt>
    <trkpt lat="43.954915000000000" lon="11.295616000000001">
    </trkpt>
    <trkpt lat="43.954777000000000" lon="11.295375999999999">
    </trkpt>
    <trkpt lat="43.954622999999998" lon="11.295126000000000">
    </trkpt>
    <trkpt lat="43.954540999999999" lon="11.294999000000001">
    </trkpt>
    <trkpt lat="43.954456000000000" lon="11.294873000000001">
    </trkpt>
    <trkpt lat="43.954416999999999" lon="11.294779999999999">
    </trkpt>
    <trkpt lat="43.954422000000001" lon="11.294712000000001">
    </trkpt>
    <trkpt lat="43.954405000000001" lon="11.294451000000000">
    </trkpt>
    <trkpt lat="43.954383000000000" lon="11.294146000000000">
    </trkpt>
    <trkpt lat="43.954385000000002" lon="11.293934999999999">
    </trkpt>
    <trkpt lat="43.954399000000002" lon="11.293718000000000">
    </trkpt>
    <trkpt lat="43.954436999999999" lon="11.293530000000001">
    </trkpt>
    <trkpt lat="43.954442999999998" lon="11.293438999999999">
    </trkpt>
    <trkpt lat="43.954434999999997" lon="11.293250000000000">
    </trkpt>
    <trkpt lat="43.954389999999997" lon="11.293003000000001">
    </trkpt>
    <trkpt lat="43.954345000000004" lon="11.292755000000000">
    </trkpt>
    <trkpt lat="43.954332000000001" lon="11.292548999999999">
    </trkpt>
    <trkpt lat="43.954334000000003" lon="11.292365999999999">
    </trkpt>
    <trkpt lat="43.954338000000000" lon="11.292147000000000">
    </trkpt>
    <trkpt lat="43.954335999999998" lon="11.291880000000001">
    </trkpt>
    <trkpt lat="43.954345000000004" lon="11.291642000000000">
    </trkpt>
    <trkpt lat="43.954360999999999" lon="11.291385000000000">
    </trkpt>
    <trkpt lat="43.954365000000003" lon="11.291141000000000">
    </trkpt>
    <trkpt lat="43.954374000000001" lon="11.290862000000001">
    </trkpt>
    <trkpt lat="43.954366000000000" lon="11.290649000000000">
    </trkpt>
    <trkpt lat="43.954335999999998" lon="11.290455000000000">
    </trkpt>
    <trkpt lat="43.954293999999997" lon="11.290289000000000">
    </trkpt>
    <trkpt lat="43.954216000000002" lon="11.290100000000001">
    </trkpt>
    <trkpt lat="43.954130999999997" lon="11.289876000000000">
    </trkpt>
    <trkpt lat="43.954006999999997" lon="11.289540000000001">
    </trkpt>
    <trkpt lat="43.953795999999997" lon="11.288976000000000">
    </trkpt>
    <trkpt lat="43.953713999999998" lon="11.288753000000000">
    </trkpt>
    <trkpt lat="43.953648000000001" lon="11.288626000000001">
    </trkpt>
    <trkpt lat="43.953474999999997" lon="11.288442999999999">
    </trkpt>
    <trkpt lat="43.953327999999999" lon="11.288301000000001">
    </trkpt>
    <trkpt lat="43.953097999999997" lon="11.288149000000001">
    </trkpt>
    <trkpt lat="43.953085999999999" lon="11.288145000000000">
    </trkpt>
    <trkpt lat="43.952976000000000" lon="11.288104000000001">
    </trkpt>
    <trkpt lat="43.952767000000001" lon="11.287986000000000">
    </trkpt>
    <trkpt lat="43.952668000000003" lon="11.287815000000000">
    </trkpt>
    <trkpt lat="43.952575000000003" lon="11.287459999999999">
    </trkpt>
    <trkpt lat="43.952534000000000" lon="11.287158000000000">
    </trkpt>
    <trkpt lat="43.952511999999999" lon="11.286823000000000">
    </trkpt>
    <trkpt lat="43.952517999999998" lon="11.286644000000001">
    </trkpt>
    <trkpt lat="43.952522000000002" lon="11.286536999999999">
    </trkpt>
    <trkpt lat="43.952520999999997" lon="11.286318000000000">
    </trkpt>
    <trkpt lat="43.952519000000002" lon="11.286300000000001">
    </trkpt>
    <trkpt lat="43.952500999999998" lon="11.286161999999999">
    </trkpt>
    <trkpt lat="43.952480999999999" lon="11.286053000000001">
    </trkpt>
    <trkpt lat="43.952458000000000" lon="11.285962000000000">
    </trkpt>
    <trkpt lat="43.952387999999999" lon="11.285515000000000">
    </trkpt>
    <trkpt lat="43.952399999999997" lon="11.285444999999999">
    </trkpt>
    <trkpt lat="43.952421000000001" lon="11.285316999999999">
    </trkpt>
    <trkpt lat="43.952333000000003" lon="11.285404000000000">
    </trkpt>
    <trkpt lat="43.952278000000000" lon="11.285456999999999">
    </trkpt>
    <trkpt lat="43.952246000000002" lon="11.285460000000000">
    </trkpt>
    <trkpt lat="43.952067999999997" lon="11.285494999999999">
    </trkpt>
    <trkpt lat="43.951957999999998" lon="11.285503000000000">
    </trkpt>
    <trkpt lat="43.951835000000003" lon="11.285503000000000">
    </trkpt>
    <trkpt lat="43.951656000000000" lon="11.285479000000000">
    </trkpt>
    <trkpt lat="43.951493999999997" lon="11.285470000000000">
    </trkpt>
    <trkpt lat="43.951307000000000" lon="11.285461000000000">
    </trkpt>
    <trkpt lat="43.951107000000000" lon="11.285432000000000">
    </trkpt>
    <trkpt lat="43.950899999999997" lon="11.285380000000000">
    </trkpt>
    <trkpt lat="43.950747999999997" lon="11.285328000000000">
    </trkpt>
    <trkpt lat="43.950558999999998" lon="11.285233000000000">
    </trkpt>
    <trkpt lat="43.950356999999997" lon="11.285130000000001">
    </trkpt>
    <trkpt lat="43.950144000000002" lon="11.285066000000000">
    </trkpt>
    <trkpt lat="43.949990999999997" lon="11.285050000000000">
    </trkpt>
    <trkpt lat="43.949933999999999" lon="11.285053000000000">
    </trkpt>
    <trkpt lat="43.949826000000002" lon="11.285067000000000">
    </trkpt>
    <trkpt lat="43.949666000000001" lon="11.285040000000000">
    </trkpt>
    <trkpt lat="43.949458000000000" lon="11.284992000000001">
    </trkpt>
    <trkpt lat="43.949344000000004" lon="11.284953000000000">
    </trkpt>
    <trkpt lat="43.949193000000001" lon="11.284927000000000">
    </trkpt>
    <trkpt lat="43.949050000000000" lon="11.284932000000000">
    </trkpt>
    <trkpt lat="43.948785999999998" lon="11.284959000000001">
    </trkpt>
    <trkpt lat="43.948430000000002" lon="11.285054000000001">
    </trkpt>
    <trkpt lat="43.948362000000003" lon="11.285075000000001">
    </trkpt>
    <trkpt lat="43.948123000000002" lon="11.285107000000000">
    </trkpt>
    <trkpt lat="43.947912000000002" lon="11.285148000000000">
    </trkpt>
    <trkpt lat="43.947659999999999" lon="11.285207000000000">
    </trkpt>
    <trkpt lat="43.947414999999999" lon="11.285299000000000">
    </trkpt>
    <trkpt lat="43.947226999999998" lon="11.285372000000001">
    </trkpt>
    <trkpt lat="43.947211000000003" lon="11.285379000000001">
    </trkpt>
    <trkpt lat="43.947094999999997" lon="11.285420999999999">
    </trkpt>
    <trkpt lat="43.946738000000003" lon="11.285551000000000">
    </trkpt>
    <trkpt lat="43.946572000000003" lon="11.285603000000000">
    </trkpt>
    <trkpt lat="43.946511999999998" lon="11.285622000000000">
    </trkpt>
    <trkpt lat="43.946449999999999" lon="11.285634000000000">
    </trkpt>
    <trkpt lat="43.946393000000000" lon="11.285646000000000">
    </trkpt>
    <trkpt lat="43.946345000000001" lon="11.285647000000001">
    </trkpt>
    <trkpt lat="43.946286999999998" lon="11.285647000000001">
    </trkpt>
    <trkpt lat="43.946134999999998" lon="11.285629000000000">
    </trkpt>
    <trkpt lat="43.946040000000004" lon="11.285617999999999">
    </trkpt>
    <trkpt lat="43.945906000000001" lon="11.285634000000000">
    </trkpt>
    <trkpt lat="43.945718999999997" lon="11.285629000000000">
    </trkpt>
    <trkpt lat="43.945650999999998" lon="11.285627000000000">
    </trkpt>
    <trkpt lat="43.945580999999997" lon="11.285657000000000">
    </trkpt>
    <trkpt lat="43.945466000000003" lon="11.285693999999999">
    </trkpt>
    <trkpt lat="43.945317000000003" lon="11.285786999999999">
    </trkpt>
    <trkpt lat="43.944999000000003" lon="11.286053000000001">
    </trkpt>
    <trkpt lat="43.944567999999997" lon="11.286398999999999">
    </trkpt>
    <trkpt lat="43.944457999999997" lon="11.286489000000000">
    </trkpt>
    <trkpt lat="43.944234999999999" lon="11.286671000000000">
    </trkpt>
    <trkpt lat="43.944037999999999" lon="11.286795000000000">
    </trkpt>
    <trkpt lat="43.943863000000000" lon="11.286892000000000">
    </trkpt>
    <trkpt lat="43.943410999999998" lon="11.287245000000000">
    </trkpt>
    <trkpt lat="43.943185999999997" lon="11.287433000000000">
    </trkpt>
    <trkpt lat="43.943174999999997" lon="11.287433999999999">
    </trkpt>
    <trkpt lat="43.943052999999999" lon="11.287430000000001">
    </trkpt>
    <trkpt lat="43.942979999999999" lon="11.287482000000001">
    </trkpt>
    <trkpt lat="43.942981000000003" lon="11.287610000000001">
    </trkpt>
    <trkpt lat="43.942993999999999" lon="11.287731000000001">
    </trkpt>
    <trkpt lat="43.942912000000000" lon="11.287868000000000">
    </trkpt>
    <trkpt lat="43.942751000000001" lon="11.287976000000000">
    </trkpt>
    <trkpt lat="43.942594000000000" lon="11.288050000000000">
    </trkpt>
    <trkpt lat="43.942464000000001" lon="11.288157000000000">
    </trkpt>
    <trkpt lat="43.942357000000001" lon="11.288271000000000">
    </trkpt>
    <trkpt lat="43.942267000000001" lon="11.288482999999999">
    </trkpt>
    <trkpt lat="43.942267999999999" lon="11.288672999999999">
    </trkpt>
    <trkpt lat="43.942292000000002" lon="11.288902999999999">
    </trkpt>
    <trkpt lat="43.942315999999998" lon="11.289094000000000">
    </trkpt>
    <trkpt lat="43.942345000000003" lon="11.289223000000000">
    </trkpt>
    <trkpt lat="43.942366000000000" lon="11.289327000000000">
    </trkpt>
    <trkpt lat="43.942379000000003" lon="11.289408000000000">
    </trkpt>
    <trkpt lat="43.942376000000003" lon="11.289446000000000">
    </trkpt>
    <trkpt lat="43.942318000000000" lon="11.289410999999999">
    </trkpt>
    <trkpt lat="43.942256000000000" lon="11.289379000000000">
    </trkpt>
    <trkpt lat="43.942140999999999" lon="11.289360000000000">
    </trkpt>
    <trkpt lat="43.942042999999998" lon="11.289360000000000">
    </trkpt>
    <trkpt lat="43.941893999999998" lon="11.289370999999999">
    </trkpt>
    <trkpt lat="43.941822000000002" lon="11.289395000000001">
    </trkpt>
    <trkpt lat="43.941764999999997" lon="11.289415000000000">
    </trkpt>
    <trkpt lat="43.941676000000001" lon="11.289445000000001">
    </trkpt>
    <trkpt lat="43.941493999999999" lon="11.289467000000000">
    </trkpt>
    <trkpt lat="43.941470000000002" lon="11.289467999999999">
    </trkpt>
    <trkpt lat="43.941282000000001" lon="11.289472000000000">
    </trkpt>
    <trkpt lat="43.941237999999998" lon="11.289495000000001">
    </trkpt>
    <trkpt lat="43.941223999999998" lon="11.289505000000000">
    </trkpt>
    <trkpt lat="43.941214000000002" lon="11.289514000000000">
    </trkpt>
    <trkpt lat="43.941201999999997" lon="11.289550000000000">
    </trkpt>
    <trkpt lat="43.941203000000002" lon="11.289615000000000">
    </trkpt>
    <trkpt lat="43.941248000000002" lon="11.289685000000000">
    </trkpt>
    <trkpt lat="43.941276999999999" lon="11.289773000000000">
    </trkpt>
    <trkpt lat="43.941270000000003" lon="11.289854000000000">
    </trkpt>
    <trkpt lat="43.941237999999998" lon="11.290030000000000">
    </trkpt>
    <trkpt lat="43.941192000000001" lon="11.290233000000001">
    </trkpt>
    <trkpt lat="43.941091999999998" lon="11.290561000000000">
    </trkpt>
    <trkpt lat="43.941009999999999" lon="11.290829000000000">
    </trkpt>
    <trkpt lat="43.940973000000000" lon="11.290903000000000">
    </trkpt>
    <trkpt lat="43.940893000000003" lon="11.291034000000000">
    </trkpt>
    <trkpt lat="43.940846000000001" lon="11.291088000000000">
    </trkpt>
    <trkpt lat="43.940818000000000" lon="11.291157999999999">
    </trkpt>
    <trkpt lat="43.940776000000000" lon="11.291304000000000">
    </trkpt>
    <trkpt lat="43.940750999999999" lon="11.291432000000000">
    </trkpt>
    <trkpt lat="43.940655999999997" lon="11.291651999999999">
    </trkpt>
    <trkpt lat="43.940607999999997" lon="11.291717000000000">
    </trkpt>
    <trkpt lat="43.940584000000001" lon="11.291719000000001">
    </trkpt>
    <trkpt lat="43.940547000000002" lon="11.291691999999999">
    </trkpt>
    <trkpt lat="43.940525999999998" lon="11.291657000000001">
    </trkpt>
    <trkpt lat="43.940477000000001" lon="11.291511000000000">
    </trkpt>
    <trkpt lat="43.940390999999998" lon="11.291282000000001">
    </trkpt>
    <trkpt lat="43.940320000000000" lon="11.291133000000000">
    </trkpt>
    <trkpt lat="43.940264999999997" lon="11.291027000000000">
    </trkpt>
    <trkpt lat="43.940233999999997" lon="11.290927000000000">
    </trkpt>
    <trkpt lat="43.940210999999998" lon="11.290846999999999">
    </trkpt>
    <trkpt lat="43.940207000000001" lon="11.290766000000000">
    </trkpt>
    <trkpt lat="43.940196999999998" lon="11.290711999999999">
    </trkpt>
    <trkpt lat="43.940179000000001" lon="11.290642999999999">
    </trkpt>
    <trkpt lat="43.940167000000002" lon="11.290607000000000">
    </trkpt>
    <trkpt lat="43.940040000000003" lon="11.290540000000000">
    </trkpt>
    <trkpt lat="43.940029000000003" lon="11.290601000000001">
    </trkpt>
    <trkpt lat="43.939939000000003" lon="11.290609000000000">
    </trkpt>
    <trkpt lat="43.939793999999999" lon="11.290537000000000">
    </trkpt>
    <trkpt lat="43.939596999999999" lon="11.290399000000001">
    </trkpt>
    <trkpt lat="43.939526999999998" lon="11.290379000000000">
    </trkpt>
    <trkpt lat="43.939450999999998" lon="11.290331999999999">
    </trkpt>
    <trkpt lat="43.939345000000003" lon="11.290236999999999">
    </trkpt>
    <trkpt lat="43.939123000000002" lon="11.290077000000000">
    </trkpt>
    <trkpt lat="43.939106000000002" lon="11.290051000000000">
    </trkpt>
    <trkpt lat="43.939033000000002" lon="11.289982999999999">
    </trkpt>
    <trkpt lat="43.939000000000000" lon="11.289963999999999">
    </trkpt>
    <trkpt lat="43.938867999999999" lon="11.289883000000000">
    </trkpt>
    <trkpt lat="43.938837999999997" lon="11.289853000000001">
    </trkpt>
    <trkpt lat="43.938789000000000" lon="11.289790000000000">
    </trkpt>
    <trkpt lat="43.938730000000000" lon="11.289701000000001">
    </trkpt>
    <trkpt lat="43.938679000000000" lon="11.289648000000000">
    </trkpt>
    <trkpt lat="43.938606000000000" lon="11.289574000000000">
    </trkpt>
    <trkpt lat="43.938518999999999" lon="11.289515000000000">
    </trkpt>
    <trkpt lat="43.938307000000002" lon="11.289372000000000">
    </trkpt>
    <trkpt lat="43.938212000000000" lon="11.289307000000001">
    </trkpt>
    <trkpt lat="43.938084000000003" lon="11.289223000000000">
    </trkpt>
    <trkpt lat="43.938023000000001" lon="11.289205000000001">
    </trkpt>
    <trkpt lat="43.937939000000000" lon="11.289202000000000">
    </trkpt>
    <trkpt lat="43.937894000000000" lon="11.289222000000001">
    </trkpt>
    <trkpt lat="43.937826999999999" lon="11.289285000000000">
    </trkpt>
    <trkpt lat="43.937755000000003" lon="11.289402000000001">
    </trkpt>
    <trkpt lat="43.937634000000003" lon="11.289559000000001">
    </trkpt>
    <trkpt lat="43.937573000000000" lon="11.289636000000000">
    </trkpt>
    <trkpt lat="43.937502000000002" lon="11.289668000000001">
    </trkpt>
    <trkpt lat="43.937441000000000" lon="11.289686000000000">
    </trkpt>
    <trkpt lat="43.937224999999998" lon="11.289682000000001">
    </trkpt>
    <trkpt lat="43.937097000000001" lon="11.289683000000000">
    </trkpt>
    <trkpt lat="43.936964000000003" lon="11.289709999999999">
    </trkpt>
    <trkpt lat="43.936950000000003" lon="11.289713000000001">
    </trkpt>
    <trkpt lat="43.936878999999998" lon="11.289782000000001">
    </trkpt>
    <trkpt lat="43.936852999999999" lon="11.289834000000001">
    </trkpt>
    <trkpt lat="43.936838999999999" lon="11.289887000000000">
    </trkpt>
    <trkpt lat="43.936850000000000" lon="11.289953000000001">
    </trkpt>
    <trkpt lat="43.937106999999997" lon="11.290855000000001">
    </trkpt>
    <trkpt lat="43.937150000000003" lon="11.290945000000001">
    </trkpt>
    <trkpt lat="43.937179000000000" lon="11.291041000000000">
    </trkpt>
    <trkpt lat="43.937206000000003" lon="11.291190000000000">
    </trkpt>
    <trkpt lat="43.937238000000001" lon="11.291289000000001">
    </trkpt>
    <trkpt lat="43.937251000000003" lon="11.291385000000000">
    </trkpt>
    <trkpt lat="43.937238999999998" lon="11.291556999999999">
    </trkpt>
    <trkpt lat="43.937193999999998" lon="11.291897000000001">
    </trkpt>
    <trkpt lat="43.937176999999998" lon="11.291937000000001">
    </trkpt>
    <trkpt lat="43.937125000000002" lon="11.291994000000001">
    </trkpt>
    <trkpt lat="43.937088000000003" lon="11.292002999999999">
    </trkpt>
    <trkpt lat="43.937052000000001" lon="11.291995999999999">
    </trkpt>
    <trkpt lat="43.937023000000003" lon="11.291976999999999">
    </trkpt>
    <trkpt lat="43.936981000000003" lon="11.291926000000000">
    </trkpt>
    <trkpt lat="43.936914999999999" lon="11.291853000000000">
    </trkpt>
    <trkpt lat="43.936861000000000" lon="11.291808000000000">
    </trkpt>
    <trkpt lat="43.936793999999999" lon="11.291801000000000">
    </trkpt>
    <trkpt lat="43.936731000000002" lon="11.291814000000000">
    </trkpt>
    <trkpt lat="43.936597999999996" lon="11.291874000000000">
    </trkpt>
    <trkpt lat="43.936342000000003" lon="11.292007999999999">
    </trkpt>
    <trkpt lat="43.936211000000000" lon="11.292080000000000">
    </trkpt>
    <trkpt lat="43.936149000000000" lon="11.292142000000000">
    </trkpt>
    <trkpt lat="43.936129999999999" lon="11.292204999999999">
    </trkpt>
    <trkpt lat="43.936126000000002" lon="11.292306999999999">
    </trkpt>
    <trkpt lat="43.936121000000000" lon="11.292429000000000">
    </trkpt>
    <trkpt lat="43.936098000000001" lon="11.292491000000000">
    </trkpt>
    <trkpt lat="43.936047000000002" lon="11.292536999999999">
    </trkpt>
    <trkpt lat="43.935988000000002" lon="11.292560999999999">
    </trkpt>
    <trkpt lat="43.935912999999999" lon="11.292581999999999">
    </trkpt>
    <trkpt lat="43.935814000000001" lon="11.292593999999999">
    </trkpt>
    <trkpt lat="43.935724000000000" lon="11.292624999999999">
    </trkpt>
    <trkpt lat="43.935642000000001" lon="11.292657999999999">
    </trkpt>
    <trkpt lat="43.935530000000000" lon="11.292712000000000">
    </trkpt>
    <trkpt lat="43.935398999999997" lon="11.292794000000001">
    </trkpt>
    <trkpt lat="43.935240999999998" lon="11.292883000000000">
    </trkpt>
    <trkpt lat="43.935096999999999" lon="11.292930000000000">
    </trkpt>
    <trkpt lat="43.934997000000003" lon="11.292964000000000">
    </trkpt>
    <trkpt lat="43.934879000000002" lon="11.293003000000001">
    </trkpt>
    <trkpt lat="43.934828000000003" lon="11.293025000000000">
    </trkpt>
    <trkpt lat="43.934790999999997" lon="11.293070000000000">
    </trkpt>
    <trkpt lat="43.934722000000001" lon="11.293053000000000">
    </trkpt>
    <trkpt lat="43.934583000000003" lon="11.293070000000000">
    </trkpt>
    <trkpt lat="43.934429999999999" lon="11.293157000000001">
    </trkpt>
    <trkpt lat="43.934266999999998" lon="11.293184999999999">
    </trkpt>
    <trkpt lat="43.934137000000000" lon="11.293270000000000">
    </trkpt>
    <trkpt lat="43.934041000000001" lon="11.293336999999999">
    </trkpt>
    <trkpt lat="43.933993999999998" lon="11.293414000000000">
    </trkpt>
    <trkpt lat="43.933973000000002" lon="11.293551000000001">
    </trkpt>
    <trkpt lat="43.933922000000003" lon="11.293639000000001">
    </trkpt>
    <trkpt lat="43.933805000000000" lon="11.293720000000000">
    </trkpt>
    <trkpt lat="43.933757000000000" lon="11.293760000000001">
    </trkpt>
    <trkpt lat="43.933602999999998" lon="11.293889000000000">
    </trkpt>
    <trkpt lat="43.933466000000003" lon="11.293941000000000">
    </trkpt>
    <trkpt lat="43.933233000000001" lon="11.294010000000000">
    </trkpt>
    <trkpt lat="43.933126999999999" lon="11.293922000000000">
    </trkpt>
    <trkpt lat="43.933022999999999" lon="11.293740000000000">
    </trkpt>
    <trkpt lat="43.932937000000003" lon="11.293609999999999">
    </trkpt>
    <trkpt lat="43.932830000000003" lon="11.293566000000000">
    </trkpt>
    <trkpt lat="43.932720000000003" lon="11.293550000000000">
    </trkpt>
    <trkpt lat="43.932659000000001" lon="11.293538000000000">
    </trkpt>
    <trkpt lat="43.932271000000000" lon="11.293082000000000">
    </trkpt>
    <trkpt lat="43.931786000000002" lon="11.292560999999999">
    </trkpt>
    <trkpt lat="43.931623999999999" lon="11.293240000000001">
    </trkpt>
    <trkpt lat="43.931792999999999" lon="11.293841000000000">
    </trkpt>
    <trkpt lat="43.931837999999999" lon="11.294071000000001">
    </trkpt>
    <trkpt lat="43.931108999999999" lon="11.293934999999999">
    </trkpt>
    <trkpt lat="43.930444999999999" lon="11.293810000000001">
    </trkpt>
    <trkpt lat="43.930399000000001" lon="11.293922999999999">
    </trkpt>
    <trkpt lat="43.930422000000000" lon="11.293998000000000">
    </trkpt>
    <trkpt lat="43.930456000000000" lon="11.294136000000000">
    </trkpt>
    <trkpt lat="43.930433999999998" lon="11.294279000000000">
    </trkpt>
    <trkpt lat="43.930418000000003" lon="11.294388000000000">
    </trkpt>
    <trkpt lat="43.930385000000001" lon="11.294603000000000">
    </trkpt>
    <trkpt lat="43.930388999999998" lon="11.294731000000001">
    </trkpt>
    <trkpt lat="43.930419000000001" lon="11.294758000000000">
    </trkpt>
    <trkpt lat="43.930599000000001" lon="11.295004000000000">
    </trkpt>
    <trkpt lat="43.930638999999999" lon="11.295159000000000">
    </trkpt>
    <trkpt lat="43.930655000000002" lon="11.295313000000000">
    </trkpt>
    <trkpt lat="43.930639999999997" lon="11.295441000000000">
    </trkpt>
    <trkpt lat="43.930627000000001" lon="11.295572999999999">
    </trkpt>
    <trkpt lat="43.930565999999999" lon="11.295615000000000">
    </trkpt>
    <trkpt lat="43.930512999999998" lon="11.295703000000000">
    </trkpt>
    <trkpt lat="43.930522000000003" lon="11.295826999999999">
    </trkpt>
    <trkpt lat="43.930599000000001" lon="11.296003000000001">
    </trkpt>
    <trkpt lat="43.930683000000002" lon="11.296212000000001">
    </trkpt>
    <trkpt lat="43.930768999999998" lon="11.296465000000000">
    </trkpt>
    <trkpt lat="43.930852000000002" lon="11.296725000000000">
    </trkpt>
    <trkpt lat="43.930931999999999" lon="11.297003999999999">
    </trkpt>
    <trkpt lat="43.931007000000001" lon="11.297304000000000">
    </trkpt>
    <trkpt lat="43.931078999999997" lon="11.297554999999999">
    </trkpt>
    <trkpt lat="43.931210000000000" lon="11.297923000000001">
    </trkpt>
    <trkpt lat="43.931251000000003" lon="11.298120000000001">
    </trkpt>
    <trkpt lat="43.931269000000000" lon="11.298211999999999">
    </trkpt>
    <trkpt lat="43.931286000000000" lon="11.298287000000000">
    </trkpt>
    <trkpt lat="43.931294999999999" lon="11.298370000000000">
    </trkpt>
    <trkpt lat="43.931320999999997" lon="11.298399000000000">
    </trkpt>
    <trkpt lat="43.931356000000001" lon="11.298492000000000">
    </trkpt>
    <trkpt lat="43.931491000000001" lon="11.298899000000000">
    </trkpt>
    <trkpt lat="43.931614000000003" lon="11.299382000000000">
    </trkpt>
    <trkpt lat="43.931700999999997" lon="11.299702000000000">
    </trkpt>
    <trkpt lat="43.931744999999999" lon="11.299842000000000">
    </trkpt>
    <trkpt lat="43.931803000000002" lon="11.300109000000001">
    </trkpt>
    <trkpt lat="43.931823000000001" lon="11.300219000000000">
    </trkpt>
    <trkpt lat="43.931829000000000" lon="11.300330000000001">
    </trkpt>
    <trkpt lat="43.931820999999999" lon="11.300432000000001">
    </trkpt>
    <trkpt lat="43.931798999999998" lon="11.300554999999999">
    </trkpt>
    <trkpt lat="43.931761999999999" lon="11.300644999999999">
    </trkpt>
    <trkpt lat="43.931699999999999" lon="11.300762000000001">
    </trkpt>
    <trkpt lat="43.931641999999997" lon="11.300839000000000">
    </trkpt>
    <trkpt lat="43.931519999999999" lon="11.301003000000000">
    </trkpt>
    <trkpt lat="43.931426000000002" lon="11.301150000000000">
    </trkpt>
    <trkpt lat="43.931319000000002" lon="11.301326000000000">
    </trkpt>
    <trkpt lat="43.931240000000003" lon="11.301444999999999">
    </trkpt>
    <trkpt lat="43.931176000000001" lon="11.301513999999999">
    </trkpt>
    <trkpt lat="43.931092000000000" lon="11.301563000000000">
    </trkpt>
    <trkpt lat="43.931010999999998" lon="11.301586000000000">
    </trkpt>
    <trkpt lat="43.930903000000001" lon="11.301599000000000">
    </trkpt>
    <trkpt lat="43.930812000000003" lon="11.301643000000000">
    </trkpt>
    <trkpt lat="43.930681999999997" lon="11.301689000000000">
    </trkpt>
    <trkpt lat="43.930607999999999" lon="11.301702000000001">
    </trkpt>
    <trkpt lat="43.930486000000002" lon="11.301771000000000">
    </trkpt>
    <trkpt lat="43.930366999999997" lon="11.301864999999999">
    </trkpt>
    <trkpt lat="43.930233000000001" lon="11.301966000000000">
    </trkpt>
    <trkpt lat="43.930101000000001" lon="11.302047000000000">
    </trkpt>
    <trkpt lat="43.929969999999997" lon="11.302115000000001">
    </trkpt>
    <trkpt lat="43.929889000000003" lon="11.302148000000001">
    </trkpt>
    <trkpt lat="43.929830000000003" lon="11.302155000000001">
    </trkpt>
    <trkpt lat="43.929735999999998" lon="11.302156999999999">
    </trkpt>
    <trkpt lat="43.929647000000003" lon="11.302161000000000">
    </trkpt>
    <trkpt lat="43.929561000000000" lon="11.302194999999999">
    </trkpt>
    <trkpt lat="43.929524000000001" lon="11.302241000000000">
    </trkpt>
    <trkpt lat="43.929487000000002" lon="11.302370000000000">
    </trkpt>
    <trkpt lat="43.929464000000003" lon="11.302555999999999">
    </trkpt>
    <trkpt lat="43.929467000000002" lon="11.302702999999999">
    </trkpt>
    <trkpt lat="43.929467000000002" lon="11.302811000000000">
    </trkpt>
    <trkpt lat="43.929462000000001" lon="11.302899000000000">
    </trkpt>
    <trkpt lat="43.929445000000001" lon="11.302984000000000">
    </trkpt>
    <trkpt lat="43.929397000000002" lon="11.303053000000000">
    </trkpt>
    <trkpt lat="43.929324999999999" lon="11.303125000000000">
    </trkpt>
    <trkpt lat="43.929257999999997" lon="11.303153000000000">
    </trkpt>
    <trkpt lat="43.929195000000000" lon="11.303183000000001">
    </trkpt>
    <trkpt lat="43.929104000000002" lon="11.303188000000000">
    </trkpt>
    <trkpt lat="43.929014000000002" lon="11.303165999999999">
    </trkpt>
    <trkpt lat="43.928890000000003" lon="11.303177000000000">
    </trkpt>
    <trkpt lat="43.928744000000002" lon="11.303236000000000">
    </trkpt>
    <trkpt lat="43.928552000000003" lon="11.303319999999999">
    </trkpt>
    <trkpt lat="43.928353000000001" lon="11.303414000000000">
    </trkpt>
    <trkpt lat="43.928165000000000" lon="11.303478000000000">
    </trkpt>
    <trkpt lat="43.927987999999999" lon="11.303601000000000">
    </trkpt>
    <trkpt lat="43.927875999999998" lon="11.303680000000000">
    </trkpt>
    <trkpt lat="43.927785000000000" lon="11.303699000000000">
    </trkpt>
    <trkpt lat="43.927674000000003" lon="11.303698000000001">
    </trkpt>
    <trkpt lat="43.927546000000000" lon="11.303692000000000">
    </trkpt>
    <trkpt lat="43.927458000000001" lon="11.303668999999999">
    </trkpt>
    <trkpt lat="43.927360000000000" lon="11.303652000000000">
    </trkpt>
    <trkpt lat="43.927253000000000" lon="11.303682999999999">
    </trkpt>
    <trkpt lat="43.927185999999999" lon="11.303775000000000">
    </trkpt>
    <trkpt lat="43.927128000000003" lon="11.303948000000000">
    </trkpt>
    <trkpt lat="43.927098000000001" lon="11.304141000000000">
    </trkpt>
    <trkpt lat="43.927052000000003" lon="11.304313000000000">
    </trkpt>
    <trkpt lat="43.926997999999998" lon="11.304423999999999">
    </trkpt>
    <trkpt lat="43.926900000000003" lon="11.304513999999999">
    </trkpt>
    <trkpt lat="43.926758000000000" lon="11.304639000000000">
    </trkpt>
    <trkpt lat="43.926633000000002" lon="11.304805000000000">
    </trkpt>
    <trkpt lat="43.926537000000003" lon="11.305004000000000">
    </trkpt>
    <trkpt lat="43.926459000000001" lon="11.305210000000001">
    </trkpt>
    <trkpt lat="43.926431999999998" lon="11.305337000000000">
    </trkpt>
    <trkpt lat="43.926383999999999" lon="11.305579000000000">
    </trkpt>
    <trkpt lat="43.926338999999999" lon="11.305745999999999">
    </trkpt>
    <trkpt lat="43.926307000000001" lon="11.305884000000001">
    </trkpt>
    <trkpt lat="43.926242999999999" lon="11.306015000000000">
    </trkpt>
    <trkpt lat="43.926177000000003" lon="11.306196999999999">
    </trkpt>
    <trkpt lat="43.926192999999998" lon="11.306407999999999">
    </trkpt>
    <trkpt lat="43.926251000000001" lon="11.306559000000000">
    </trkpt>
    <trkpt lat="43.926265000000001" lon="11.306623000000000">
    </trkpt>
    <trkpt lat="43.926361999999997" lon="11.306846999999999">
    </trkpt>
    <trkpt lat="43.926434000000000" lon="11.307043999999999">
    </trkpt>
    <trkpt lat="43.926484000000002" lon="11.307221000000000">
    </trkpt>
    <trkpt lat="43.926490000000001" lon="11.307430000000000">
    </trkpt>
    <trkpt lat="43.926436000000002" lon="11.307598000000000">
    </trkpt>
    <trkpt lat="43.926326000000003" lon="11.307779000000000">
    </trkpt>
    <trkpt lat="43.926228000000002" lon="11.308040999999999">
    </trkpt>
    <trkpt lat="43.926220999999998" lon="11.308256000000000">
    </trkpt>
    <trkpt lat="43.926225000000002" lon="11.308491999999999">
    </trkpt>
    <trkpt lat="43.926242000000002" lon="11.308852999999999">
    </trkpt>
    <trkpt lat="43.926240000000000" lon="11.309208999999999">
    </trkpt>
    <trkpt lat="43.926251999999998" lon="11.309540999999999">
    </trkpt>
    <trkpt lat="43.926332000000002" lon="11.309787000000000">
    </trkpt>
    <trkpt lat="43.926447000000003" lon="11.310034000000000">
    </trkpt>
    <trkpt lat="43.926535000000001" lon="11.310255000000000">
    </trkpt>
    <trkpt lat="43.926651999999997" lon="11.310425000000000">
    </trkpt>
    <trkpt lat="43.926761999999997" lon="11.310483000000000">
    </trkpt>
    <trkpt lat="43.926932999999998" lon="11.310658999999999">
    </trkpt>
    <trkpt lat="43.927047000000002" lon="11.310793000000000">
    </trkpt>
    <trkpt lat="43.927067999999998" lon="11.310817999999999">
    </trkpt>
    <trkpt lat="43.927145000000003" lon="11.310980000000001">
    </trkpt>
    <trkpt lat="43.927155999999997" lon="11.311007000000000">
    </trkpt>
    <trkpt lat="43.927199000000002" lon="11.311109999999999">
    </trkpt>
    <trkpt lat="43.927222999999998" lon="11.311194000000000">
    </trkpt>
    <trkpt lat="43.927250999999998" lon="11.311283000000000">
    </trkpt>
    <trkpt lat="43.927270000000000" lon="11.311394000000000">
    </trkpt>
    <trkpt lat="43.927266000000003" lon="11.311513000000000">
    </trkpt>
    <trkpt lat="43.927256999999997" lon="11.311558000000000">
    </trkpt>
    <trkpt lat="43.927202999999999" lon="11.311640000000001">
    </trkpt>
    <trkpt lat="43.927104000000000" lon="11.311688999999999">
    </trkpt>
    <trkpt lat="43.926980000000000" lon="11.311705999999999">
    </trkpt>
    <trkpt lat="43.926870000000001" lon="11.311705000000000">
    </trkpt>
    <trkpt lat="43.926754000000003" lon="11.311707999999999">
    </trkpt>
    <trkpt lat="43.926637999999997" lon="11.311730000000001">
    </trkpt>
    <trkpt lat="43.926445999999999" lon="11.311883999999999">
    </trkpt>
    <trkpt lat="43.926378000000000" lon="11.311913000000001">
    </trkpt>
    <trkpt lat="43.926242000000002" lon="11.311990000000000">
    </trkpt>
    <trkpt lat="43.926118000000002" lon="11.312078000000000">
    </trkpt>
    <trkpt lat="43.925958000000001" lon="11.312188000000001">
    </trkpt>
    <trkpt lat="43.925651000000002" lon="11.312393999999999">
    </trkpt>
    <trkpt lat="43.925300999999997" lon="11.312685000000000">
    </trkpt>
    <trkpt lat="43.925181000000002" lon="11.312798000000001">
    </trkpt>
    <trkpt lat="43.925122999999999" lon="11.312894000000000">
    </trkpt>
    <trkpt lat="43.925089000000000" lon="11.313026000000001">
    </trkpt>
    <trkpt lat="43.925088000000002" lon="11.313185000000001">
    </trkpt>
    <trkpt lat="43.925072999999998" lon="11.313331000000000">
    </trkpt>
    <trkpt lat="43.925035999999999" lon="11.313459999999999">
    </trkpt>
    <trkpt lat="43.924965000000000" lon="11.313565000000001">
    </trkpt>
    <trkpt lat="43.924912999999997" lon="11.313681000000001">
    </trkpt>
    <trkpt lat="43.924841000000001" lon="11.313853999999999">
    </trkpt>
    <trkpt lat="43.924767000000003" lon="11.314019000000000">
    </trkpt>
    <trkpt lat="43.924669999999999" lon="11.314317000000001">
    </trkpt>
    <trkpt lat="43.924636000000000" lon="11.314467000000000">
    </trkpt>
    <trkpt lat="43.924596999999999" lon="11.314636000000000">
    </trkpt>
    <trkpt lat="43.924593999999999" lon="11.314779000000000">
    </trkpt>
    <trkpt lat="43.924610000000001" lon="11.314887000000001">
    </trkpt>
    <trkpt lat="43.924661000000000" lon="11.315004000000000">
    </trkpt>
    <trkpt lat="43.924767000000003" lon="11.315174000000001">
    </trkpt>
    <trkpt lat="43.924799999999998" lon="11.315220999999999">
    </trkpt>
    <trkpt lat="43.924782999999998" lon="11.315251999999999">
    </trkpt>
    <trkpt lat="43.924698999999997" lon="11.315445000000000">
    </trkpt>
    <trkpt lat="43.924621999999999" lon="11.315579000000000">
    </trkpt>
    <trkpt lat="43.924515999999997" lon="11.315617000000000">
    </trkpt>
    <trkpt lat="43.924455000000002" lon="11.315614999999999">
    </trkpt>
    <trkpt lat="43.924382000000001" lon="11.315561000000001">
    </trkpt>
    <trkpt lat="43.924253999999998" lon="11.315462000000000">
    </trkpt>
    <trkpt lat="43.924160999999998" lon="11.315484000000000">
    </trkpt>
    <trkpt lat="43.924104000000000" lon="11.315557999999999">
    </trkpt>
    <trkpt lat="43.924050000000001" lon="11.315778000000000">
    </trkpt>
    <trkpt lat="43.923986999999997" lon="11.315861000000000">
    </trkpt>
    <trkpt lat="43.923912999999999" lon="11.315858000000000">
    </trkpt>
    <trkpt lat="43.923820999999997" lon="11.315811999999999">
    </trkpt>
    <trkpt lat="43.923706000000003" lon="11.315721999999999">
    </trkpt>
    <trkpt lat="43.923620999999997" lon="11.315642000000000">
    </trkpt>
    <trkpt lat="43.923541999999998" lon="11.315595999999999">
    </trkpt>
    <trkpt lat="43.923436000000002" lon="11.315609000000000">
    </trkpt>
    <trkpt lat="43.923372999999998" lon="11.315683999999999">
    </trkpt>
    <trkpt lat="43.923347000000000" lon="11.315751000000001">
    </trkpt>
    <trkpt lat="43.923341000000001" lon="11.316075000000000">
    </trkpt>
    <trkpt lat="43.923310000000001" lon="11.316356000000001">
    </trkpt>
    <trkpt lat="43.923237999999998" lon="11.316575000000000">
    </trkpt>
    <trkpt lat="43.923116000000000" lon="11.316818000000000">
    </trkpt>
    <trkpt lat="43.922905999999998" lon="11.317092000000001">
    </trkpt>
    <trkpt lat="43.922730000000001" lon="11.317239000000001">
    </trkpt>
    <trkpt lat="43.922556000000000" lon="11.317339000000000">
    </trkpt>
    <trkpt lat="43.922319999999999" lon="11.317372000000001">
    </trkpt>
    <trkpt lat="43.922116000000003" lon="11.317380999999999">
    </trkpt>
    <trkpt lat="43.921987000000001" lon="11.317375999999999">
    </trkpt>
    <trkpt lat="43.921858000000000" lon="11.317346000000001">
    </trkpt>
    <trkpt lat="43.921455000000002" lon="11.317121000000000">
    </trkpt>
    <trkpt lat="43.921143999999998" lon="11.316912000000000">
    </trkpt>
    <trkpt lat="43.920974000000001" lon="11.316803000000000">
    </trkpt>
    <trkpt lat="43.920856999999998" lon="11.316789999999999">
    </trkpt>
    <trkpt lat="43.920614999999998" lon="11.316841000000000">
    </trkpt>
    <trkpt lat="43.920205000000003" lon="11.316996000000000">
    </trkpt>
    <trkpt lat="43.920098000000003" lon="11.317068000000001">
    </trkpt>
    <trkpt lat="43.919998999999997" lon="11.317081000000000">
    </trkpt>
    <trkpt lat="43.919871000000001" lon="11.317024999999999">
    </trkpt>
    <trkpt lat="43.919789999999999" lon="11.317031000000000">
    </trkpt>
    <trkpt lat="43.919741000000002" lon="11.317041000000000">
    </trkpt>
    <trkpt lat="43.919378000000002" lon="11.317266999999999">
    </trkpt>
    <trkpt lat="43.918779000000001" lon="11.317593000000000">
    </trkpt>
    <trkpt lat="43.918109000000001" lon="11.317736999999999">
    </trkpt>
    <trkpt lat="43.918055000000003" lon="11.317748999999999">
    </trkpt>
    <trkpt lat="43.918030999999999" lon="11.317684000000000">
    </trkpt>
    <trkpt lat="43.917997000000000" lon="11.317641000000000">
    </trkpt>
    <trkpt lat="43.917862999999997" lon="11.317508000000000">
    </trkpt>
    <trkpt lat="43.917670999999999" lon="11.317351000000000">
    </trkpt>
    <trkpt lat="43.917583999999998" lon="11.317296000000001">
    </trkpt>
    <trkpt lat="43.917513999999997" lon="11.317271000000000">
    </trkpt>
    <trkpt lat="43.917436000000002" lon="11.317235999999999">
    </trkpt>
    <trkpt lat="43.917306000000004" lon="11.317185000000000">
    </trkpt>
    <trkpt lat="43.917152000000002" lon="11.317130000000001">
    </trkpt>
    <trkpt lat="43.917033000000004" lon="11.317107000000000">
    </trkpt>
    <trkpt lat="43.916986000000001" lon="11.317097000000000">
    </trkpt>
    <trkpt lat="43.916826000000000" lon="11.317022000000000">
    </trkpt>
    <trkpt lat="43.916710999999999" lon="11.316932000000000">
    </trkpt>
    <trkpt lat="43.916668000000001" lon="11.316883000000001">
    </trkpt>
    <trkpt lat="43.916640000000001" lon="11.316822999999999">
    </trkpt>
    <trkpt lat="43.916609000000001" lon="11.316713999999999">
    </trkpt>
    <trkpt lat="43.916606999999999" lon="11.316618000000000">
    </trkpt>
    <trkpt lat="43.916629999999998" lon="11.316516000000000">
    </trkpt>
    <trkpt lat="43.916662000000002" lon="11.316388999999999">
    </trkpt>
    <trkpt lat="43.916688000000001" lon="11.316260000000000">
    </trkpt>
    <trkpt lat="43.916713999999999" lon="11.316110999999999">
    </trkpt>
    <trkpt lat="43.916736999999998" lon="11.315934000000000">
    </trkpt>
    <trkpt lat="43.916738000000002" lon="11.315835999999999">
    </trkpt>
    <trkpt lat="43.916739000000000" lon="11.315678999999999">
    </trkpt>
    <trkpt lat="43.916716000000001" lon="11.315518000000001">
    </trkpt>
    <trkpt lat="43.916702000000001" lon="11.315351000000000">
    </trkpt>
    <trkpt lat="43.916691000000000" lon="11.315140000000000">
    </trkpt>
    <trkpt lat="43.916710999999999" lon="11.314957000000000">
    </trkpt>
    <trkpt lat="43.916715000000003" lon="11.314919000000000">
    </trkpt>
    <trkpt lat="43.916722999999998" lon="11.314760000000000">
    </trkpt>
    <trkpt lat="43.916753999999997" lon="11.314588000000001">
    </trkpt>
    <trkpt lat="43.916803000000002" lon="11.314429000000001">
    </trkpt>
    <trkpt lat="43.916871000000000" lon="11.314285000000000">
    </trkpt>
    <trkpt lat="43.916967999999997" lon="11.314124000000000">
    </trkpt>
    <trkpt lat="43.917090000000002" lon="11.313929000000000">
    </trkpt>
    <trkpt lat="43.917172999999998" lon="11.313729000000000">
    </trkpt>
    <trkpt lat="43.917242000000002" lon="11.313535999999999">
    </trkpt>
    <trkpt lat="43.917243999999997" lon="11.313504999999999">
    </trkpt>
    <trkpt lat="43.917195999999997" lon="11.313476000000000">
    </trkpt>
    <trkpt lat="43.917121000000002" lon="11.313490000000000">
    </trkpt>
    <trkpt lat="43.917059000000002" lon="11.313522000000001">
    </trkpt>
    <trkpt lat="43.916977000000003" lon="11.313620999999999">
    </trkpt>
    <trkpt lat="43.916666999999997" lon="11.313967999999999">
    </trkpt>
    <trkpt lat="43.916604000000000" lon="11.314050000000000">
    </trkpt>
    <trkpt lat="43.916569000000003" lon="11.314237000000000">
    </trkpt>
    <trkpt lat="43.916552000000003" lon="11.314467000000000">
    </trkpt>
    <trkpt lat="43.916538000000003" lon="11.314833999999999">
    </trkpt>
    <trkpt lat="43.916516000000001" lon="11.315004000000000">
    </trkpt>
    <trkpt lat="43.916451000000002" lon="11.315189000000000">
    </trkpt>
    <trkpt lat="43.916361000000002" lon="11.315356000000000">
    </trkpt>
    <trkpt lat="43.916266999999998" lon="11.315429000000000">
    </trkpt>
    <trkpt lat="43.916111999999998" lon="11.315492000000001">
    </trkpt>
    <trkpt lat="43.916001000000001" lon="11.315486999999999">
    </trkpt>
    <trkpt lat="43.915762000000001" lon="11.315384000000000">
    </trkpt>
    <trkpt lat="43.915554999999998" lon="11.315248000000000">
    </trkpt>
    <trkpt lat="43.915275000000001" lon="11.315066000000000">
    </trkpt>
    <trkpt lat="43.914988999999998" lon="11.314845999999999">
    </trkpt>
    <trkpt lat="43.914641000000003" lon="11.314662000000000">
    </trkpt>
    <trkpt lat="43.914529999999999" lon="11.314657000000000">
    </trkpt>
    <trkpt lat="43.914425000000001" lon="11.314662000000000">
    </trkpt>
    <trkpt lat="43.914223999999997" lon="11.314799000000001">
    </trkpt>
    <trkpt lat="43.914043999999997" lon="11.314852000000000">
    </trkpt>
    <trkpt lat="43.913811000000003" lon="11.314811000000001">
    </trkpt>
    <trkpt lat="43.913767999999997" lon="11.314762999999999">
    </trkpt>
    <trkpt lat="43.913677000000000" lon="11.314641999999999">
    </trkpt>
    <trkpt lat="43.913594000000003" lon="11.314458999999999">
    </trkpt>
    <trkpt lat="43.913538000000003" lon="11.314235000000000">
    </trkpt>
    <trkpt lat="43.913466000000000" lon="11.314028000000000">
    </trkpt>
    <trkpt lat="43.913378999999999" lon="11.313814000000001">
    </trkpt>
    <trkpt lat="43.913325999999998" lon="11.313675000000000">
    </trkpt>
    <trkpt lat="43.913097999999998" lon="11.314047000000000">
    </trkpt>
    <trkpt lat="43.912799999999997" lon="11.314432999999999">
    </trkpt>
    <trkpt lat="43.912683000000001" lon="11.314717999999999">
    </trkpt>
    <trkpt lat="43.912655000000001" lon="11.314862000000000">
    </trkpt>
    <trkpt lat="43.912596999999998" lon="11.315303999999999">
    </trkpt>
    <trkpt lat="43.912568000000000" lon="11.315499000000001">
    </trkpt>
    <trkpt lat="43.912515999999997" lon="11.315625000000001">
    </trkpt>
    <trkpt lat="43.912421999999999" lon="11.315699000000000">
    </trkpt>
    <trkpt lat="43.912317000000002" lon="11.315695000000000">
    </trkpt>
    <trkpt lat="43.912176000000002" lon="11.315663000000001">
    </trkpt>
    <trkpt lat="43.912016999999999" lon="11.315606000000001">
    </trkpt>
    <trkpt lat="43.911729000000001" lon="11.315467000000000">
    </trkpt>
    <trkpt lat="43.911434000000000" lon="11.315412999999999">
    </trkpt>
    <trkpt lat="43.911217999999998" lon="11.315403999999999">
    </trkpt>
    <trkpt lat="43.911130999999997" lon="11.315415000000000">
    </trkpt>
    <trkpt lat="43.911079999999998" lon="11.315420000000000">
    </trkpt>
    <trkpt lat="43.910971000000004" lon="11.315433000000001">
    </trkpt>
    <trkpt lat="43.910781000000000" lon="11.315535000000001">
    </trkpt>
    <trkpt lat="43.910226999999999" lon="11.315821000000000">
    </trkpt>
    <trkpt lat="43.910156999999998" lon="11.315859000000000">
    </trkpt>
    <trkpt lat="43.909899000000003" lon="11.316163000000000">
    </trkpt>
    <trkpt lat="43.909419999999997" lon="11.316578000000000">
    </trkpt>
    <trkpt lat="43.909309999999998" lon="11.316642999999999">
    </trkpt>
    <trkpt lat="43.909176000000002" lon="11.316630999999999">
    </trkpt>
    <trkpt lat="43.908993000000002" lon="11.316520000000001">
    </trkpt>
    <trkpt lat="43.908946999999998" lon="11.316504000000000">
    </trkpt>
    <trkpt lat="43.908835000000003" lon="11.316466000000000">
    </trkpt>
    <trkpt lat="43.908749999999998" lon="11.316473999999999">
    </trkpt>
    <trkpt lat="43.908586000000000" lon="11.316490000000000">
    </trkpt>
    <trkpt lat="43.908400999999998" lon="11.316518000000000">
    </trkpt>
    <trkpt lat="43.908107999999999" lon="11.316482000000001">
    </trkpt>
    <trkpt lat="43.907963000000002" lon="11.316464000000000">
    </trkpt>
    <trkpt lat="43.907908999999997" lon="11.316457000000000">
    </trkpt>
    <trkpt lat="43.907682999999999" lon="11.316418000000001">
    </trkpt>
    <trkpt lat="43.907572000000002" lon="11.316406000000001">
    </trkpt>
    <trkpt lat="43.907456000000003" lon="11.316471000000000">
    </trkpt>
    <trkpt lat="43.907417000000002" lon="11.316506000000000">
    </trkpt>
    <trkpt lat="43.907387999999997" lon="11.316528000000000">
    </trkpt>
    <trkpt lat="43.907223999999999" lon="11.316882000000000">
    </trkpt>
    <trkpt lat="43.907145999999997" lon="11.317057999999999">
    </trkpt>
    <trkpt lat="43.907103999999997" lon="11.317152999999999">
    </trkpt>
    <trkpt lat="43.906922000000002" lon="11.317384000000001">
    </trkpt>
    <trkpt lat="43.906903999999997" lon="11.317406000000000">
    </trkpt>
    <trkpt lat="43.906820000000003" lon="11.317506000000000">
    </trkpt>
    <trkpt lat="43.906666999999999" lon="11.317681000000000">
    </trkpt>
    <trkpt lat="43.906618999999999" lon="11.317733000000000">
    </trkpt>
    <trkpt lat="43.906520999999998" lon="11.317803000000000">
    </trkpt>
    <trkpt lat="43.906488000000003" lon="11.317828000000000">
    </trkpt>
    <trkpt lat="43.906351000000001" lon="11.317852999999999">
    </trkpt>
    <trkpt lat="43.906182999999999" lon="11.317885000000000">
    </trkpt>
    <trkpt lat="43.906129000000000" lon="11.317906000000001">
    </trkpt>
    <trkpt lat="43.906007000000002" lon="11.317952999999999">
    </trkpt>
    <trkpt lat="43.905900000000003" lon="11.318080000000000">
    </trkpt>
    <trkpt lat="43.905861999999999" lon="11.318130000000000">
    </trkpt>
    <trkpt lat="43.905709000000002" lon="11.318334000000000">
    </trkpt>
    <trkpt lat="43.905692000000002" lon="11.318360000000000">
    </trkpt>
    <trkpt lat="43.905667999999999" lon="11.318415999999999">
    </trkpt>
    <trkpt lat="43.905645999999997" lon="11.318466000000001">
    </trkpt>
    <trkpt lat="43.905554000000002" lon="11.318676000000000">
    </trkpt>
    <trkpt lat="43.905427000000003" lon="11.319063999999999">
    </trkpt>
    <trkpt lat="43.905360000000002" lon="11.319198999999999">
    </trkpt>
    <trkpt lat="43.905315999999999" lon="11.319376000000000">
    </trkpt>
    <trkpt lat="43.905290000000001" lon="11.319685000000000">
    </trkpt>
    <trkpt lat="43.905279999999998" lon="11.319912000000000">
    </trkpt>
    <trkpt lat="43.905394000000001" lon="11.320474000000001">
    </trkpt>
    <trkpt lat="43.905436999999999" lon="11.321002000000000">
    </trkpt>
    <trkpt lat="43.905417000000000" lon="11.321256000000000">
    </trkpt>
    <trkpt lat="43.905318000000001" lon="11.321493000000000">
    </trkpt>
    <trkpt lat="43.905203999999998" lon="11.321730000000001">
    </trkpt>
    <trkpt lat="43.905132999999999" lon="11.322003000000000">
    </trkpt>
    <trkpt lat="43.904936999999997" lon="11.322338999999999">
    </trkpt>
    <trkpt lat="43.904856000000002" lon="11.322429000000000">
    </trkpt>
    <trkpt lat="43.904840999999998" lon="11.322445999999999">
    </trkpt>
    <trkpt lat="43.904567999999998" lon="11.322628000000000">
    </trkpt>
    <trkpt lat="43.904114999999997" lon="11.322858000000000">
    </trkpt>
    <trkpt lat="43.903813000000000" lon="11.323057000000000">
    </trkpt>
    <trkpt lat="43.903728000000001" lon="11.323180000000001">
    </trkpt>
    <trkpt lat="43.903674000000002" lon="11.323257999999999">
    </trkpt>
    <trkpt lat="43.903509999999997" lon="11.323596999999999">
    </trkpt>
    <trkpt lat="43.903398000000003" lon="11.323828000000001">
    </trkpt>
    <trkpt lat="43.903244000000001" lon="11.324177000000001">
    </trkpt>
    <trkpt lat="43.902915999999998" lon="11.324942000000000">
    </trkpt>
    <trkpt lat="43.902791000000001" lon="11.325231000000000">
    </trkpt>
    <trkpt lat="43.902780999999997" lon="11.325270000000000">
    </trkpt>
    <trkpt lat="43.902690999999997" lon="11.325593000000000">
    </trkpt>
    <trkpt lat="43.902548000000003" lon="11.326110000000000">
    </trkpt>
    <trkpt lat="43.902486000000003" lon="11.326336000000000">
    </trkpt>
    <trkpt lat="43.902481000000002" lon="11.326364000000000">
    </trkpt>
    <trkpt lat="43.902445999999998" lon="11.326601000000000">
    </trkpt>
    <trkpt lat="43.902411000000001" lon="11.327123000000000">
    </trkpt>
    <trkpt lat="43.902377999999999" lon="11.327273000000000">
    </trkpt>
    <trkpt lat="43.902006000000000" lon="11.327771000000000">
    </trkpt>
    <trkpt lat="43.901718000000002" lon="11.328129000000001">
    </trkpt>
    <trkpt lat="43.901671000000000" lon="11.328243000000001">
    </trkpt>
    <trkpt lat="43.901425000000003" lon="11.328844000000000">
    </trkpt>
    <trkpt lat="43.901308999999998" lon="11.329141999999999">
    </trkpt>
    <trkpt lat="43.901242000000003" lon="11.329269999999999">
    </trkpt>
    <trkpt lat="43.901190000000000" lon="11.329351000000001">
    </trkpt>
    <trkpt lat="43.901110000000003" lon="11.329409000000000">
    </trkpt>
    <trkpt lat="43.900998999999999" lon="11.329459999999999">
    </trkpt>
    <trkpt lat="43.900930000000002" lon="11.329469000000000">
    </trkpt>
    <trkpt lat="43.900810999999997" lon="11.329521000000000">
    </trkpt>
    <trkpt lat="43.900702000000003" lon="11.329571000000000">
    </trkpt>
    <trkpt lat="43.900593999999998" lon="11.329620000000000">
    </trkpt>
    <trkpt lat="43.900471000000003" lon="11.329675000000000">
    </trkpt>
    <trkpt lat="43.900153000000003" lon="11.329815999999999">
    </trkpt>
    <trkpt lat="43.900010999999999" lon="11.329860999999999">
    </trkpt>
    <trkpt lat="43.899937999999999" lon="11.329885000000001">
    </trkpt>
    <trkpt lat="43.899692999999999" lon="11.329991000000000">
    </trkpt>
    <trkpt lat="43.899462999999997" lon="11.330088000000000">
    </trkpt>
    <trkpt lat="43.899363999999998" lon="11.330196000000001">
    </trkpt>
    <trkpt lat="43.899335999999998" lon="11.330227000000001">
    </trkpt>
    <trkpt lat="43.899245999999998" lon="11.330411000000000">
    </trkpt>
    <trkpt lat="43.899146999999999" lon="11.330638000000000">
    </trkpt>
    <trkpt lat="43.899054000000000" lon="11.330828000000000">
    </trkpt>
    <trkpt lat="43.899040999999997" lon="11.330845999999999">
    </trkpt>
    <trkpt lat="43.898848999999998" lon="11.331116000000000">
    </trkpt>
    <trkpt lat="43.898772000000001" lon="11.331132000000000">
    </trkpt>
    <trkpt lat="43.898682999999998" lon="11.331129000000001">
    </trkpt>
    <trkpt lat="43.898606000000001" lon="11.331199000000000">
    </trkpt>
    <trkpt lat="43.898612999999997" lon="11.331206999999999">
    </trkpt>
    <trkpt lat="43.898608000000003" lon="11.331265000000000">
    </trkpt>
    <trkpt lat="43.898569999999999" lon="11.331322000000000">
    </trkpt>
    <trkpt lat="43.898502000000001" lon="11.331398999999999">
    </trkpt>
    <trkpt lat="43.898425000000003" lon="11.331459000000001">
    </trkpt>
    <trkpt lat="43.898347000000001" lon="11.331521000000000">
    </trkpt>
    <trkpt lat="43.898268999999999" lon="11.331581999999999">
    </trkpt>
    <trkpt lat="43.898190000000000" lon="11.331644000000001">
    </trkpt>
    <trkpt lat="43.898111999999998" lon="11.331704999999999">
    </trkpt>
    <trkpt lat="43.898034000000003" lon="11.331766000000000">
    </trkpt>
    <trkpt lat="43.897956000000001" lon="11.331828000000000">
    </trkpt>
    <trkpt lat="43.897877999999999" lon="11.331889000000000">
    </trkpt>
    <trkpt lat="43.897799999999997" lon="11.331950000000001">
    </trkpt>
    <trkpt lat="43.897720999999997" lon="11.332006000000000">
    </trkpt>
    <trkpt lat="43.897640000000003" lon="11.332051000000000">
    </trkpt>
    <trkpt lat="43.897556000000002" lon="11.332094000000000">
    </trkpt>
    <trkpt lat="43.897472000000000" lon="11.332136999999999">
    </trkpt>
    <trkpt lat="43.897387999999999" lon="11.332179999999999">
    </trkpt>
    <trkpt lat="43.897303000000001" lon="11.332223000000001">
    </trkpt>
    <trkpt lat="43.897219999999997" lon="11.332272000000000">
    </trkpt>
    <trkpt lat="43.897055999999999" lon="11.332381000000000">
    </trkpt>
    <trkpt lat="43.896839000000000" lon="11.332545000000000">
    </trkpt>
    <trkpt lat="43.896760000000000" lon="11.332604000000000">
    </trkpt>
    <trkpt lat="43.896681999999998" lon="11.332663000000000">
    </trkpt>
    <trkpt lat="43.896602999999999" lon="11.332723000000000">
    </trkpt>
    <trkpt lat="43.896523999999999" lon="11.332782000000000">
    </trkpt>
    <trkpt lat="43.896445000000000" lon="11.332841000000000">
    </trkpt>
    <trkpt lat="43.896366999999998" lon="11.332902000000001">
    </trkpt>
    <trkpt lat="43.896290999999998" lon="11.332969000000000">
    </trkpt>
    <trkpt lat="43.896214999999998" lon="11.333036000000000">
    </trkpt>
    <trkpt lat="43.896137000000003" lon="11.333105000000000">
    </trkpt>
    <trkpt lat="43.896051999999997" lon="11.333154000000000">
    </trkpt>
    <trkpt lat="43.895952000000001" lon="11.333202000000000">
    </trkpt>
    <trkpt lat="43.895888999999997" lon="11.333209000000000">
    </trkpt>
    <trkpt lat="43.895812999999997" lon="11.333221000000000">
    </trkpt>
    <trkpt lat="43.895695000000003" lon="11.333202000000000">
    </trkpt>
    <trkpt lat="43.895634000000001" lon="11.333167000000000">
    </trkpt>
    <trkpt lat="43.895502000000000" lon="11.333060000000000">
    </trkpt>
    <trkpt lat="43.895392000000001" lon="11.332958000000000">
    </trkpt>
    <trkpt lat="43.895302999999998" lon="11.332879000000000">
    </trkpt>
    <trkpt lat="43.895226999999998" lon="11.332810000000000">
    </trkpt>
    <trkpt lat="43.895155000000003" lon="11.332743000000001">
    </trkpt>
    <trkpt lat="43.895079000000003" lon="11.332718000000000">
    </trkpt>
    <trkpt lat="43.894978999999999" lon="11.332712000000001">
    </trkpt>
    <trkpt lat="43.894879000000003" lon="11.332717000000001">
    </trkpt>
    <trkpt lat="43.894784999999999" lon="11.332729000000000">
    </trkpt>
    <trkpt lat="43.894700000000000" lon="11.332789999999999">
    </trkpt>
    <trkpt lat="43.894475000000000" lon="11.332993000000000">
    </trkpt>
    <trkpt lat="43.894342000000002" lon="11.333125000000001">
    </trkpt>
    <trkpt lat="43.894257000000003" lon="11.333208000000001">
    </trkpt>
    <trkpt lat="43.894212000000003" lon="11.333301000000001">
    </trkpt>
    <trkpt lat="43.894063000000003" lon="11.333698999999999">
    </trkpt>
    <trkpt lat="43.893951999999999" lon="11.333988000000000">
    </trkpt>
    <trkpt lat="43.893883000000002" lon="11.334146000000000">
    </trkpt>
    <trkpt lat="43.893833000000001" lon="11.334218000000000">
    </trkpt>
    <trkpt lat="43.893768000000001" lon="11.334267000000001">
    </trkpt>
    <trkpt lat="43.893692000000001" lon="11.334274000000001">
    </trkpt>
    <trkpt lat="43.893555999999997" lon="11.334235000000000">
    </trkpt>
    <trkpt lat="43.893129000000002" lon="11.334004000000000">
    </trkpt>
    <trkpt lat="43.893014999999998" lon="11.333945000000000">
    </trkpt>
    <trkpt lat="43.892901000000002" lon="11.333930000000001">
    </trkpt>
    <trkpt lat="43.892867000000003" lon="11.333921000000000">
    </trkpt>
    <trkpt lat="43.892803000000001" lon="11.333904000000000">
    </trkpt>
    <trkpt lat="43.892459000000002" lon="11.333798000000000">
    </trkpt>
    <trkpt lat="43.891817000000003" lon="11.333544000000000">
    </trkpt>
    <trkpt lat="43.890712000000001" lon="11.333121999999999">
    </trkpt>
    <trkpt lat="43.890372999999997" lon="11.333019000000000">
    </trkpt>
    <trkpt lat="43.890321000000000" lon="11.332972000000000">
    </trkpt>
    <trkpt lat="43.890296999999997" lon="11.332905999999999">
    </trkpt>
    <trkpt lat="43.890270999999998" lon="11.332742000000000">
    </trkpt>
    <trkpt lat="43.890255000000003" lon="11.332641000000001">
    </trkpt>
    <trkpt lat="43.890270999999998" lon="11.332520000000001">
    </trkpt>
    <trkpt lat="43.890309000000002" lon="11.332379000000000">
    </trkpt>
    <trkpt lat="43.890363999999998" lon="11.332250999999999">
    </trkpt>
    <trkpt lat="43.890408000000001" lon="11.332139000000000">
    </trkpt>
    <trkpt lat="43.890447000000002" lon="11.332025000000000">
    </trkpt>
    <trkpt lat="43.890478999999999" lon="11.331906999999999">
    </trkpt>
    <trkpt lat="43.890510999999996" lon="11.331790000000000">
    </trkpt>
    <trkpt lat="43.890542000000003" lon="11.331673000000000">
    </trkpt>
    <trkpt lat="43.890573000000003" lon="11.331557000000000">
    </trkpt>
    <trkpt lat="43.890605999999998" lon="11.331441000000000">
    </trkpt>
    <trkpt lat="43.890642000000000" lon="11.331322000000000">
    </trkpt>
    <trkpt lat="43.890690999999997" lon="11.331165000000000">
    </trkpt>
    <trkpt lat="43.890580000000000" lon="11.331068000000000">
    </trkpt>
    <trkpt lat="43.890484000000001" lon="11.331092000000000">
    </trkpt>
    <trkpt lat="43.890335999999998" lon="11.331205000000001">
    </trkpt>
    <trkpt lat="43.890245000000000" lon="11.331315999999999">
    </trkpt>
    <trkpt lat="43.890166999999998" lon="11.331469999999999">
    </trkpt>
    <trkpt lat="43.890087999999999" lon="11.331668000000001">
    </trkpt>
    <trkpt lat="43.889989999999997" lon="11.331873999999999">
    </trkpt>
    <trkpt lat="43.889977999999999" lon="11.331899000000000">
    </trkpt>
    <trkpt lat="43.889885999999997" lon="11.332077000000000">
    </trkpt>
    <trkpt lat="43.889834999999998" lon="11.332147000000001">
    </trkpt>
    <trkpt lat="43.889668999999998" lon="11.332379000000000">
    </trkpt>
    <trkpt lat="43.889577000000003" lon="11.332507000000000">
    </trkpt>
    <trkpt lat="43.889479000000001" lon="11.332637000000000">
    </trkpt>
    <trkpt lat="43.889378000000001" lon="11.332719000000001">
    </trkpt>
    <trkpt lat="43.889249000000000" lon="11.332777000000000">
    </trkpt>
    <trkpt lat="43.889118000000003" lon="11.332808999999999">
    </trkpt>
    <trkpt lat="43.888981999999999" lon="11.332838000000001">
    </trkpt>
    <trkpt lat="43.888841999999997" lon="11.332839999999999">
    </trkpt>
    <trkpt lat="43.888719999999999" lon="11.332798000000000">
    </trkpt>
    <trkpt lat="43.888592000000003" lon="11.332694000000000">
    </trkpt>
    <trkpt lat="43.888508999999999" lon="11.332594000000000">
    </trkpt>
    <trkpt lat="43.888446000000002" lon="11.332508000000001">
    </trkpt>
    <trkpt lat="43.888362999999998" lon="11.332426000000000">
    </trkpt>
    <trkpt lat="43.888320000000000" lon="11.332382000000001">
    </trkpt>
    <trkpt lat="43.888212000000003" lon="11.332338999999999">
    </trkpt>
    <trkpt lat="43.888035000000002" lon="11.332306000000001">
    </trkpt>
    <trkpt lat="43.887886000000002" lon="11.332303000000000">
    </trkpt>
    <trkpt lat="43.887714000000003" lon="11.332279000000000">
    </trkpt>
    <trkpt lat="43.887551000000002" lon="11.332228000000001">
    </trkpt>
    <trkpt lat="43.887424000000003" lon="11.332196000000000">
    </trkpt>
    <trkpt lat="43.887284000000001" lon="11.332174999999999">
    </trkpt>
    <trkpt lat="43.887130999999997" lon="11.332174999999999">
    </trkpt>
    <trkpt lat="43.886958000000000" lon="11.332172000000000">
    </trkpt>
    <trkpt lat="43.886828000000001" lon="11.332179999999999">
    </trkpt>
    <trkpt lat="43.886732000000002" lon="11.332228000000001">
    </trkpt>
    <trkpt lat="43.886539999999997" lon="11.332362000000000">
    </trkpt>
    <trkpt lat="43.886522999999997" lon="11.332379000000000">
    </trkpt>
    <trkpt lat="43.886423000000001" lon="11.332478000000000">
    </trkpt>
    <trkpt lat="43.886315000000003" lon="11.332583000000000">
    </trkpt>
    <trkpt lat="43.886195999999998" lon="11.332647000000000">
    </trkpt>
    <trkpt lat="43.886059000000003" lon="11.332670000000000">
    </trkpt>
    <trkpt lat="43.885848000000003" lon="11.332739999999999">
    </trkpt>
    <trkpt lat="43.885736999999999" lon="11.332786000000000">
    </trkpt>
    <trkpt lat="43.885621000000000" lon="11.332838000000001">
    </trkpt>
    <trkpt lat="43.885478999999997" lon="11.332920000000000">
    </trkpt>
    <trkpt lat="43.885364000000003" lon="11.332976000000000">
    </trkpt>
    <trkpt lat="43.885247999999997" lon="11.333024999999999">
    </trkpt>
    <trkpt lat="43.885063000000002" lon="11.333100999999999">
    </trkpt>
    <trkpt lat="43.884917000000002" lon="11.333163000000001">
    </trkpt>
    <trkpt lat="43.884791999999997" lon="11.333233999999999">
    </trkpt>
    <trkpt lat="43.884681999999998" lon="11.333320000000001">
    </trkpt>
    <trkpt lat="43.884585000000001" lon="11.333409000000000">
    </trkpt>
    <trkpt lat="43.884484000000000" lon="11.333505000000001">
    </trkpt>
    <trkpt lat="43.884374000000001" lon="11.333615000000000">
    </trkpt>
    <trkpt lat="43.884228999999998" lon="11.333755999999999">
    </trkpt>
    <trkpt lat="43.884120000000003" lon="11.333867000000000">
    </trkpt>
    <trkpt lat="43.884031000000000" lon="11.333933000000000">
    </trkpt>
    <trkpt lat="43.883940000000003" lon="11.333933000000000">
    </trkpt>
    <trkpt lat="43.883738000000001" lon="11.333911000000001">
    </trkpt>
    <trkpt lat="43.883682000000000" lon="11.333898000000000">
    </trkpt>
    <trkpt lat="43.883608000000002" lon="11.333897000000000">
    </trkpt>
    <trkpt lat="43.883484000000003" lon="11.333917000000000">
    </trkpt>
    <trkpt lat="43.883291999999997" lon="11.333990000000000">
    </trkpt>
    <trkpt lat="43.883159999999997" lon="11.334053000000001">
    </trkpt>
    <trkpt lat="43.883043000000001" lon="11.334084000000001">
    </trkpt>
    <trkpt lat="43.882925000000000" lon="11.334092999999999">
    </trkpt>
    <trkpt lat="43.882742999999998" lon="11.334054000000000">
    </trkpt>
    <trkpt lat="43.882432999999999" lon="11.333957000000000">
    </trkpt>
    <trkpt lat="43.881540000000001" lon="11.333610000000000">
    </trkpt>
    <trkpt lat="43.881450000000001" lon="11.333577000000000">
    </trkpt>
    <trkpt lat="43.881129000000001" lon="11.333461000000000">
    </trkpt>
    <trkpt lat="43.881019999999999" lon="11.333378000000000">
    </trkpt>
    <trkpt lat="43.880876999999998" lon="11.333235999999999">
    </trkpt>
    <trkpt lat="43.880839999999999" lon="11.333193000000000">
    </trkpt>
    <trkpt lat="43.880695000000003" lon="11.332997000000001">
    </trkpt>
    <trkpt lat="43.880535999999999" lon="11.332879999999999">
    </trkpt>
    <trkpt lat="43.880358999999999" lon="11.332806000000000">
    </trkpt>
    <trkpt lat="43.880186000000002" lon="11.332761000000000">
    </trkpt>
    <trkpt lat="43.880040999999999" lon="11.332716000000000">
    </trkpt>
    <trkpt lat="43.879939000000000" lon="11.332682000000000">
    </trkpt>
    <trkpt lat="43.879883999999997" lon="11.332640000000000">
    </trkpt>
    <trkpt lat="43.879613999999997" lon="11.332437000000001">
    </trkpt>
    <trkpt lat="43.879544000000003" lon="11.332382000000001">
    </trkpt>
    <trkpt lat="43.879339000000002" lon="11.332382000000001">
    </trkpt>
    <trkpt lat="43.879250999999996" lon="11.332376999999999">
    </trkpt>
    <trkpt lat="43.879224999999998" lon="11.332356000000001">
    </trkpt>
    <trkpt lat="43.879109999999997" lon="11.332262999999999">
    </trkpt>
    <trkpt lat="43.878998000000003" lon="11.332191999999999">
    </trkpt>
    <trkpt lat="43.878866000000002" lon="11.332160999999999">
    </trkpt>
    <trkpt lat="43.878736000000004" lon="11.332129000000000">
    </trkpt>
    <trkpt lat="43.878601000000003" lon="11.332109000000001">
    </trkpt>
    <trkpt lat="43.878476999999997" lon="11.332065000000000">
    </trkpt>
    <trkpt lat="43.878374000000001" lon="11.332025000000000">
    </trkpt>
    <trkpt lat="43.878329999999998" lon="11.332001000000000">
    </trkpt>
    <trkpt lat="43.878284000000001" lon="11.332008000000000">
    </trkpt>
    <trkpt lat="43.878228999999997" lon="11.332083000000001">
    </trkpt>
    <trkpt lat="43.878177999999998" lon="11.332189000000000">
    </trkpt>
    <trkpt lat="43.878100000000003" lon="11.332250999999999">
    </trkpt>
    <trkpt lat="43.878003000000000" lon="11.332309000000000">
    </trkpt>
    <trkpt lat="43.877890000000001" lon="11.332376999999999">
    </trkpt>
    <trkpt lat="43.877881000000002" lon="11.332382000000001">
    </trkpt>
    <trkpt lat="43.877834000000000" lon="11.332411000000000">
    </trkpt>
    <trkpt lat="43.877744000000000" lon="11.332482000000001">
    </trkpt>
    <trkpt lat="43.877614000000001" lon="11.332559000000000">
    </trkpt>
    <trkpt lat="43.877504999999999" lon="11.332621000000000">
    </trkpt>
    <trkpt lat="43.877395000000000" lon="11.332685000000000">
    </trkpt>
    <trkpt lat="43.877257999999998" lon="11.332750000000001">
    </trkpt>
    <trkpt lat="43.877074999999998" lon="11.332808999999999">
    </trkpt>
    <trkpt lat="43.876952000000003" lon="11.332857000000001">
    </trkpt>
    <trkpt lat="43.876845000000003" lon="11.332905000000000">
    </trkpt>
    <trkpt lat="43.876725999999998" lon="11.332959000000001">
    </trkpt>
    <trkpt lat="43.876612999999999" lon="11.333014000000000">
    </trkpt>
    <trkpt lat="43.876508999999999" lon="11.333062999999999">
    </trkpt>
    <trkpt lat="43.876316000000003" lon="11.333169000000000">
    </trkpt>
    <trkpt lat="43.876210999999998" lon="11.333256000000000">
    </trkpt>
    <trkpt lat="43.876100999999998" lon="11.333323999999999">
    </trkpt>
    <trkpt lat="43.876005999999997" lon="11.333389000000000">
    </trkpt>
    <trkpt lat="43.875909999999998" lon="11.333461000000000">
    </trkpt>
    <trkpt lat="43.875810999999999" lon="11.333545000000001">
    </trkpt>
    <trkpt lat="43.875706000000001" lon="11.333626000000001">
    </trkpt>
    <trkpt lat="43.875627000000001" lon="11.333722000000000">
    </trkpt>
    <trkpt lat="43.875526000000001" lon="11.333805000000000">
    </trkpt>
    <trkpt lat="43.875432000000004" lon="11.333876000000000">
    </trkpt>
    <trkpt lat="43.875345000000003" lon="11.333961000000000">
    </trkpt>
    <trkpt lat="43.875278000000002" lon="11.334031000000000">
    </trkpt>
    <trkpt lat="43.875208999999998" lon="11.334104000000000">
    </trkpt>
    <trkpt lat="43.875162000000003" lon="11.334168999999999">
    </trkpt>
    <trkpt lat="43.875115000000001" lon="11.334244999999999">
    </trkpt>
    <trkpt lat="43.875070999999998" lon="11.334313000000000">
    </trkpt>
    <trkpt lat="43.874997999999998" lon="11.334381000000000">
    </trkpt>
    <trkpt lat="43.874952999999998" lon="11.334455000000000">
    </trkpt>
    <trkpt lat="43.874904999999998" lon="11.334546000000000">
    </trkpt>
    <trkpt lat="43.874865999999997" lon="11.334626000000000">
    </trkpt>
    <trkpt lat="43.874822000000002" lon="11.334709999999999">
    </trkpt>
    <trkpt lat="43.874755999999998" lon="11.334794000000000">
    </trkpt>
    <trkpt lat="43.874668000000000" lon="11.334918000000000">
    </trkpt>
    <trkpt lat="43.874606999999997" lon="11.335008000000000">
    </trkpt>
    <trkpt lat="43.874536999999997" lon="11.335103000000000">
    </trkpt>
    <trkpt lat="43.874474999999997" lon="11.335200000000000">
    </trkpt>
    <trkpt lat="43.874414999999999" lon="11.335312000000000">
    </trkpt>
    <trkpt lat="43.874343000000003" lon="11.335425000000001">
    </trkpt>
    <trkpt lat="43.874277999999997" lon="11.335516999999999">
    </trkpt>
    <trkpt lat="43.874198000000000" lon="11.335647000000000">
    </trkpt>
    <trkpt lat="43.874139999999997" lon="11.335720999999999">
    </trkpt>
    <trkpt lat="43.874087000000003" lon="11.335805000000001">
    </trkpt>
    <trkpt lat="43.874029000000000" lon="11.335891999999999">
    </trkpt>
    <trkpt lat="43.873973999999997" lon="11.335984000000000">
    </trkpt>
    <trkpt lat="43.873914999999997" lon="11.336077000000000">
    </trkpt>
    <trkpt lat="43.873857999999998" lon="11.336138000000000">
    </trkpt>
    <trkpt lat="43.873784000000001" lon="11.336207999999999">
    </trkpt>
    <trkpt lat="43.873674000000001" lon="11.336274000000000">
    </trkpt>
    <trkpt lat="43.873598999999999" lon="11.336330000000000">
    </trkpt>
    <trkpt lat="43.873494999999998" lon="11.336364000000000">
    </trkpt>
    <trkpt lat="43.873370999999999" lon="11.336389000000000">
    </trkpt>
    <trkpt lat="43.873243000000002" lon="11.336418999999999">
    </trkpt>
    <trkpt lat="43.873137000000000" lon="11.336449000000000">
    </trkpt>
    <trkpt lat="43.873001000000002" lon="11.336460000000001">
    </trkpt>
    <trkpt lat="43.872884999999997" lon="11.336482000000000">
    </trkpt>
    <trkpt lat="43.872787000000002" lon="11.336489000000000">
    </trkpt>
    <trkpt lat="43.872703999999999" lon="11.336479000000001">
    </trkpt>
    <trkpt lat="43.872630999999998" lon="11.336437999999999">
    </trkpt>
    <trkpt lat="43.872560999999997" lon="11.336383000000000">
    </trkpt>
    <trkpt lat="43.872500000000002" lon="11.336337000000000">
    </trkpt>
    <trkpt lat="43.872435000000003" lon="11.336338000000000">
    </trkpt>
    <trkpt lat="43.872323000000002" lon="11.336389000000000">
    </trkpt>
    <trkpt lat="43.872190000000003" lon="11.336433000000000">
    </trkpt>
    <trkpt lat="43.872081999999999" lon="11.336478000000000">
    </trkpt>
    <trkpt lat="43.871952999999998" lon="11.336537999999999">
    </trkpt>
    <trkpt lat="43.871848999999997" lon="11.336587000000000">
    </trkpt>
    <trkpt lat="43.871733999999996" lon="11.336648000000000">
    </trkpt>
    <trkpt lat="43.871608999999999" lon="11.336703000000000">
    </trkpt>
    <trkpt lat="43.871518999999999" lon="11.336750000000000">
    </trkpt>
    <trkpt lat="43.871473000000002" lon="11.336793000000000">
    </trkpt>
    <trkpt lat="43.871375000000000" lon="11.336888999999999">
    </trkpt>
    <trkpt lat="43.870871999999999" lon="11.337262000000001">
    </trkpt>
    <trkpt lat="43.870730999999999" lon="11.337403999999999">
    </trkpt>
    <trkpt lat="43.870626999999999" lon="11.337565000000000">
    </trkpt>
    <trkpt lat="43.870401000000001" lon="11.338190000000001">
    </trkpt>
    <trkpt lat="43.870334000000000" lon="11.338387000000001">
    </trkpt>
    <trkpt lat="43.870249000000001" lon="11.338549000000000">
    </trkpt>
    <trkpt lat="43.870165000000000" lon="11.338676000000000">
    </trkpt>
    <trkpt lat="43.870081999999996" lon="11.338742000000000">
    </trkpt>
    <trkpt lat="43.869886999999999" lon="11.338786000000001">
    </trkpt>
    <trkpt lat="43.869743000000000" lon="11.338737000000000">
    </trkpt>
    <trkpt lat="43.869512999999998" lon="11.338659000000000">
    </trkpt>
    <trkpt lat="43.869430999999999" lon="11.338638000000000">
    </trkpt>
    <trkpt lat="43.869349000000000" lon="11.338661000000000">
    </trkpt>
    <trkpt lat="43.869233999999999" lon="11.338786000000001">
    </trkpt>
    <trkpt lat="43.869148000000003" lon="11.338965000000000">
    </trkpt>
    <trkpt lat="43.869039000000001" lon="11.339100000000000">
    </trkpt>
    <trkpt lat="43.868962000000003" lon="11.339157999999999">
    </trkpt>
    <trkpt lat="43.868811999999998" lon="11.339160000000000">
    </trkpt>
    <trkpt lat="43.868718999999999" lon="11.339105000000000">
    </trkpt>
    <trkpt lat="43.868637999999997" lon="11.339045000000000">
    </trkpt>
    <trkpt lat="43.867840000000001" lon="11.340021000000000">
    </trkpt>
    <trkpt lat="43.867513000000002" lon="11.340372000000000">
    </trkpt>
    <trkpt lat="43.867249000000001" lon="11.340666000000001">
    </trkpt>
    <trkpt lat="43.866810000000001" lon="11.341234000000000">
    </trkpt>
    <trkpt lat="43.866695000000000" lon="11.341377000000000">
    </trkpt>
    <trkpt lat="43.866624999999999" lon="11.341409000000001">
    </trkpt>
    <trkpt lat="43.866498999999997" lon="11.341404000000001">
    </trkpt>
    <trkpt lat="43.866143999999998" lon="11.341260000000000">
    </trkpt>
    <trkpt lat="43.866076999999997" lon="11.341250000000000">
    </trkpt>
    <trkpt lat="43.866045999999997" lon="11.341260999999999">
    </trkpt>
    <trkpt lat="43.866022000000001" lon="11.341270000000000">
    </trkpt>
    <trkpt lat="43.865988000000002" lon="11.341339000000000">
    </trkpt>
    <trkpt lat="43.865949999999998" lon="11.341426999999999">
    </trkpt>
    <trkpt lat="43.865920000000003" lon="11.341475000000001">
    </trkpt>
    <trkpt lat="43.865876000000000" lon="11.341523000000000">
    </trkpt>
    <trkpt lat="43.865847000000002" lon="11.341543000000000">
    </trkpt>
    <trkpt lat="43.865817999999997" lon="11.341559999999999">
    </trkpt>
    <trkpt lat="43.865805999999999" lon="11.341559999999999">
    </trkpt>
    <trkpt lat="43.865774000000002" lon="11.341556000000001">
    </trkpt>
    <trkpt lat="43.865712000000002" lon="11.341547000000000">
    </trkpt>
    <trkpt lat="43.865690000000001" lon="11.341544000000001">
    </trkpt>
    <trkpt lat="43.865640999999997" lon="11.341530000000001">
    </trkpt>
    <trkpt lat="43.865608000000002" lon="11.341635000000000">
    </trkpt>
    <trkpt lat="43.865558000000000" lon="11.341707000000000">
    </trkpt>
    <trkpt lat="43.865493999999998" lon="11.341786000000001">
    </trkpt>
    <trkpt lat="43.865411999999999" lon="11.341827000000000">
    </trkpt>
    <trkpt lat="43.865309000000003" lon="11.341874000000001">
    </trkpt>
    <trkpt lat="43.865200999999999" lon="11.341943000000001">
    </trkpt>
    <trkpt lat="43.865098000000003" lon="11.342008000000000">
    </trkpt>
    <trkpt lat="43.864992000000001" lon="11.342078000000001">
    </trkpt>
    <trkpt lat="43.864890000000003" lon="11.342148000000000">
    </trkpt>
    <trkpt lat="43.864776999999997" lon="11.342231000000000">
    </trkpt>
    <trkpt lat="43.864682000000002" lon="11.342316000000000">
    </trkpt>
    <trkpt lat="43.864617000000003" lon="11.342416999999999">
    </trkpt>
    <trkpt lat="43.864564999999999" lon="11.342529000000001">
    </trkpt>
    <trkpt lat="43.864545000000000" lon="11.342624000000001">
    </trkpt>
    <trkpt lat="43.864508000000001" lon="11.342722000000000">
    </trkpt>
    <trkpt lat="43.864449000000000" lon="11.342840000000001">
    </trkpt>
    <trkpt lat="43.864347000000002" lon="11.343035000000000">
    </trkpt>
    <trkpt lat="43.864269000000000" lon="11.343201000000001">
    </trkpt>
    <trkpt lat="43.864148999999998" lon="11.343382999999999">
    </trkpt>
    <trkpt lat="43.863988999999997" lon="11.343603000000000">
    </trkpt>
    <trkpt lat="43.863788000000000" lon="11.343864999999999">
    </trkpt>
    <trkpt lat="43.863672999999999" lon="11.344037000000000">
    </trkpt>
    <trkpt lat="43.863515999999997" lon="11.344313000000000">
    </trkpt>
    <trkpt lat="43.863382000000001" lon="11.344665000000001">
    </trkpt>
    <trkpt lat="43.863270000000000" lon="11.344867000000001">
    </trkpt>
    <trkpt lat="43.863263000000003" lon="11.344892000000000">
    </trkpt>
    <trkpt lat="43.863264999999998" lon="11.344919000000001">
    </trkpt>
    <trkpt lat="43.863275999999999" lon="11.344970999999999">
    </trkpt>
    <trkpt lat="43.863303000000002" lon="11.345026000000001">
    </trkpt>
    <trkpt lat="43.863352999999996" lon="11.345129999999999">
    </trkpt>
    <trkpt lat="43.863404000000003" lon="11.345231000000000">
    </trkpt>
    <trkpt lat="43.863455999999999" lon="11.345333000000000">
    </trkpt>
    <trkpt lat="43.863506999999998" lon="11.345435000000000">
    </trkpt>
    <trkpt lat="43.863559000000002" lon="11.345537999999999">
    </trkpt>
    <trkpt lat="43.863608999999997" lon="11.345641000000001">
    </trkpt>
    <trkpt lat="43.863660000000003" lon="11.345745000000001">
    </trkpt>
    <trkpt lat="43.863709999999998" lon="11.345853000000000">
    </trkpt>
    <trkpt lat="43.863750000000003" lon="11.345971000000000">
    </trkpt>
    <trkpt lat="43.863781000000003" lon="11.346097000000000">
    </trkpt>
    <trkpt lat="43.863790000000002" lon="11.346228999999999">
    </trkpt>
    <trkpt lat="43.863793999999999" lon="11.346354000000000">
    </trkpt>
    <trkpt lat="43.863799000000000" lon="11.346479000000000">
    </trkpt>
    <trkpt lat="43.863802999999997" lon="11.346603000000000">
    </trkpt>
    <trkpt lat="43.863805999999997" lon="11.346728000000001">
    </trkpt>
    <trkpt lat="43.863809000000003" lon="11.346852000000000">
    </trkpt>
    <trkpt lat="43.863812000000003" lon="11.346977000000001">
    </trkpt>
    <trkpt lat="43.863815000000002" lon="11.347101000000000">
    </trkpt>
    <trkpt lat="43.863818999999999" lon="11.347225999999999">
    </trkpt>
    <trkpt lat="43.863821999999999" lon="11.347351000000000">
    </trkpt>
    <trkpt lat="43.863826000000003" lon="11.347478000000001">
    </trkpt>
    <trkpt lat="43.863816999999997" lon="11.347607999999999">
    </trkpt>
    <trkpt lat="43.863799999999998" lon="11.347734000000001">
    </trkpt>
    <trkpt lat="43.863770000000002" lon="11.347856999999999">
    </trkpt>
    <trkpt lat="43.863739000000002" lon="11.347977999999999">
    </trkpt>
    <trkpt lat="43.863675000000001" lon="11.348064000000001">
    </trkpt>
    <trkpt lat="43.863559000000002" lon="11.348260000000000">
    </trkpt>
    <trkpt lat="43.863542000000002" lon="11.348350999999999">
    </trkpt>
    <trkpt lat="43.863495999999998" lon="11.348407000000000">
    </trkpt>
    <trkpt lat="43.863427000000001" lon="11.348444000000001">
    </trkpt>
    <trkpt lat="43.863346000000000" lon="11.348443000000000">
    </trkpt>
    <trkpt lat="43.863275999999999" lon="11.348423000000000">
    </trkpt>
    <trkpt lat="43.863115999999998" lon="11.348379000000000">
    </trkpt>
    <trkpt lat="43.862980999999998" lon="11.348349000000001">
    </trkpt>
    <trkpt lat="43.862935999999998" lon="11.348328000000000">
    </trkpt>
    <trkpt lat="43.862839000000001" lon="11.348307000000000">
    </trkpt>
    <trkpt lat="43.862741999999997" lon="11.348286000000000">
    </trkpt>
    <trkpt lat="43.862617000000000" lon="11.348261000000001">
    </trkpt>
    <trkpt lat="43.862546999999999" lon="11.348245000000000">
    </trkpt>
    <trkpt lat="43.862479000000000" lon="11.348228000000001">
    </trkpt>
    <trkpt lat="43.862338000000001" lon="11.348147000000001">
    </trkpt>
    <trkpt lat="43.862240999999997" lon="11.348102000000001">
    </trkpt>
    <trkpt lat="43.862147999999998" lon="11.348060000000000">
    </trkpt>
    <trkpt lat="43.862039000000003" lon="11.347996000000000">
    </trkpt>
    <trkpt lat="43.861964000000000" lon="11.347948000000001">
    </trkpt>
    <trkpt lat="43.861919000000000" lon="11.347923000000000">
    </trkpt>
    <trkpt lat="43.861879999999999" lon="11.347901999999999">
    </trkpt>
    <trkpt lat="43.861741000000002" lon="11.347848000000001">
    </trkpt>
    <trkpt lat="43.861649000000000" lon="11.347822000000001">
    </trkpt>
    <trkpt lat="43.861547999999999" lon="11.347808000000001">
    </trkpt>
    <trkpt lat="43.861401999999998" lon="11.347787000000000">
    </trkpt>
    <trkpt lat="43.861279000000003" lon="11.347797999999999">
    </trkpt>
    <trkpt lat="43.861167999999999" lon="11.347792999999999">
    </trkpt>
    <trkpt lat="43.861054000000003" lon="11.347773000000000">
    </trkpt>
    <trkpt lat="43.860926999999997" lon="11.347720000000001">
    </trkpt>
    <trkpt lat="43.860816000000000" lon="11.347704999999999">
    </trkpt>
    <trkpt lat="43.860706999999998" lon="11.347657999999999">
    </trkpt>
    <trkpt lat="43.860680000000002" lon="11.347645000000000">
    </trkpt>
    <trkpt lat="43.860616999999998" lon="11.347616000000000">
    </trkpt>
    <trkpt lat="43.860503999999999" lon="11.347574000000000">
    </trkpt>
    <trkpt lat="43.860385000000001" lon="11.347497000000001">
    </trkpt>
    <trkpt lat="43.860267999999998" lon="11.347446000000000">
    </trkpt>
    <trkpt lat="43.860168999999999" lon="11.347388000000000">
    </trkpt>
    <trkpt lat="43.860114000000003" lon="11.347308000000000">
    </trkpt>
    <trkpt lat="43.860072000000002" lon="11.347227000000000">
    </trkpt>
    <trkpt lat="43.860008000000001" lon="11.347061000000000">
    </trkpt>
    <trkpt lat="43.859963000000000" lon="11.346975000000000">
    </trkpt>
    <trkpt lat="43.859892000000002" lon="11.346912000000000">
    </trkpt>
    <trkpt lat="43.859808000000001" lon="11.346862000000000">
    </trkpt>
    <trkpt lat="43.859729000000002" lon="11.346845000000000">
    </trkpt>
    <trkpt lat="43.859648999999997" lon="11.346852000000000">
    </trkpt>
    <trkpt lat="43.859544000000000" lon="11.346888000000000">
    </trkpt>
    <trkpt lat="43.859426999999997" lon="11.346933999999999">
    </trkpt>
    <trkpt lat="43.859324000000001" lon="11.346966999999999">
    </trkpt>
    <trkpt lat="43.859234999999998" lon="11.346999000000000">
    </trkpt>
    <trkpt lat="43.859088000000000" lon="11.347021000000000">
    </trkpt>
    <trkpt lat="43.858955000000002" lon="11.347035999999999">
    </trkpt>
    <trkpt lat="43.858806999999999" lon="11.347060000000001">
    </trkpt>
    <trkpt lat="43.858665999999999" lon="11.347058000000001">
    </trkpt>
    <trkpt lat="43.858561000000002" lon="11.347025000000000">
    </trkpt>
    <trkpt lat="43.858365999999997" lon="11.346954999999999">
    </trkpt>
    <trkpt lat="43.858272999999997" lon="11.346942000000000">
    </trkpt>
    <trkpt lat="43.858187999999998" lon="11.346962000000000">
    </trkpt>
    <trkpt lat="43.858089999999997" lon="11.346997000000000">
    </trkpt>
    <trkpt lat="43.857984999999999" lon="11.347065000000001">
    </trkpt>
    <trkpt lat="43.857849999999999" lon="11.347118000000000">
    </trkpt>
    <trkpt lat="43.857709999999997" lon="11.347149999999999">
    </trkpt>
    <trkpt lat="43.857680000000002" lon="11.347151000000000">
    </trkpt>
    <trkpt lat="43.857596000000001" lon="11.347151999999999">
    </trkpt>
    <trkpt lat="43.857475000000001" lon="11.347156000000000">
    </trkpt>
    <trkpt lat="43.857388000000000" lon="11.347135000000000">
    </trkpt>
    <trkpt lat="43.857295999999998" lon="11.347113000000000">
    </trkpt>
    <trkpt lat="43.857227000000002" lon="11.347083000000000">
    </trkpt>
    <trkpt lat="43.857165000000002" lon="11.347059000000000">
    </trkpt>
    <trkpt lat="43.857156000000003" lon="11.347056000000000">
    </trkpt>
    <trkpt lat="43.857128000000003" lon="11.347054999999999">
    </trkpt>
    <trkpt lat="43.857069000000003" lon="11.347051000000000">
    </trkpt>
    <trkpt lat="43.857030000000002" lon="11.347075000000000">
    </trkpt>
    <trkpt lat="43.856945000000003" lon="11.347121000000000">
    </trkpt>
    <trkpt lat="43.856859999999998" lon="11.347167000000001">
    </trkpt>
    <trkpt lat="43.856839000000001" lon="11.347178000000000">
    </trkpt>
    <trkpt lat="43.856810000000003" lon="11.347147000000000">
    </trkpt>
    <trkpt lat="43.856645000000000" lon="11.346976000000000">
    </trkpt>
    <trkpt lat="43.856617999999997" lon="11.346947999999999">
    </trkpt>
    <trkpt lat="43.856574000000002" lon="11.346902999999999">
    </trkpt>
    <trkpt lat="43.856445000000001" lon="11.346807000000000">
    </trkpt>
    <trkpt lat="43.856214000000001" lon="11.346773000000001">
    </trkpt>
    <trkpt lat="43.856082999999998" lon="11.346760000000000">
    </trkpt>
    <trkpt lat="43.856001999999997" lon="11.346666000000001">
    </trkpt>
    <trkpt lat="43.855899999999998" lon="11.346424000000001">
    </trkpt>
    <trkpt lat="43.855848000000002" lon="11.346332000000000">
    </trkpt>
    <trkpt lat="43.855789000000001" lon="11.346304999999999">
    </trkpt>
    <trkpt lat="43.855671000000001" lon="11.346275000000000">
    </trkpt>
    <trkpt lat="43.855581000000001" lon="11.346337999999999">
    </trkpt>
    <trkpt lat="43.855488999999999" lon="11.346474000000001">
    </trkpt>
    <trkpt lat="43.855415000000001" lon="11.346569000000001">
    </trkpt>
    <trkpt lat="43.855344000000002" lon="11.346567000000000">
    </trkpt>
    <trkpt lat="43.855204000000001" lon="11.346437999999999">
    </trkpt>
    <trkpt lat="43.855060000000002" lon="11.346235000000000">
    </trkpt>
    <trkpt lat="43.854978000000003" lon="11.346162000000000">
    </trkpt>
    <trkpt lat="43.854913000000003" lon="11.346126999999999">
    </trkpt>
    <trkpt lat="43.854854000000003" lon="11.346116000000000">
    </trkpt>
    <trkpt lat="43.854776000000001" lon="11.346154000000000">
    </trkpt>
    <trkpt lat="43.854666999999999" lon="11.346240000000000">
    </trkpt>
    <trkpt lat="43.854571000000000" lon="11.346294000000000">
    </trkpt>
    <trkpt lat="43.854456999999996" lon="11.346347000000000">
    </trkpt>
    <trkpt lat="43.854373000000002" lon="11.346344000000000">
    </trkpt>
    <trkpt lat="43.854284999999997" lon="11.346323999999999">
    </trkpt>
    <trkpt lat="43.854213999999999" lon="11.346272000000001">
    </trkpt>
    <trkpt lat="43.854115000000000" lon="11.346194000000001">
    </trkpt>
    <trkpt lat="43.853875000000002" lon="11.345724000000001">
    </trkpt>
    <trkpt lat="43.853557000000002" lon="11.345255999999999">
    </trkpt>
    <trkpt lat="43.853423999999997" lon="11.345078000000001">
    </trkpt>
    <trkpt lat="43.853284000000002" lon="11.344949000000000">
    </trkpt>
    <trkpt lat="43.852794000000003" lon="11.344203000000000">
    </trkpt>
    <trkpt lat="43.852707000000002" lon="11.344093000000001">
    </trkpt>
    <trkpt lat="43.852637000000001" lon="11.344023999999999">
    </trkpt>
    <trkpt lat="43.852342999999998" lon="11.343856000000001">
    </trkpt>
    <trkpt lat="43.852201000000001" lon="11.343826000000000">
    </trkpt>
    <trkpt lat="43.851939999999999" lon="11.343783000000000">
    </trkpt>
    <trkpt lat="43.851413000000001" lon="11.343709000000000">
    </trkpt>
    <trkpt lat="43.851025000000000" lon="11.343743000000000">
    </trkpt>
    <trkpt lat="43.850738999999997" lon="11.343781000000000">
    </trkpt>
    <trkpt lat="43.850498999999999" lon="11.343870000000001">
    </trkpt>
    <trkpt lat="43.850344000000000" lon="11.343938000000000">
    </trkpt>
    <trkpt lat="43.849046999999999" lon="11.344229000000000">
    </trkpt>
    <trkpt lat="43.849037000000003" lon="11.344232999999999">
    </trkpt>
    <trkpt lat="43.848270999999997" lon="11.344569000000000">
    </trkpt>
    <trkpt lat="43.847704000000000" lon="11.344711000000000">
    </trkpt>
    <trkpt lat="43.847313000000000" lon="11.344716000000000">
    </trkpt>
    <trkpt lat="43.847183999999999" lon="11.344718000000000">
    </trkpt>
    <trkpt lat="43.847155000000001" lon="11.344721000000000">
    </trkpt>
    <trkpt lat="43.846518000000003" lon="11.344795000000000">
    </trkpt>
    <trkpt lat="43.845475000000000" lon="11.344917000000001">
    </trkpt>
    <trkpt lat="43.845039000000000" lon="11.344958000000000">
    </trkpt>
    <trkpt lat="43.845011999999997" lon="11.344950000000001">
    </trkpt>
    <trkpt lat="43.844880000000003" lon="11.344938000000001">
    </trkpt>
    <trkpt lat="43.844738999999997" lon="11.344925000000000">
    </trkpt>
    <trkpt lat="43.844546999999999" lon="11.344917000000001">
    </trkpt>
    <trkpt lat="43.844428999999998" lon="11.344913999999999">
    </trkpt>
    <trkpt lat="43.844332999999999" lon="11.344910000000000">
    </trkpt>
    <trkpt lat="43.844211000000001" lon="11.344974000000001">
    </trkpt>
    <trkpt lat="43.844045999999999" lon="11.345098999999999">
    </trkpt>
    <trkpt lat="43.844020000000000" lon="11.345162000000000">
    </trkpt>
    <trkpt lat="43.843952999999999" lon="11.345304000000000">
    </trkpt>
    <trkpt lat="43.843899999999998" lon="11.345274000000000">
    </trkpt>
    <trkpt lat="43.843755999999999" lon="11.345174999999999">
    </trkpt>
    <trkpt lat="43.843608000000003" lon="11.345124999999999">
    </trkpt>
    <trkpt lat="43.843400000000003" lon="11.345082000000000">
    </trkpt>
    <trkpt lat="43.843319000000001" lon="11.345060000000000">
    </trkpt>
    <trkpt lat="43.842849999999999" lon="11.344911000000000">
    </trkpt>
    <trkpt lat="43.842272000000001" lon="11.344697000000000">
    </trkpt>
    <trkpt lat="43.841653999999998" lon="11.344275000000000">
    </trkpt>
    <trkpt lat="43.841444000000003" lon="11.344120000000000">
    </trkpt>
    <trkpt lat="43.840634000000001" lon="11.343866999999999">
    </trkpt>
    <trkpt lat="43.840322999999998" lon="11.343768000000001">
    </trkpt>
    <trkpt lat="43.840125999999998" lon="11.343579000000000">
    </trkpt>
    <trkpt lat="43.840062000000003" lon="11.343482000000000">
    </trkpt>
    <trkpt lat="43.840043999999999" lon="11.343453000000000">
    </trkpt>
    <trkpt lat="43.839969000000004" lon="11.343339000000000">
    </trkpt>
    <trkpt lat="43.839937999999997" lon="11.343311999999999">
    </trkpt>
    <trkpt lat="43.839382000000001" lon="11.343234000000001">
    </trkpt>
    <trkpt lat="43.838814999999997" lon="11.343083000000000">
    </trkpt>
    <trkpt lat="43.837912000000003" lon="11.342782000000000">
    </trkpt>
    <trkpt lat="43.837685000000000" lon="11.342736000000000">
    </trkpt>
    <trkpt lat="43.837649999999996" lon="11.342729000000000">
    </trkpt>
    <trkpt lat="43.837549000000003" lon="11.342768000000000">
    </trkpt>
    <trkpt lat="43.836773000000001" lon="11.343036000000000">
    </trkpt>
    <trkpt lat="43.836171999999998" lon="11.343316000000000">
    </trkpt>
    <trkpt lat="43.835438000000003" lon="11.343672000000000">
    </trkpt>
    <trkpt lat="43.835202000000002" lon="11.343794000000001">
    </trkpt>
    <trkpt lat="43.835168000000003" lon="11.343812000000000">
    </trkpt>
    <trkpt lat="43.834969999999998" lon="11.343896000000001">
    </trkpt>
    <trkpt lat="43.834957000000003" lon="11.343899000000000">
    </trkpt>
    <trkpt lat="43.834870000000002" lon="11.343913000000001">
    </trkpt>
    <trkpt lat="43.834729000000003" lon="11.343930000000000">
    </trkpt>
    <trkpt lat="43.834564999999998" lon="11.343970000000001">
    </trkpt>
    <trkpt lat="43.834404999999997" lon="11.344042000000000">
    </trkpt>
    <trkpt lat="43.834249000000000" lon="11.344108000000000">
    </trkpt>
    <trkpt lat="43.834080999999998" lon="11.344139999999999">
    </trkpt>
    <trkpt lat="43.833931000000000" lon="11.344206000000000">
    </trkpt>
    <trkpt lat="43.833696000000003" lon="11.344305000000000">
    </trkpt>
    <trkpt lat="43.833620000000003" lon="11.344300000000000">
    </trkpt>
    <trkpt lat="43.833430000000000" lon="11.344281000000001">
    </trkpt>
    <trkpt lat="43.833235999999999" lon="11.344111000000000">
    </trkpt>
    <trkpt lat="43.833181000000003" lon="11.344061999999999">
    </trkpt>
    <trkpt lat="43.832999000000001" lon="11.343844000000001">
    </trkpt>
    <trkpt lat="43.832873999999997" lon="11.343703000000000">
    </trkpt>
    <trkpt lat="43.832729999999998" lon="11.343463000000000">
    </trkpt>
    <trkpt lat="43.832574999999999" lon="11.343178000000000">
    </trkpt>
    <trkpt lat="43.832444000000002" lon="11.342942000000001">
    </trkpt>
    <trkpt lat="43.832355000000000" lon="11.342727999999999">
    </trkpt>
    <trkpt lat="43.832298000000002" lon="11.342578000000000">
    </trkpt>
    <trkpt lat="43.832217000000000" lon="11.342460000000001">
    </trkpt>
    <trkpt lat="43.832056000000001" lon="11.342204000000001">
    </trkpt>
    <trkpt lat="43.831971000000003" lon="11.341991999999999">
    </trkpt>
    <trkpt lat="43.831865999999998" lon="11.341761999999999">
    </trkpt>
    <trkpt lat="43.831780999999999" lon="11.341589000000001">
    </trkpt>
    <trkpt lat="43.831623999999998" lon="11.341407000000000">
    </trkpt>
    <trkpt lat="43.831398999999998" lon="11.341193000000001">
    </trkpt>
    <trkpt lat="43.831226999999998" lon="11.340930999999999">
    </trkpt>
    <trkpt lat="43.831116999999999" lon="11.340833999999999">
    </trkpt>
    <trkpt lat="43.830852999999998" lon="11.340636000000000">
    </trkpt>
    <trkpt lat="43.830623000000003" lon="11.340481000000000">
    </trkpt>
    <trkpt lat="43.830154999999998" lon="11.340082000000001">
    </trkpt>
    <trkpt lat="43.829974999999997" lon="11.339973000000001">
    </trkpt>
    <trkpt lat="43.829819999999998" lon="11.339869000000000">
    </trkpt>
    <trkpt lat="43.829690999999997" lon="11.339770000000000">
    </trkpt>
    <trkpt lat="43.829591000000001" lon="11.339641000000000">
    </trkpt>
    <trkpt lat="43.829450000000001" lon="11.339468000000000">
    </trkpt>
    <trkpt lat="43.829355999999997" lon="11.339423999999999">
    </trkpt>
    <trkpt lat="43.829287000000001" lon="11.339422000000001">
    </trkpt>
    <trkpt lat="43.829211000000001" lon="11.339338000000000">
    </trkpt>
    <trkpt lat="43.829144999999997" lon="11.339207000000000">
    </trkpt>
    <trkpt lat="43.829096000000000" lon="11.339086000000000">
    </trkpt>
    <trkpt lat="43.829054999999997" lon="11.338965000000000">
    </trkpt>
    <trkpt lat="43.829008999999999" lon="11.338789000000000">
    </trkpt>
    <trkpt lat="43.828983000000001" lon="11.338607000000000">
    </trkpt>
    <trkpt lat="43.828969999999998" lon="11.338454000000000">
    </trkpt>
    <trkpt lat="43.828952000000001" lon="11.338291000000000">
    </trkpt>
    <trkpt lat="43.828943000000002" lon="11.338196999999999">
    </trkpt>
    <trkpt lat="43.828915000000002" lon="11.338106000000000">
    </trkpt>
    <trkpt lat="43.828871999999997" lon="11.338015000000000">
    </trkpt>
    <trkpt lat="43.828839000000002" lon="11.337911000000000">
    </trkpt>
    <trkpt lat="43.828800000000001" lon="11.337819000000000">
    </trkpt>
    <trkpt lat="43.828758999999998" lon="11.337726000000000">
    </trkpt>
    <trkpt lat="43.828687000000002" lon="11.337588999999999">
    </trkpt>
    <trkpt lat="43.828586999999999" lon="11.337379000000000">
    </trkpt>
    <trkpt lat="43.828555000000001" lon="11.337259000000000">
    </trkpt>
    <trkpt lat="43.828550000000000" lon="11.337173999999999">
    </trkpt>
    <trkpt lat="43.828566000000002" lon="11.336968000000001">
    </trkpt>
    <trkpt lat="43.828550999999997" lon="11.336876999999999">
    </trkpt>
    <trkpt lat="43.828532000000003" lon="11.336767000000000">
    </trkpt>
    <trkpt lat="43.828496000000001" lon="11.336643000000000">
    </trkpt>
    <trkpt lat="43.828387999999997" lon="11.336423999999999">
    </trkpt>
    <trkpt lat="43.828350000000000" lon="11.336316000000000">
    </trkpt>
    <trkpt lat="43.828311999999997" lon="11.336233000000000">
    </trkpt>
    <trkpt lat="43.828271999999998" lon="11.336148000000000">
    </trkpt>
    <trkpt lat="43.828180000000003" lon="11.335939000000000">
    </trkpt>
    <trkpt lat="43.828057000000001" lon="11.335616999999999">
    </trkpt>
    <trkpt lat="43.828001000000000" lon="11.335495000000000">
    </trkpt>
    <trkpt lat="43.827959000000000" lon="11.335400000000000">
    </trkpt>
    <trkpt lat="43.827888000000002" lon="11.335278000000001">
    </trkpt>
    <trkpt lat="43.827826000000002" lon="11.335186999999999">
    </trkpt>
    <trkpt lat="43.827663000000001" lon="11.335020999999999">
    </trkpt>
    <trkpt lat="43.827601000000001" lon="11.334937000000000">
    </trkpt>
    <trkpt lat="43.827519000000002" lon="11.334846000000001">
    </trkpt>
    <trkpt lat="43.827410000000000" lon="11.334707999999999">
    </trkpt>
    <trkpt lat="43.827309999999997" lon="11.334581000000000">
    </trkpt>
    <trkpt lat="43.827001000000003" lon="11.334191000000001">
    </trkpt>
    <trkpt lat="43.826906999999999" lon="11.334064000000000">
    </trkpt>
    <trkpt lat="43.826796999999999" lon="11.333926000000000">
    </trkpt>
    <trkpt lat="43.826689999999999" lon="11.333798000000000">
    </trkpt>
    <trkpt lat="43.826549000000000" lon="11.333637000000000">
    </trkpt>
    <trkpt lat="43.826358999999997" lon="11.333441000000001">
    </trkpt>
    <trkpt lat="43.826250999999999" lon="11.333333000000000">
    </trkpt>
    <trkpt lat="43.826168000000003" lon="11.333247999999999">
    </trkpt>
    <trkpt lat="43.826087999999999" lon="11.333174000000000">
    </trkpt>
    <trkpt lat="43.825983000000001" lon="11.333081999999999">
    </trkpt>
    <trkpt lat="43.825848999999998" lon="11.332974999999999">
    </trkpt>
    <trkpt lat="43.825588000000003" lon="11.332786000000000">
    </trkpt>
    <trkpt lat="43.825526000000004" lon="11.332746000000000">
    </trkpt>
    <trkpt lat="43.825448999999999" lon="11.332693000000001">
    </trkpt>
    <trkpt lat="43.825380000000003" lon="11.332654000000000">
    </trkpt>
    <trkpt lat="43.825287000000003" lon="11.332625999999999">
    </trkpt>
    <trkpt lat="43.825128999999997" lon="11.332564000000000">
    </trkpt>
    <trkpt lat="43.825063999999998" lon="11.332552000000000">
    </trkpt>
    <trkpt lat="43.824973999999997" lon="11.332549999999999">
    </trkpt>
    <trkpt lat="43.824911000000000" lon="11.332547000000000">
    </trkpt>
    <trkpt lat="43.824786000000003" lon="11.332572000000001">
    </trkpt>
    <trkpt lat="43.824585999999996" lon="11.332553000000001">
    </trkpt>
    <trkpt lat="43.824486000000000" lon="11.332544000000000">
    </trkpt>
    <trkpt lat="43.824399000000000" lon="11.332518000000000">
    </trkpt>
    <trkpt lat="43.824283999999999" lon="11.332507000000000">
    </trkpt>
    <trkpt lat="43.824204999999999" lon="11.332443000000000">
    </trkpt>
    <trkpt lat="43.824117999999999" lon="11.332386000000000">
    </trkpt>
    <trkpt lat="43.824109000000000" lon="11.332380000000001">
    </trkpt>
    <trkpt lat="43.824063000000002" lon="11.332350999999999">
    </trkpt>
    <trkpt lat="43.823985000000000" lon="11.332267999999999">
    </trkpt>
    <trkpt lat="43.823917999999999" lon="11.332125000000000">
    </trkpt>
    <trkpt lat="43.823874000000004" lon="11.332018000000000">
    </trkpt>
    <trkpt lat="43.823839999999997" lon="11.331917000000001">
    </trkpt>
    <trkpt lat="43.823796000000002" lon="11.331649000000001">
    </trkpt>
    <trkpt lat="43.823765999999999" lon="11.331502000000000">
    </trkpt>
    <trkpt lat="43.823740000000001" lon="11.331369000000000">
    </trkpt>
    <trkpt lat="43.823715000000000" lon="11.331242000000000">
    </trkpt>
    <trkpt lat="43.823678999999998" lon="11.331189999999999">
    </trkpt>
    <trkpt lat="43.823632000000003" lon="11.331187000000000">
    </trkpt>
    <trkpt lat="43.823602000000001" lon="11.331201999999999">
    </trkpt>
    <trkpt lat="43.823574000000001" lon="11.331257000000001">
    </trkpt>
    <trkpt lat="43.823535000000000" lon="11.331346000000000">
    </trkpt>
    <trkpt lat="43.823498999999998" lon="11.331485000000001">
    </trkpt>
    <trkpt lat="43.823419000000001" lon="11.331541000000000">
    </trkpt>
    <trkpt lat="43.823357000000001" lon="11.331481999999999">
    </trkpt>
    <trkpt lat="43.823293999999997" lon="11.331410000000000">
    </trkpt>
    <trkpt lat="43.823236000000001" lon="11.331367999999999">
    </trkpt>
    <trkpt lat="43.823076999999998" lon="11.331277999999999">
    </trkpt>
    <trkpt lat="43.823013000000003" lon="11.331246999999999">
    </trkpt>
    <trkpt lat="43.822940000000003" lon="11.331219000000001">
    </trkpt>
    <trkpt lat="43.822854000000000" lon="11.331180000000000">
    </trkpt>
    <trkpt lat="43.822544000000001" lon="11.331039000000001">
    </trkpt>
    <trkpt lat="43.822389999999999" lon="11.330950000000000">
    </trkpt>
    <trkpt lat="43.822316999999998" lon="11.330854000000000">
    </trkpt>
    <trkpt lat="43.822259000000003" lon="11.330753000000000">
    </trkpt>
    <trkpt lat="43.822192999999999" lon="11.330685000000001">
    </trkpt>
    <trkpt lat="43.822023000000002" lon="11.330603999999999">
    </trkpt>
    <trkpt lat="43.821933999999999" lon="11.330563000000000">
    </trkpt>
    <trkpt lat="43.821840000000002" lon="11.330460000000000">
    </trkpt>
    <trkpt lat="43.821767999999999" lon="11.330375000000000">
    </trkpt>
    <trkpt lat="43.821624999999997" lon="11.330202000000000">
    </trkpt>
    <trkpt lat="43.821500999999998" lon="11.330094000000001">
    </trkpt>
    <trkpt lat="43.821331999999998" lon="11.330088000000000">
    </trkpt>
    <trkpt lat="43.821263000000002" lon="11.330086000000000">
    </trkpt>
    <trkpt lat="43.820881000000000" lon="11.329955000000000">
    </trkpt>
    <trkpt lat="43.820756000000003" lon="11.329884000000000">
    </trkpt>
    <trkpt lat="43.820672000000002" lon="11.329801000000000">
    </trkpt>
    <trkpt lat="43.820621000000003" lon="11.329706000000000">
    </trkpt>
    <trkpt lat="43.820538999999997" lon="11.329473000000000">
    </trkpt>
    <trkpt lat="43.820498000000001" lon="11.329390999999999">
    </trkpt>
    <trkpt lat="43.820456999999998" lon="11.329290000000000">
    </trkpt>
    <trkpt lat="43.820444999999999" lon="11.329250000000000">
    </trkpt>
    <trkpt lat="43.820321999999997" lon="11.328830999999999">
    </trkpt>
    <trkpt lat="43.820276000000000" lon="11.328678000000000">
    </trkpt>
    <trkpt lat="43.820222000000001" lon="11.328491000000000">
    </trkpt>
    <trkpt lat="43.819929000000002" lon="11.327621000000001">
    </trkpt>
    <trkpt lat="43.819817000000000" lon="11.327360000000001">
    </trkpt>
    <trkpt lat="43.819540000000003" lon="11.327192999999999">
    </trkpt>
    <trkpt lat="43.819392000000001" lon="11.327133999999999">
    </trkpt>
    <trkpt lat="43.819276000000002" lon="11.327082000000001">
    </trkpt>
    <trkpt lat="43.819206999999999" lon="11.327057999999999">
    </trkpt>
    <trkpt lat="43.819172999999999" lon="11.327011000000001">
    </trkpt>
    <trkpt lat="43.818629000000001" lon="11.325988000000001">
    </trkpt>
    <trkpt lat="43.818562000000000" lon="11.325609999999999">
    </trkpt>
    <trkpt lat="43.818083999999999" lon="11.324564000000001">
    </trkpt>
    <trkpt lat="43.817126999999999" lon="11.322964000000001">
    </trkpt>
    <trkpt lat="43.816977999999999" lon="11.322433999999999">
    </trkpt>
    <trkpt lat="43.816893999999998" lon="11.322322000000000">
    </trkpt>
    <trkpt lat="43.816271999999998" lon="11.321640000000000">
    </trkpt>
    <trkpt lat="43.816192000000001" lon="11.321509000000001">
    </trkpt>
    <trkpt lat="43.815710000000003" lon="11.320544000000000">
    </trkpt>
    <trkpt lat="43.815424000000000" lon="11.320316999999999">
    </trkpt>
    <trkpt lat="43.815299000000003" lon="11.320209999999999">
    </trkpt>
    <trkpt lat="43.815128999999999" lon="11.320176999999999">
    </trkpt>
    <trkpt lat="43.814832000000003" lon="11.320125000000001">
    </trkpt>
    <trkpt lat="43.814746999999997" lon="11.320090000000000">
    </trkpt>
    <trkpt lat="43.814467999999998" lon="11.319730000000000">
    </trkpt>
    <trkpt lat="43.813445000000002" lon="11.319165999999999">
    </trkpt>
    <trkpt lat="43.813383000000002" lon="11.319087000000000">
    </trkpt>
    <trkpt lat="43.813344000000001" lon="11.318962000000001">
    </trkpt>
    <trkpt lat="43.813302000000000" lon="11.318693000000000">
    </trkpt>
    <trkpt lat="43.813245000000002" lon="11.317981000000000">
    </trkpt>
    <trkpt lat="43.813127000000001" lon="11.317591000000000">
    </trkpt>
    <trkpt lat="43.812989999999999" lon="11.317370000000000">
    </trkpt>
    <trkpt lat="43.812621000000000" lon="11.317031999999999">
    </trkpt>
    <trkpt lat="43.811968999999998" lon="11.316687999999999">
    </trkpt>
    <trkpt lat="43.811897000000002" lon="11.316566999999999">
    </trkpt>
    <trkpt lat="43.811762000000002" lon="11.316238000000000">
    </trkpt>
    <trkpt lat="43.811602999999998" lon="11.316006000000000">
    </trkpt>
    <trkpt lat="43.811419000000001" lon="11.315706000000000">
    </trkpt>
    <trkpt lat="43.811335000000000" lon="11.315636000000000">
    </trkpt>
    <trkpt lat="43.810498000000003" lon="11.315249000000000">
    </trkpt>
    <trkpt lat="43.810395999999997" lon="11.315151999999999">
    </trkpt>
    <trkpt lat="43.810257999999997" lon="11.314895000000000">
    </trkpt>
    <trkpt lat="43.810079000000002" lon="11.314665000000000">
    </trkpt>
    <trkpt lat="43.809725000000000" lon="11.314182000000001">
    </trkpt>
    <trkpt lat="43.809095999999997" lon="11.313435000000000">
    </trkpt>
    <trkpt lat="43.808895000000000" lon="11.313183000000000">
    </trkpt>
    <trkpt lat="43.808849000000002" lon="11.313048000000000">
    </trkpt>
    <trkpt lat="43.808509000000001" lon="11.311267000000001">
    </trkpt>
    <trkpt lat="43.808439999999997" lon="11.311002000000000">
    </trkpt>
    <trkpt lat="43.808287000000000" lon="11.310646999999999">
    </trkpt>
    <trkpt lat="43.807960999999999" lon="11.310012000000000">
    </trkpt>
    <trkpt lat="43.807946999999999" lon="11.309991000000000">
    </trkpt>
    <trkpt lat="43.807890999999998" lon="11.309830000000000">
    </trkpt>
    <trkpt lat="43.807861000000003" lon="11.309642999999999">
    </trkpt>
    <trkpt lat="43.807842999999998" lon="11.309051999999999">
    </trkpt>
    <trkpt lat="43.807828999999998" lon="11.308840000000000">
    </trkpt>
    <trkpt lat="43.807851999999997" lon="11.308410000000000">
    </trkpt>
    <trkpt lat="43.807895000000002" lon="11.307969000000000">
    </trkpt>
    <trkpt lat="43.807997000000000" lon="11.307150999999999">
    </trkpt>
    <trkpt lat="43.808067999999999" lon="11.306737000000000">
    </trkpt>
    <trkpt lat="43.808166999999997" lon="11.306443000000000">
    </trkpt>
    <trkpt lat="43.808293999999997" lon="11.306093000000001">
    </trkpt>
    <trkpt lat="43.808359000000003" lon="11.305828999999999">
    </trkpt>
    <trkpt lat="43.808362000000002" lon="11.305633000000000">
    </trkpt>
    <trkpt lat="43.808335000000000" lon="11.305339000000000">
    </trkpt>
    <trkpt lat="43.808304000000000" lon="11.305189000000000">
    </trkpt>
    <trkpt lat="43.808245999999997" lon="11.304406000000000">
    </trkpt>
    <trkpt lat="43.808318000000000" lon="11.303231000000000">
    </trkpt>
    <trkpt lat="43.808312999999998" lon="11.303103000000000">
    </trkpt>
    <trkpt lat="43.808258000000002" lon="11.302868999999999">
    </trkpt>
    <trkpt lat="43.808168999999999" lon="11.302695999999999">
    </trkpt>
    <trkpt lat="43.808103000000003" lon="11.302622000000000">
    </trkpt>
    <trkpt lat="43.807875000000003" lon="11.302484000000000">
    </trkpt>
    <trkpt lat="43.807594000000002" lon="11.302212000000001">
    </trkpt>
    <trkpt lat="43.807324000000001" lon="11.301944000000001">
    </trkpt>
    <trkpt lat="43.807335999999999" lon="11.301924000000000">
    </trkpt>
    <trkpt lat="43.806877000000000" lon="11.301952000000000">
    </trkpt>
    <trkpt lat="43.806519999999999" lon="11.301892000000000">
    </trkpt>
    <trkpt lat="43.806144000000003" lon="11.301677000000000">
    </trkpt>
    <trkpt lat="43.805968999999997" lon="11.301485000000000">
    </trkpt>
    <trkpt lat="43.805940999999997" lon="11.301777000000000">
    </trkpt>
    <trkpt lat="43.805759000000002" lon="11.302466000000001">
    </trkpt>
    <trkpt lat="43.805594999999997" lon="11.303402000000000">
    </trkpt>
    <trkpt lat="43.805495000000001" lon="11.303922999999999">
    </trkpt>
    <trkpt lat="43.805185999999999" lon="11.304251000000001">
    </trkpt>
    <trkpt lat="43.805022000000001" lon="11.304615999999999">
    </trkpt>
    <trkpt lat="43.805014999999997" lon="11.304955000000000">
    </trkpt>
    <trkpt lat="43.805045000000000" lon="11.305111000000000">
    </trkpt>
    <trkpt lat="43.804569999999998" lon="11.305402000000001">
    </trkpt>
    <trkpt lat="43.804527999999998" lon="11.305816999999999">
    </trkpt>
    <trkpt lat="43.804309000000003" lon="11.306118000000000">
    </trkpt>
    <trkpt lat="43.804212999999997" lon="11.306438000000000">
    </trkpt>
    <trkpt lat="43.804129000000003" lon="11.306713000000000">
    </trkpt>
    <trkpt lat="43.804060000000000" lon="11.306819000000001">
    </trkpt>
    <trkpt lat="43.803936999999998" lon="11.306813999999999">
    </trkpt>
    <trkpt lat="43.803826999999998" lon="11.306702000000000">
    </trkpt>
    <trkpt lat="43.803741000000002" lon="11.306528000000000">
    </trkpt>
    <trkpt lat="43.803711999999997" lon="11.306326000000000">
    </trkpt>
    <trkpt lat="43.803651000000002" lon="11.306015000000000">
    </trkpt>
    <trkpt lat="43.803553999999998" lon="11.305826000000000">
    </trkpt>
    <trkpt lat="43.803483999999997" lon="11.305947000000000">
    </trkpt>
    <trkpt lat="43.803480999999998" lon="11.306132000000000">
    </trkpt>
    <trkpt lat="43.803477999999998" lon="11.306255999999999">
    </trkpt>
    <trkpt lat="43.803387000000001" lon="11.306360000000000">
    </trkpt>
    <trkpt lat="43.803204999999998" lon="11.306476999999999">
    </trkpt>
    <trkpt lat="43.803170999999999" lon="11.306537000000001">
    </trkpt>
    <trkpt lat="43.802760999999997" lon="11.306305000000000">
    </trkpt>
    <trkpt lat="43.802574000000000" lon="11.306175000000000">
    </trkpt>
    <trkpt lat="43.802230000000002" lon="11.305451000000000">
    </trkpt>
    <trkpt lat="43.801943999999999" lon="11.305223000000000">
    </trkpt>
    <trkpt lat="43.801645000000001" lon="11.305042000000000">
    </trkpt>
    <trkpt lat="43.801330999999998" lon="11.304565999999999">
    </trkpt>
    <trkpt lat="43.801222000000003" lon="11.304377000000001">
    </trkpt>
    <trkpt lat="43.801012000000000" lon="11.304290999999999">
    </trkpt>
    <trkpt lat="43.801138999999999" lon="11.304652000000001">
    </trkpt>
    <trkpt lat="43.801091000000000" lon="11.304804000000001">
    </trkpt>
    <trkpt lat="43.800980000000003" lon="11.304754000000001">
    </trkpt>
    <trkpt lat="43.800835999999997" lon="11.304656000000000">
    </trkpt>
    <trkpt lat="43.800714999999997" lon="11.304558000000000">
    </trkpt>
    <trkpt lat="43.800569000000003" lon="11.304599000000000">
    </trkpt>
    <trkpt lat="43.800542999999998" lon="11.304767999999999">
    </trkpt>
    <trkpt lat="43.800660000000001" lon="11.305080999999999">
    </trkpt>
    <trkpt lat="43.800818000000000" lon="11.305550999999999">
    </trkpt>
    <trkpt lat="43.800871000000001" lon="11.305723000000000">
    </trkpt>
    <trkpt lat="43.800812999999998" lon="11.305797999999999">
    </trkpt>
    <trkpt lat="43.800679000000002" lon="11.305777000000001">
    </trkpt>
    <trkpt lat="43.800755000000002" lon="11.305918999999999">
    </trkpt>
    <trkpt lat="43.800798000000000" lon="11.306013000000000">
    </trkpt>
    <trkpt lat="43.800947000000001" lon="11.306359000000000">
    </trkpt>
    <trkpt lat="43.800967000000000" lon="11.306514000000000">
    </trkpt>
    <trkpt lat="43.800896999999999" lon="11.306620000000001">
    </trkpt>
    <trkpt lat="43.800742999999997" lon="11.306490000000000">
    </trkpt>
    <trkpt lat="43.800533000000001" lon="11.306374000000000">
    </trkpt>
    <trkpt lat="43.800150000000002" lon="11.305973000000000">
    </trkpt>
    <trkpt lat="43.800038000000001" lon="11.305984000000000">
    </trkpt>
    <trkpt lat="43.799981000000002" lon="11.306028000000000">
    </trkpt>
    <trkpt lat="43.799999999999997" lon="11.306168000000000">
    </trkpt>
    <trkpt lat="43.800054000000003" lon="11.306278000000001">
    </trkpt>
    <trkpt lat="43.800147000000003" lon="11.306668000000000">
    </trkpt>
    <trkpt lat="43.800210000000000" lon="11.306887000000000">
    </trkpt>
    <trkpt lat="43.800159000000001" lon="11.307178000000000">
    </trkpt>
    <trkpt lat="43.800229999999999" lon="11.307506000000000">
    </trkpt>
    <trkpt lat="43.800317000000000" lon="11.307679000000000">
    </trkpt>
    <trkpt lat="43.800404000000000" lon="11.307759000000001">
    </trkpt>
    <trkpt lat="43.800559000000000" lon="11.307858000000000">
    </trkpt>
    <trkpt lat="43.800769000000003" lon="11.308005000000000">
    </trkpt>
    <trkpt lat="43.800989000000001" lon="11.308168000000000">
    </trkpt>
    <trkpt lat="43.801053000000003" lon="11.308325000000000">
    </trkpt>
    <trkpt lat="43.801048999999999" lon="11.308557000000000">
    </trkpt>
    <trkpt lat="43.801012000000000" lon="11.308725000000001">
    </trkpt>
    <trkpt lat="43.801020000000001" lon="11.308864000000000">
    </trkpt>
    <trkpt lat="43.801085000000000" lon="11.308944000000000">
    </trkpt>
    <trkpt lat="43.801229999999997" lon="11.308980999999999">
    </trkpt>
    <trkpt lat="43.801437999999997" lon="11.309189999999999">
    </trkpt>
    <trkpt lat="43.801509000000003" lon="11.309563000000001">
    </trkpt>
    <trkpt lat="43.801564999999997" lon="11.310152000000000">
    </trkpt>
    <trkpt lat="43.801530000000000" lon="11.310738000000001">
    </trkpt>
    <trkpt lat="43.801462000000001" lon="11.310813000000000">
    </trkpt>
    <trkpt lat="43.801285999999998" lon="11.310651000000000">
    </trkpt>
    <trkpt lat="43.801099999999998" lon="11.310428000000000">
    </trkpt>
    <trkpt lat="43.800801000000000" lon="11.310262000000000">
    </trkpt>
    <trkpt lat="43.800524000000003" lon="11.310128000000001">
    </trkpt>
    <trkpt lat="43.800258999999997" lon="11.309948000000000">
    </trkpt>
    <trkpt lat="43.799985999999997" lon="11.309659000000000">
    </trkpt>
    <trkpt lat="43.799833999999997" lon="11.309421000000000">
    </trkpt>
    <trkpt lat="43.799537000000001" lon="11.309177999999999">
    </trkpt>
    <trkpt lat="43.799247000000001" lon="11.308579999999999">
    </trkpt>
    <trkpt lat="43.799160999999998" lon="11.308407000000001">
    </trkpt>
    <trkpt lat="43.798994000000000" lon="11.308323000000000">
    </trkpt>
    <trkpt lat="43.798639000000001" lon="11.308201000000000">
    </trkpt>
    <trkpt lat="43.798229999999997" lon="11.307954000000001">
    </trkpt>
    <trkpt lat="43.798034999999999" lon="11.307637000000000">
    </trkpt>
    <trkpt lat="43.797758000000002" lon="11.307487999999999">
    </trkpt>
    <trkpt lat="43.797410999999997" lon="11.307505000000001">
    </trkpt>
    <trkpt lat="43.797097000000001" lon="11.307509000000000">
    </trkpt>
    <trkpt lat="43.796807000000001" lon="11.307466000000000">
    </trkpt>
    <trkpt lat="43.796638000000002" lon="11.307522000000001">
    </trkpt>
    <trkpt lat="43.796162000000002" lon="11.307287000000001">
    </trkpt>
    <trkpt lat="43.795690999999998" lon="11.306775000000000">
    </trkpt>
    <trkpt lat="43.795214999999999" lon="11.306556000000000">
    </trkpt>
    <trkpt lat="43.794981999999997" lon="11.306454000000000">
    </trkpt>
    <trkpt lat="43.794800000000002" lon="11.306061000000000">
    </trkpt>
    <trkpt lat="43.794617000000002" lon="11.305652000000000">
    </trkpt>
    <trkpt lat="43.794356000000001" lon="11.305318000000000">
    </trkpt>
    <trkpt lat="43.794117000000000" lon="11.304382000000000">
    </trkpt>
    <trkpt lat="43.794060000000002" lon="11.303884999999999">
    </trkpt>
    <trkpt lat="43.794761000000001" lon="11.303511000000000">
    </trkpt>
    <trkpt lat="43.795045000000002" lon="11.302780000000000">
    </trkpt>
    <trkpt lat="43.795259999999999" lon="11.302078000000000">
    </trkpt>
    <trkpt lat="43.795762000000003" lon="11.301634000000000">
    </trkpt>
    <trkpt lat="43.795546999999999" lon="11.301193000000000">
    </trkpt>
    <trkpt lat="43.795152000000002" lon="11.300776000000001">
    </trkpt>
    <trkpt lat="43.794888000000000" lon="11.300580000000000">
    </trkpt>
    <trkpt lat="43.794798999999998" lon="11.300546000000001">
    </trkpt>
    <trkpt lat="43.794803000000002" lon="11.300330000000001">
    </trkpt>
    <trkpt lat="43.794849999999997" lon="11.300238999999999">
    </trkpt>
    <trkpt lat="43.794941000000001" lon="11.300150000000000">
    </trkpt>
    <trkpt lat="43.794857999999998" lon="11.299837999999999">
    </trkpt>
    <trkpt lat="43.794614000000003" lon="11.299735999999999">
    </trkpt>
    <trkpt lat="43.794305999999999" lon="11.299446000000000">
    </trkpt>
    <trkpt lat="43.794092999999997" lon="11.298943000000000">
    </trkpt>
    <trkpt lat="43.794106999999997" lon="11.298233000000000">
    </trkpt>
    <trkpt lat="43.794167999999999" lon="11.297402000000000">
    </trkpt>
    <trkpt lat="43.794274000000001" lon="11.296602999999999">
    </trkpt>
    <trkpt lat="43.794224000000000" lon="11.295767000000000">
    </trkpt>
    <trkpt lat="43.794226000000002" lon="11.295643000000000">
    </trkpt>
    <trkpt lat="43.795043999999997" lon="11.295026000000000">
    </trkpt>
    <trkpt lat="43.794634000000002" lon="11.294299000000001">
    </trkpt>
    <trkpt lat="43.794707000000002" lon="11.293962000000001">
    </trkpt>
    <trkpt lat="43.794406000000002" lon="11.293364000000000">
    </trkpt>
    <trkpt lat="43.794252999999998" lon="11.293203999999999">
    </trkpt>
    <trkpt lat="43.794190999999998" lon="11.292923000000000">
    </trkpt>
    <trkpt lat="43.793990999999998" lon="11.292884000000001">
    </trkpt>
    <trkpt lat="43.793874000000002" lon="11.293096000000000">
    </trkpt>
    <trkpt lat="43.793275999999999" lon="11.292826000000000">
    </trkpt>
    <trkpt lat="43.792901000000001" lon="11.292565000000000">
    </trkpt>
    <trkpt lat="43.792226999999997" lon="11.292662999999999">
    </trkpt>
    <trkpt lat="43.791711999999997" lon="11.292674000000000">
    </trkpt>
    <trkpt lat="43.791556000000000" lon="11.292636999999999">
    </trkpt>
    <trkpt lat="43.791381000000001" lon="11.292445000000001">
    </trkpt>
    <trkpt lat="43.791249999999998" lon="11.292285000000000">
    </trkpt>
    <trkpt lat="43.791094000000001" lon="11.292248000000001">
    </trkpt>
    <trkpt lat="43.790390000000002" lon="11.292778000000000">
    </trkpt>
    <trkpt lat="43.790362000000002" lon="11.293024000000001">
    </trkpt>
    <trkpt lat="43.789973000000003" lon="11.293472000000000">
    </trkpt>
    <trkpt lat="43.789808000000001" lon="11.293898000000000">
    </trkpt>
    <trkpt lat="43.789406000000000" lon="11.293851999999999">
    </trkpt>
    <trkpt lat="43.789338000000001" lon="11.293880000000000">
    </trkpt>
    <trkpt lat="43.789245999999999" lon="11.294000000000000">
    </trkpt>
    <trkpt lat="43.788573000000000" lon="11.294098000000000">
    </trkpt>
    <trkpt lat="43.788308000000001" lon="11.293934000000000">
    </trkpt>
    <trkpt lat="43.787948999999998" lon="11.293951000000000">
    </trkpt>
    <trkpt lat="43.787187000000003" lon="11.294014000000001">
    </trkpt>
    <trkpt lat="43.786915999999998" lon="11.294157999999999">
    </trkpt>
    <trkpt lat="43.785409999999999" lon="11.294502000000000">
    </trkpt>
  </trkseg>
</trk>
</gpx>
