<?xml version='1.0' encoding='UTF-8'?>
<gpx xmlns="http://www.topografix.com/GPX/1/1" creator="gpx.studio" version="1.1">
  <metadata>
    <name>Milonia</name>
  </metadata>
  <trk>
    <name>Milonia</name>
    <trkseg>
      <trkpt lat="41.997605" lon="13.728774">
        <ele>992.09</ele>
      </trkpt>
      <trkpt lat="41.997679" lon="13.728967">
        <ele>989.09</ele>
      </trkpt>
      <trkpt lat="41.997821" lon="13.729174">
        <ele>988.51</ele>
      </trkpt>
      <trkpt lat="41.997962" lon="13.729316">
        <ele>989.45</ele>
      </trkpt>
      <trkpt lat="41.998051" lon="13.729077">
        <ele>991.39</ele>
      </trkpt>
      <trkpt lat="41.998088" lon="13.728939">
        <ele>990.34</ele>
      </trkpt>
      <trkpt lat="41.998133" lon="13.728871">
        <ele>988.41</ele>
      </trkpt>
      <trkpt lat="41.998339" lon="13.728659">
        <ele>977.31</ele>
      </trkpt>
      <trkpt lat="41.99841" lon="13.728618">
        <ele>974.69</ele>
      </trkpt>
      <trkpt lat="41.998475" lon="13.728581">
        <ele>972.29</ele>
      </trkpt>
      <trkpt lat="41.998762" lon="13.72824">
        <ele>963.76</ele>
      </trkpt>
      <trkpt lat="41.998928" lon="13.728007">
        <ele>960.61</ele>
      </trkpt>
      <trkpt lat="41.999014" lon="13.727827">
        <ele>959.92</ele>
      </trkpt>
      <trkpt lat="41.999101" lon="13.727668">
        <ele>959.44</ele>
      </trkpt>
      <trkpt lat="41.999409" lon="13.727341">
        <ele>951.72</ele>
      </trkpt>
      <trkpt lat="41.999743" lon="13.72709">
        <ele>948.45</ele>
      </trkpt>
      <trkpt lat="42.000274" lon="13.726384">
        <ele>941.73</ele>
      </trkpt>
      <trkpt lat="42.000471" lon="13.726168">
        <ele>937.33</ele>
      </trkpt>
      <trkpt lat="42.000681" lon="13.725903">
        <ele>932.57</ele>
      </trkpt>
      <trkpt lat="42.000848" lon="13.725628">
        <ele>930.24</ele>
      </trkpt>
      <trkpt lat="42.000946" lon="13.725604">
        <ele>926.67</ele>
      </trkpt>
      <trkpt lat="42.001057" lon="13.725795">
        <ele>920.1</ele>
      </trkpt>
      <trkpt lat="42.001181" lon="13.726127">
        <ele>910.41</ele>
      </trkpt>
      <trkpt lat="42.001243" lon="13.726177">
        <ele>907.41</ele>
      </trkpt>
      <trkpt lat="42.001514" lon="13.726135">
        <ele>899.16</ele>
      </trkpt>
      <trkpt lat="42.001909" lon="13.726143">
        <ele>893.21</ele>
      </trkpt>
      <trkpt lat="42.002156" lon="13.726235">
        <ele>891.89</ele>
      </trkpt>
      <trkpt lat="42.002411" lon="13.726129">
        <ele>889.97</ele>
      </trkpt>
      <trkpt lat="42.002542" lon="13.726129">
        <ele>889.7</ele>
      </trkpt>
      <trkpt lat="42.002696" lon="13.725984">
        <ele>889.1</ele>
      </trkpt>
      <trkpt lat="42.002889" lon="13.725361">
        <ele>892.53</ele>
      </trkpt>
      <trkpt lat="42.003113" lon="13.72479">
        <ele>893.63</ele>
      </trkpt>
      <trkpt lat="42.003468" lon="13.724364">
        <ele>899.24</ele>
      </trkpt>
      <trkpt lat="42.003529" lon="13.723959">
        <ele>895.72</ele>
      </trkpt>
      <trkpt lat="42.003583" lon="13.723762">
        <ele>895.1</ele>
      </trkpt>
      <trkpt lat="42.003668" lon="13.723606">
        <ele>894.39</ele>
      </trkpt>
      <trkpt lat="42.003911" lon="13.723341">
        <ele>894.18</ele>
      </trkpt>
      <trkpt lat="42.004278" lon="13.722942">
        <ele>891.13</ele>
      </trkpt>
      <trkpt lat="42.004393" lon="13.722682">
        <ele>889.38</ele>
      </trkpt>
      <trkpt lat="42.004586" lon="13.722651">
        <ele>890.04</ele>
      </trkpt>
      <trkpt lat="42.00474" lon="13.722443">
        <ele>889.83</ele>
      </trkpt>
      <trkpt lat="42.004887" lon="13.722277">
        <ele>888.86</ele>
      </trkpt>
      <trkpt lat="42.005003" lon="13.722236">
        <ele>888.47</ele>
      </trkpt>
      <trkpt lat="42.005311" lon="13.721831">
        <ele>885.18</ele>
      </trkpt>
      <trkpt lat="42.005481" lon="13.721571">
        <ele>883.49</ele>
      </trkpt>
      <trkpt lat="42.006445" lon="13.720813">
        <ele>877.68</ele>
      </trkpt>
      <trkpt lat="42.0068" lon="13.720481">
        <ele>876.65</ele>
      </trkpt>
      <trkpt lat="42.007178" lon="13.720014">
        <ele>876.89</ele>
      </trkpt>
      <trkpt lat="42.007649" lon="13.719381">
        <ele>874.98</ele>
      </trkpt>
      <trkpt lat="42.008035" lon="13.71882">
        <ele>869.66</ele>
      </trkpt>
      <trkpt lat="42.008311" lon="13.718308">
        <ele>859.74</ele>
      </trkpt>
      <trkpt lat="42.008578" lon="13.718031">
        <ele>856.15</ele>
      </trkpt>
      <trkpt lat="42.008707" lon="13.717823">
        <ele>858.17</ele>
      </trkpt>
      <trkpt lat="42.008948" lon="13.717541">
        <ele>858.75</ele>
      </trkpt>
      <trkpt lat="42.00918" lon="13.717394">
        <ele>858.86</ele>
      </trkpt>
      <trkpt lat="42.009645" lon="13.717101">
        <ele>863.1</ele>
      </trkpt>
      <trkpt lat="42.010355" lon="13.716519">
        <ele>868.86</ele>
      </trkpt>
      <trkpt lat="42.010849" lon="13.716153">
        <ele>874.33</ele>
      </trkpt>
      <trkpt lat="42.011054" lon="13.715959">
        <ele>877.44</ele>
      </trkpt>
      <trkpt lat="42.011253" lon="13.715618">
        <ele>881</ele>
      </trkpt>
      <trkpt lat="42.011379" lon="13.71551">
        <ele>882.98</ele>
      </trkpt>
      <trkpt lat="42.011191" lon="13.715058">
        <ele>881.02</ele>
      </trkpt>
      <trkpt lat="42.011114" lon="13.71472">
        <ele>879.91</ele>
      </trkpt>
      <trkpt lat="42.011102" lon="13.714402">
        <ele>879.82</ele>
      </trkpt>
      <trkpt lat="42.011096" lon="13.714389">
        <ele>879.71</ele>
      </trkpt>
      <trkpt lat="42.011102" lon="13.714402">
        <ele>879.82</ele>
      </trkpt>
      <trkpt lat="42.011136" lon="13.714094">
        <ele>879.43</ele>
      </trkpt>
      <trkpt lat="42.011154" lon="13.713701">
        <ele>878.23</ele>
      </trkpt>
      <trkpt lat="42.011114" lon="13.713522">
        <ele>876.94</ele>
      </trkpt>
      <trkpt lat="42.011073" lon="13.713278">
        <ele>876.59</ele>
      </trkpt>
      <trkpt lat="42.011062" lon="13.713277">
        <ele>876.5</ele>
      </trkpt>
      <trkpt lat="42.011147" lon="13.7134">
        <ele>878.9</ele>
        <time>2025-10-12T07:34:59Z</time>
      </trkpt>
      <trkpt lat="42.011166" lon="13.713323">
        <ele>883.5</ele>
        <time>2025-10-12T07:35:01Z</time>
      </trkpt>
      <trkpt lat="42.011119" lon="13.71328">
        <ele>882.4</ele>
        <time>2025-10-12T07:35:09Z</time>
      </trkpt>
      <trkpt lat="42.011146" lon="13.713206">
        <ele>876</ele>
        <time>2025-10-12T07:35:12Z</time>
      </trkpt>
      <trkpt lat="42.011178" lon="13.713132">
        <ele>863</ele>
        <time>2025-10-12T07:35:16Z</time>
      </trkpt>
      <trkpt lat="42.011174" lon="13.713072">
        <ele>863</ele>
        <time>2025-10-12T07:35:18Z</time>
      </trkpt>
      <trkpt lat="42.011217" lon="13.713022">
        <ele>864.4</ele>
        <time>2025-10-12T07:35:21Z</time>
      </trkpt>
      <trkpt lat="42.011269" lon="13.712993">
        <ele>867</ele>
        <time>2025-10-12T07:35:24Z</time>
      </trkpt>
      <trkpt lat="42.011312" lon="13.712949">
        <ele>870.5</ele>
        <time>2025-10-12T07:35:28Z</time>
      </trkpt>
      <trkpt lat="42.011354" lon="13.712915">
        <ele>873.5</ele>
        <time>2025-10-12T07:35:30Z</time>
      </trkpt>
      <trkpt lat="42.011416" lon="13.71287">
        <ele>874</ele>
        <time>2025-10-12T07:35:32Z</time>
      </trkpt>
      <trkpt lat="42.011482" lon="13.712839">
        <ele>875</ele>
        <time>2025-10-12T07:35:34Z</time>
      </trkpt>
      <trkpt lat="42.011545" lon="13.712834">
        <ele>874.9</ele>
        <time>2025-10-12T07:35:36Z</time>
      </trkpt>
      <trkpt lat="42.011614" lon="13.712824">
        <ele>875</ele>
        <time>2025-10-12T07:35:38Z</time>
      </trkpt>
      <trkpt lat="42.011666" lon="13.712833">
        <ele>874.9</ele>
        <time>2025-10-12T07:35:40Z</time>
      </trkpt>
      <trkpt lat="42.01173" lon="13.712818">
        <ele>875</ele>
        <time>2025-10-12T07:35:42Z</time>
      </trkpt>
      <trkpt lat="42.011787" lon="13.712769">
        <ele>873.9</ele>
        <time>2025-10-12T07:35:44Z</time>
      </trkpt>
      <trkpt lat="42.011837" lon="13.7127">
        <ele>873.5</ele>
        <time>2025-10-12T07:35:46Z</time>
      </trkpt>
      <trkpt lat="42.011901" lon="13.712632">
        <ele>873</ele>
        <time>2025-10-12T07:35:48Z</time>
      </trkpt>
      <trkpt lat="42.011939" lon="13.712595">
        <ele>872.9</ele>
        <time>2025-10-12T07:35:49Z</time>
      </trkpt>
      <trkpt lat="42.012008" lon="13.712526">
        <ele>873</ele>
        <time>2025-10-12T07:35:51Z</time>
      </trkpt>
      <trkpt lat="42.01207" lon="13.712471">
        <ele>873</ele>
        <time>2025-10-12T07:35:53Z</time>
      </trkpt>
      <trkpt lat="42.012109" lon="13.712433">
        <ele>873</ele>
        <time>2025-10-12T07:35:54Z</time>
      </trkpt>
      <trkpt lat="42.012144" lon="13.712393">
        <ele>873</ele>
        <time>2025-10-12T07:35:55Z</time>
      </trkpt>
      <trkpt lat="42.012226" lon="13.712348">
        <ele>871.9</ele>
        <time>2025-10-12T07:35:57Z</time>
      </trkpt>
      <trkpt lat="42.012273" lon="13.712325">
        <ele>871</ele>
        <time>2025-10-12T07:35:58Z</time>
      </trkpt>
      <trkpt lat="42.012352" lon="13.712308">
        <ele>870</ele>
        <time>2025-10-12T07:36:00Z</time>
      </trkpt>
      <trkpt lat="42.012434" lon="13.712286">
        <ele>870</ele>
        <time>2025-10-12T07:36:02Z</time>
      </trkpt>
      <trkpt lat="42.012496" lon="13.712239">
        <ele>869.9</ele>
        <time>2025-10-12T07:36:04Z</time>
      </trkpt>
      <trkpt lat="42.012564" lon="13.712183">
        <ele>869.9</ele>
        <time>2025-10-12T07:36:06Z</time>
      </trkpt>
      <trkpt lat="42.012635" lon="13.712121">
        <ele>870</ele>
        <time>2025-10-12T07:36:08Z</time>
      </trkpt>
      <trkpt lat="42.012696" lon="13.712055">
        <ele>869.9</ele>
        <time>2025-10-12T07:36:10Z</time>
      </trkpt>
      <trkpt lat="42.01275" lon="13.711988">
        <ele>870</ele>
        <time>2025-10-12T07:36:12Z</time>
      </trkpt>
      <trkpt lat="42.012787" lon="13.711919">
        <ele>870.5</ele>
        <time>2025-10-12T07:36:14Z</time>
      </trkpt>
      <trkpt lat="42.01283" lon="13.711842">
        <ele>869.9</ele>
        <time>2025-10-12T07:36:16Z</time>
      </trkpt>
      <trkpt lat="42.012878" lon="13.71177">
        <ele>869.9</ele>
        <time>2025-10-12T07:36:18Z</time>
      </trkpt>
      <trkpt lat="42.012927" lon="13.711718">
        <ele>870</ele>
        <time>2025-10-12T07:36:20Z</time>
      </trkpt>
      <trkpt lat="42.012974" lon="13.711682">
        <ele>869.9</ele>
        <time>2025-10-12T07:36:22Z</time>
      </trkpt>
      <trkpt lat="42.013024" lon="13.711643">
        <ele>869.9</ele>
        <time>2025-10-12T07:36:24Z</time>
      </trkpt>
      <trkpt lat="42.013071" lon="13.711611">
        <ele>869.9</ele>
        <time>2025-10-12T07:36:26Z</time>
      </trkpt>
      <trkpt lat="42.013115" lon="13.71157">
        <ele>869.9</ele>
        <time>2025-10-12T07:36:28Z</time>
      </trkpt>
      <trkpt lat="42.013166" lon="13.711515">
        <ele>870</ele>
        <time>2025-10-12T07:36:30Z</time>
      </trkpt>
      <trkpt lat="42.013225" lon="13.711454">
        <ele>868.9</ele>
        <time>2025-10-12T07:36:32Z</time>
      </trkpt>
      <trkpt lat="42.013283" lon="13.711386">
        <ele>867.9</ele>
        <time>2025-10-12T07:36:34Z</time>
      </trkpt>
      <trkpt lat="42.013336" lon="13.711326">
        <ele>867.9</ele>
        <time>2025-10-12T07:36:36Z</time>
      </trkpt>
      <trkpt lat="42.013381" lon="13.711266">
        <ele>868</ele>
        <time>2025-10-12T07:36:38Z</time>
      </trkpt>
      <trkpt lat="42.01341" lon="13.711204">
        <ele>867.9</ele>
        <time>2025-10-12T07:36:40Z</time>
      </trkpt>
      <trkpt lat="42.013427" lon="13.711138">
        <ele>868</ele>
        <time>2025-10-12T07:36:42Z</time>
      </trkpt>
      <trkpt lat="42.013438" lon="13.711058">
        <ele>868</ele>
        <time>2025-10-12T07:36:45Z</time>
      </trkpt>
      <trkpt lat="42.013454" lon="13.710976">
        <ele>867</ele>
        <time>2025-10-12T07:36:48Z</time>
      </trkpt>
      <trkpt lat="42.01345" lon="13.710887">
        <ele>866.9</ele>
        <time>2025-10-12T07:36:51Z</time>
      </trkpt>
      <trkpt lat="42.013451" lon="13.710823">
        <ele>866.9</ele>
        <time>2025-10-12T07:36:53Z</time>
      </trkpt>
      <trkpt lat="42.013466" lon="13.710746">
        <ele>866.9</ele>
        <time>2025-10-12T07:36:56Z</time>
      </trkpt>
      <trkpt lat="42.01347" lon="13.710657">
        <ele>867.4</ele>
        <time>2025-10-12T07:36:59Z</time>
      </trkpt>
      <trkpt lat="42.013467" lon="13.710588">
        <ele>867.9</ele>
        <time>2025-10-12T07:37:02Z</time>
      </trkpt>
      <trkpt lat="42.013483" lon="13.71053">
        <ele>868</ele>
        <time>2025-10-12T07:37:05Z</time>
      </trkpt>
      <trkpt lat="42.013492" lon="13.710467">
        <ele>868</ele>
        <time>2025-10-12T07:37:10Z</time>
      </trkpt>
      <trkpt lat="42.013531" lon="13.710413">
        <ele>869</ele>
        <time>2025-10-12T07:37:15Z</time>
      </trkpt>
      <trkpt lat="42.013589" lon="13.7104">
        <ele>869</ele>
        <time>2025-10-12T07:37:19Z</time>
      </trkpt>
      <trkpt lat="42.013638" lon="13.710391">
        <ele>867.9</ele>
        <time>2025-10-12T07:37:22Z</time>
      </trkpt>
      <trkpt lat="42.013696" lon="13.710369">
        <ele>866.9</ele>
        <time>2025-10-12T07:37:26Z</time>
      </trkpt>
      <trkpt lat="42.013749" lon="13.710363">
        <ele>867</ele>
        <time>2025-10-12T07:37:29Z</time>
      </trkpt>
      <trkpt lat="42.013804" lon="13.710365">
        <ele>867</ele>
        <time>2025-10-12T07:37:32Z</time>
      </trkpt>
      <trkpt lat="42.013857" lon="13.710367">
        <ele>867</ele>
        <time>2025-10-12T07:37:36Z</time>
      </trkpt>
      <trkpt lat="42.013902" lon="13.710353">
        <ele>867</ele>
        <time>2025-10-12T07:37:39Z</time>
      </trkpt>
      <trkpt lat="42.01395" lon="13.710357">
        <ele>866.9</ele>
        <time>2025-10-12T07:37:44Z</time>
      </trkpt>
      <trkpt lat="42.013983" lon="13.710406">
        <ele>866</ele>
        <time>2025-10-12T07:37:48Z</time>
      </trkpt>
      <trkpt lat="42.013998" lon="13.710464">
        <ele>866</ele>
        <time>2025-10-12T07:37:51Z</time>
      </trkpt>
      <trkpt lat="42.014006" lon="13.710539">
        <ele>864</ele>
        <time>2025-10-12T07:37:54Z</time>
      </trkpt>
      <trkpt lat="42.014027" lon="13.710606">
        <ele>864</ele>
        <time>2025-10-12T07:37:56Z</time>
      </trkpt>
      <trkpt lat="42.014045" lon="13.710674">
        <ele>863.9</ele>
        <time>2025-10-12T07:37:58Z</time>
      </trkpt>
      <trkpt lat="42.014058" lon="13.710767">
        <ele>863.9</ele>
        <time>2025-10-12T07:38:00Z</time>
      </trkpt>
      <trkpt lat="42.014069" lon="13.71086">
        <ele>862.9</ele>
        <time>2025-10-12T07:38:02Z</time>
      </trkpt>
      <trkpt lat="42.01408" lon="13.710947">
        <ele>861.5</ele>
        <time>2025-10-12T07:38:04Z</time>
      </trkpt>
      <trkpt lat="42.014087" lon="13.711034">
        <ele>859.4</ele>
        <time>2025-10-12T07:38:06Z</time>
      </trkpt>
      <trkpt lat="42.014097" lon="13.711119">
        <ele>857.9</ele>
        <time>2025-10-12T07:38:08Z</time>
      </trkpt>
      <trkpt lat="42.014108" lon="13.711206">
        <ele>856.9</ele>
        <time>2025-10-12T07:38:11Z</time>
      </trkpt>
      <trkpt lat="42.014151" lon="13.711257">
        <ele>856.9</ele>
        <time>2025-10-12T07:38:14Z</time>
      </trkpt>
      <trkpt lat="42.014198" lon="13.711263">
        <ele>856.9</ele>
        <time>2025-10-12T07:38:16Z</time>
      </trkpt>
      <trkpt lat="42.014247" lon="13.711259">
        <ele>856</ele>
        <time>2025-10-12T07:38:18Z</time>
      </trkpt>
      <trkpt lat="42.014296" lon="13.711239">
        <ele>856</ele>
        <time>2025-10-12T07:38:20Z</time>
      </trkpt>
      <trkpt lat="42.014341" lon="13.711217">
        <ele>856</ele>
        <time>2025-10-12T07:38:22Z</time>
      </trkpt>
      <trkpt lat="42.014392" lon="13.711189">
        <ele>856</ele>
        <time>2025-10-12T07:38:24Z</time>
      </trkpt>
      <trkpt lat="42.014447" lon="13.711168">
        <ele>856</ele>
        <time>2025-10-12T07:38:26Z</time>
      </trkpt>
      <trkpt lat="42.014501" lon="13.711144">
        <ele>856</ele>
        <time>2025-10-12T07:38:28Z</time>
      </trkpt>
      <trkpt lat="42.014542" lon="13.711109">
        <ele>855.9</ele>
        <time>2025-10-12T07:38:30Z</time>
      </trkpt>
      <trkpt lat="42.014578" lon="13.711052">
        <ele>855</ele>
        <time>2025-10-12T07:38:33Z</time>
      </trkpt>
      <trkpt lat="42.014629" lon="13.711017">
        <ele>854.9</ele>
        <time>2025-10-12T07:38:37Z</time>
      </trkpt>
      <trkpt lat="42.014693" lon="13.711">
        <ele>854.4</ele>
        <time>2025-10-12T07:38:40Z</time>
      </trkpt>
      <trkpt lat="42.014743" lon="13.710984">
        <ele>854</ele>
        <time>2025-10-12T07:38:43Z</time>
      </trkpt>
      <trkpt lat="42.014802" lon="13.710973">
        <ele>854</ele>
        <time>2025-10-12T07:38:46Z</time>
      </trkpt>
      <trkpt lat="42.014865" lon="13.710968">
        <ele>853</ele>
        <time>2025-10-12T07:38:49Z</time>
      </trkpt>
      <trkpt lat="42.014926" lon="13.710969">
        <ele>853</ele>
        <time>2025-10-12T07:38:52Z</time>
      </trkpt>
      <trkpt lat="42.014983" lon="13.710952">
        <ele>851.9</ele>
        <time>2025-10-12T07:38:55Z</time>
      </trkpt>
      <trkpt lat="42.015043" lon="13.71096">
        <ele>852</ele>
        <time>2025-10-12T07:38:59Z</time>
      </trkpt>
      <trkpt lat="42.015099" lon="13.710972">
        <ele>851.4</ele>
        <time>2025-10-12T07:39:02Z</time>
      </trkpt>
      <trkpt lat="42.015155" lon="13.710978">
        <ele>850</ele>
        <time>2025-10-12T07:39:05Z</time>
      </trkpt>
      <trkpt lat="42.015203" lon="13.710968">
        <ele>850</ele>
        <time>2025-10-12T07:39:08Z</time>
      </trkpt>
      <trkpt lat="42.015262" lon="13.710953">
        <ele>850</ele>
        <time>2025-10-12T07:39:11Z</time>
      </trkpt>
      <trkpt lat="42.015316" lon="13.710943">
        <ele>849</ele>
        <time>2025-10-12T07:39:13Z</time>
      </trkpt>
      <trkpt lat="42.015381" lon="13.710955">
        <ele>848.9</ele>
        <time>2025-10-12T07:39:16Z</time>
      </trkpt>
      <trkpt lat="42.015447" lon="13.710967">
        <ele>847.9</ele>
        <time>2025-10-12T07:39:19Z</time>
      </trkpt>
      <trkpt lat="42.015497" lon="13.710971">
        <ele>846.9</ele>
        <time>2025-10-12T07:39:21Z</time>
      </trkpt>
      <trkpt lat="42.015561" lon="13.710985">
        <ele>846</ele>
        <time>2025-10-12T07:39:24Z</time>
      </trkpt>
      <trkpt lat="42.015617" lon="13.710996">
        <ele>844.4</ele>
        <time>2025-10-12T07:39:27Z</time>
      </trkpt>
      <trkpt lat="42.015674" lon="13.711012">
        <ele>843</ele>
        <time>2025-10-12T07:39:30Z</time>
      </trkpt>
      <trkpt lat="42.015717" lon="13.711033">
        <ele>843</ele>
        <time>2025-10-12T07:39:32Z</time>
      </trkpt>
      <trkpt lat="42.015772" lon="13.711085">
        <ele>841.5</ele>
        <time>2025-10-12T07:39:35Z</time>
      </trkpt>
      <trkpt lat="42.01581" lon="13.711138">
        <ele>841</ele>
        <time>2025-10-12T07:39:37Z</time>
      </trkpt>
      <trkpt lat="42.015844" lon="13.711207">
        <ele>840</ele>
        <time>2025-10-12T07:39:39Z</time>
      </trkpt>
      <trkpt lat="42.015862" lon="13.711288">
        <ele>839.4</ele>
        <time>2025-10-12T07:39:41Z</time>
      </trkpt>
      <trkpt lat="42.015866" lon="13.711378">
        <ele>838.9</ele>
        <time>2025-10-12T07:39:43Z</time>
      </trkpt>
      <trkpt lat="42.015905" lon="13.711429">
        <ele>839</ele>
        <time>2025-10-12T07:39:44Z</time>
      </trkpt>
      <trkpt lat="42.015894" lon="13.711523">
        <ele>839.5</ele>
        <time>2025-10-12T07:39:46Z</time>
      </trkpt>
      <trkpt lat="42.015892" lon="13.711608">
        <ele>840.4</ele>
        <time>2025-10-12T07:39:48Z</time>
      </trkpt>
      <trkpt lat="42.015895" lon="13.711697">
        <ele>840.5</ele>
        <time>2025-10-12T07:39:50Z</time>
      </trkpt>
      <trkpt lat="42.015902" lon="13.711784">
        <ele>840</ele>
        <time>2025-10-12T07:39:52Z</time>
      </trkpt>
      <trkpt lat="42.015916" lon="13.711853">
        <ele>839.4</ele>
        <time>2025-10-12T07:39:54Z</time>
      </trkpt>
      <trkpt lat="42.01596" lon="13.711888">
        <ele>837.9</ele>
        <time>2025-10-12T07:39:57Z</time>
      </trkpt>
      <trkpt lat="42.016018" lon="13.71187">
        <ele>838</ele>
        <time>2025-10-12T07:39:59Z</time>
      </trkpt>
      <trkpt lat="42.016093" lon="13.711874">
        <ele>837</ele>
        <time>2025-10-12T07:40:01Z</time>
      </trkpt>
      <trkpt lat="42.016145" lon="13.711861">
        <ele>836.5</ele>
        <time>2025-10-12T07:40:02Z</time>
      </trkpt>
      <trkpt lat="42.016209" lon="13.711851">
        <ele>836</ele>
        <time>2025-10-12T07:40:03Z</time>
      </trkpt>
      <trkpt lat="42.016273" lon="13.711839">
        <ele>836</ele>
        <time>2025-10-12T07:40:04Z</time>
      </trkpt>
      <trkpt lat="42.016328" lon="13.711833">
        <ele>835.9</ele>
        <time>2025-10-12T07:40:05Z</time>
      </trkpt>
      <trkpt lat="42.01639" lon="13.711827">
        <ele>836</ele>
        <time>2025-10-12T07:40:06Z</time>
      </trkpt>
      <trkpt lat="42.016451" lon="13.711822">
        <ele>835.9</ele>
        <time>2025-10-12T07:40:07Z</time>
      </trkpt>
      <trkpt lat="42.016513" lon="13.711807">
        <ele>836</ele>
        <time>2025-10-12T07:40:08Z</time>
      </trkpt>
      <trkpt lat="42.016571" lon="13.7118">
        <ele>835.9</ele>
        <time>2025-10-12T07:40:09Z</time>
      </trkpt>
      <trkpt lat="42.016621" lon="13.711793">
        <ele>835.9</ele>
        <time>2025-10-12T07:40:10Z</time>
      </trkpt>
      <trkpt lat="42.016673" lon="13.71177">
        <ele>836</ele>
        <time>2025-10-12T07:40:11Z</time>
      </trkpt>
      <trkpt lat="42.016723" lon="13.711753">
        <ele>835.9</ele>
        <time>2025-10-12T07:40:12Z</time>
      </trkpt>
      <trkpt lat="42.016797" lon="13.711716">
        <ele>836.9</ele>
        <time>2025-10-12T07:40:14Z</time>
      </trkpt>
      <trkpt lat="42.016885" lon="13.711659">
        <ele>836.9</ele>
        <time>2025-10-12T07:40:16Z</time>
      </trkpt>
      <trkpt lat="42.016936" lon="13.711629">
        <ele>836.9</ele>
        <time>2025-10-12T07:40:17Z</time>
      </trkpt>
      <trkpt lat="42.017012" lon="13.711575">
        <ele>836.9</ele>
        <time>2025-10-12T07:40:19Z</time>
      </trkpt>
      <trkpt lat="42.017087" lon="13.711531">
        <ele>837</ele>
        <time>2025-10-12T07:40:21Z</time>
      </trkpt>
      <trkpt lat="42.017131" lon="13.711501">
        <ele>835.9</ele>
        <time>2025-10-12T07:40:22Z</time>
      </trkpt>
      <trkpt lat="42.017187" lon="13.711475">
        <ele>835.9</ele>
        <time>2025-10-12T07:40:23Z</time>
      </trkpt>
      <trkpt lat="42.01724" lon="13.711456">
        <ele>836</ele>
        <time>2025-10-12T07:40:24Z</time>
      </trkpt>
      <trkpt lat="42.017284" lon="13.711441">
        <ele>836</ele>
        <time>2025-10-12T07:40:25Z</time>
      </trkpt>
      <trkpt lat="42.017348" lon="13.711407">
        <ele>835.4</ele>
        <time>2025-10-12T07:40:27Z</time>
      </trkpt>
      <trkpt lat="42.017416" lon="13.711361">
        <ele>835</ele>
        <time>2025-10-12T07:40:29Z</time>
      </trkpt>
      <trkpt lat="42.017453" lon="13.711321">
        <ele>835</ele>
        <time>2025-10-12T07:40:30Z</time>
      </trkpt>
      <trkpt lat="42.017484" lon="13.711277">
        <ele>834.9</ele>
        <time>2025-10-12T07:40:31Z</time>
      </trkpt>
      <trkpt lat="42.01752" lon="13.711232">
        <ele>834.9</ele>
        <time>2025-10-12T07:40:32Z</time>
      </trkpt>
      <trkpt lat="42.01757" lon="13.711137">
        <ele>834.9</ele>
        <time>2025-10-12T07:40:34Z</time>
      </trkpt>
      <trkpt lat="42.017604" lon="13.711031">
        <ele>835</ele>
        <time>2025-10-12T07:40:36Z</time>
      </trkpt>
      <trkpt lat="42.017635" lon="13.710925">
        <ele>835</ele>
        <time>2025-10-12T07:40:38Z</time>
      </trkpt>
      <trkpt lat="42.017657" lon="13.710846">
        <ele>835.9</ele>
        <time>2025-10-12T07:40:40Z</time>
      </trkpt>
      <trkpt lat="42.017674" lon="13.710775">
        <ele>836</ele>
        <time>2025-10-12T07:40:42Z</time>
      </trkpt>
      <trkpt lat="42.017692" lon="13.7107">
        <ele>836.4</ele>
        <time>2025-10-12T07:40:44Z</time>
      </trkpt>
      <trkpt lat="42.017718" lon="13.710627">
        <ele>836</ele>
        <time>2025-10-12T07:40:46Z</time>
      </trkpt>
      <trkpt lat="42.017741" lon="13.710564">
        <ele>836</ele>
        <time>2025-10-12T07:40:48Z</time>
      </trkpt>
      <trkpt lat="42.017759" lon="13.710502">
        <ele>836</ele>
        <time>2025-10-12T07:40:51Z</time>
      </trkpt>
      <trkpt lat="42.017778" lon="13.710421">
        <ele>836.4</ele>
        <time>2025-10-12T07:40:54Z</time>
      </trkpt>
      <trkpt lat="42.017797" lon="13.710362">
        <ele>836.9</ele>
        <time>2025-10-12T07:40:56Z</time>
      </trkpt>
      <trkpt lat="42.017825" lon="13.710299">
        <ele>837.9</ele>
        <time>2025-10-12T07:40:58Z</time>
      </trkpt>
      <trkpt lat="42.017848" lon="13.710232">
        <ele>837.9</ele>
        <time>2025-10-12T07:41:00Z</time>
      </trkpt>
      <trkpt lat="42.017873" lon="13.710152">
        <ele>839</ele>
        <time>2025-10-12T07:41:03Z</time>
      </trkpt>
      <trkpt lat="42.017905" lon="13.710088">
        <ele>839</ele>
        <time>2025-10-12T07:41:06Z</time>
      </trkpt>
      <trkpt lat="42.017938" lon="13.710024">
        <ele>838.9</ele>
        <time>2025-10-12T07:41:09Z</time>
      </trkpt>
      <trkpt lat="42.017967" lon="13.709955">
        <ele>839</ele>
        <time>2025-10-12T07:41:12Z</time>
      </trkpt>
      <trkpt lat="42.018003" lon="13.709898">
        <ele>839</ele>
        <time>2025-10-12T07:41:15Z</time>
      </trkpt>
      <trkpt lat="42.018031" lon="13.709837">
        <ele>839</ele>
        <time>2025-10-12T07:41:18Z</time>
      </trkpt>
      <trkpt lat="42.018056" lon="13.709776">
        <ele>840</ele>
        <time>2025-10-12T07:41:22Z</time>
      </trkpt>
      <trkpt lat="42.018108" lon="13.709762">
        <ele>841</ele>
        <time>2025-10-12T07:41:28Z</time>
      </trkpt>
      <trkpt lat="42.018162" lon="13.709759">
        <ele>842.9</ele>
        <time>2025-10-12T07:41:33Z</time>
      </trkpt>
      <trkpt lat="42.018206" lon="13.709798">
        <ele>844</ele>
        <time>2025-10-12T07:41:37Z</time>
      </trkpt>
      <trkpt lat="42.018243" lon="13.70976">
        <ele>846</ele>
        <time>2025-10-12T07:41:41Z</time>
      </trkpt>
      <trkpt lat="42.018275" lon="13.709698">
        <ele>845.9</ele>
        <time>2025-10-12T07:41:43Z</time>
      </trkpt>
      <trkpt lat="42.018295" lon="13.709632">
        <ele>845.9</ele>
        <time>2025-10-12T07:41:45Z</time>
      </trkpt>
      <trkpt lat="42.018317" lon="13.709557">
        <ele>846.4</ele>
        <time>2025-10-12T07:41:47Z</time>
      </trkpt>
      <trkpt lat="42.018334" lon="13.70947">
        <ele>847</ele>
        <time>2025-10-12T07:41:49Z</time>
      </trkpt>
      <trkpt lat="42.018355" lon="13.709372">
        <ele>847.9</ele>
        <time>2025-10-12T07:41:51Z</time>
      </trkpt>
      <trkpt lat="42.018379" lon="13.709278">
        <ele>849</ele>
        <time>2025-10-12T07:41:53Z</time>
      </trkpt>
      <trkpt lat="42.018402" lon="13.709175">
        <ele>850.4</ele>
        <time>2025-10-12T07:41:55Z</time>
      </trkpt>
      <trkpt lat="42.018421" lon="13.709092">
        <ele>851</ele>
        <time>2025-10-12T07:41:57Z</time>
      </trkpt>
      <trkpt lat="42.018447" lon="13.708999">
        <ele>850.9</ele>
        <time>2025-10-12T07:41:59Z</time>
      </trkpt>
      <trkpt lat="42.018472" lon="13.708905">
        <ele>851</ele>
        <time>2025-10-12T07:42:01Z</time>
      </trkpt>
      <trkpt lat="42.018496" lon="13.708818">
        <ele>852</ele>
        <time>2025-10-12T07:42:03Z</time>
      </trkpt>
      <trkpt lat="42.018526" lon="13.708712">
        <ele>851.9</ele>
        <time>2025-10-12T07:42:05Z</time>
      </trkpt>
      <trkpt lat="42.018552" lon="13.708626">
        <ele>852</ele>
        <time>2025-10-12T07:42:07Z</time>
      </trkpt>
      <trkpt lat="42.01858" lon="13.708533">
        <ele>852</ele>
        <time>2025-10-12T07:42:09Z</time>
      </trkpt>
      <trkpt lat="42.018614" lon="13.708445">
        <ele>852</ele>
        <time>2025-10-12T07:42:11Z</time>
      </trkpt>
      <trkpt lat="42.018652" lon="13.708367">
        <ele>853</ele>
        <time>2025-10-12T07:42:13Z</time>
      </trkpt>
      <trkpt lat="42.01869" lon="13.708287">
        <ele>853.9</ele>
        <time>2025-10-12T07:42:15Z</time>
      </trkpt>
      <trkpt lat="42.018726" lon="13.708206">
        <ele>854.9</ele>
        <time>2025-10-12T07:42:17Z</time>
      </trkpt>
      <trkpt lat="42.018763" lon="13.708133">
        <ele>854.9</ele>
        <time>2025-10-12T07:42:19Z</time>
      </trkpt>
      <trkpt lat="42.018801" lon="13.708044">
        <ele>854.9</ele>
        <time>2025-10-12T07:42:21Z</time>
      </trkpt>
      <trkpt lat="42.018843" lon="13.707962">
        <ele>856</ele>
        <time>2025-10-12T07:42:23Z</time>
      </trkpt>
      <trkpt lat="42.018884" lon="13.707884">
        <ele>855.9</ele>
        <time>2025-10-12T07:42:25Z</time>
      </trkpt>
      <trkpt lat="42.018917" lon="13.707814">
        <ele>855.9</ele>
        <time>2025-10-12T07:42:27Z</time>
      </trkpt>
      <trkpt lat="42.018945" lon="13.707748">
        <ele>856</ele>
        <time>2025-10-12T07:42:29Z</time>
      </trkpt>
      <trkpt lat="42.018981" lon="13.707682">
        <ele>856</ele>
        <time>2025-10-12T07:42:31Z</time>
      </trkpt>
      <trkpt lat="42.019016" lon="13.707617">
        <ele>856</ele>
        <time>2025-10-12T07:42:33Z</time>
      </trkpt>
      <trkpt lat="42.019053" lon="13.707539">
        <ele>856</ele>
        <time>2025-10-12T07:42:35Z</time>
      </trkpt>
      <trkpt lat="42.019091" lon="13.707468">
        <ele>856</ele>
        <time>2025-10-12T07:42:37Z</time>
      </trkpt>
      <trkpt lat="42.019132" lon="13.707398">
        <ele>856.9</ele>
        <time>2025-10-12T07:42:39Z</time>
      </trkpt>
      <trkpt lat="42.01917" lon="13.707324">
        <ele>857</ele>
        <time>2025-10-12T07:42:41Z</time>
      </trkpt>
      <trkpt lat="42.019213" lon="13.707244">
        <ele>857</ele>
        <time>2025-10-12T07:42:43Z</time>
      </trkpt>
      <trkpt lat="42.019266" lon="13.707154">
        <ele>856.9</ele>
        <time>2025-10-12T07:42:45Z</time>
      </trkpt>
      <trkpt lat="42.019328" lon="13.707071">
        <ele>859</ele>
        <time>2025-10-12T07:42:47Z</time>
      </trkpt>
      <trkpt lat="42.019382" lon="13.706994">
        <ele>860</ele>
        <time>2025-10-12T07:42:49Z</time>
      </trkpt>
      <trkpt lat="42.019444" lon="13.706922">
        <ele>860.9</ele>
        <time>2025-10-12T07:42:51Z</time>
      </trkpt>
      <trkpt lat="42.019504" lon="13.706851">
        <ele>861</ele>
        <time>2025-10-12T07:42:53Z</time>
      </trkpt>
      <trkpt lat="42.019574" lon="13.70679">
        <ele>861</ele>
        <time>2025-10-12T07:42:55Z</time>
      </trkpt>
      <trkpt lat="42.019643" lon="13.706708">
        <ele>860.9</ele>
        <time>2025-10-12T07:42:57Z</time>
      </trkpt>
      <trkpt lat="42.019678" lon="13.706663">
        <ele>860.9</ele>
        <time>2025-10-12T07:42:58Z</time>
      </trkpt>
      <trkpt lat="42.019718" lon="13.706621">
        <ele>860.9</ele>
        <time>2025-10-12T07:42:59Z</time>
      </trkpt>
      <trkpt lat="42.019757" lon="13.706577">
        <ele>861</ele>
        <time>2025-10-12T07:43:00Z</time>
      </trkpt>
      <trkpt lat="42.019792" lon="13.70653">
        <ele>861</ele>
        <time>2025-10-12T07:43:01Z</time>
      </trkpt>
      <trkpt lat="42.019828" lon="13.706482">
        <ele>861</ele>
        <time>2025-10-12T07:43:02Z</time>
      </trkpt>
      <trkpt lat="42.019863" lon="13.70643">
        <ele>861</ele>
        <time>2025-10-12T07:43:03Z</time>
      </trkpt>
      <trkpt lat="42.019897" lon="13.706372">
        <ele>861</ele>
        <time>2025-10-12T07:43:04Z</time>
      </trkpt>
      <trkpt lat="42.019928" lon="13.706317">
        <ele>861</ele>
        <time>2025-10-12T07:43:05Z</time>
      </trkpt>
      <trkpt lat="42.019959" lon="13.706251">
        <ele>861.5</ele>
        <time>2025-10-12T07:43:06Z</time>
      </trkpt>
      <trkpt lat="42.019988" lon="13.706187">
        <ele>862</ele>
        <time>2025-10-12T07:43:07Z</time>
      </trkpt>
      <trkpt lat="42.020014" lon="13.706122">
        <ele>863</ele>
        <time>2025-10-12T07:43:08Z</time>
      </trkpt>
      <trkpt lat="42.020035" lon="13.706057">
        <ele>864</ele>
        <time>2025-10-12T07:43:09Z</time>
      </trkpt>
      <trkpt lat="42.020056" lon="13.705995">
        <ele>864</ele>
        <time>2025-10-12T07:43:10Z</time>
      </trkpt>
      <trkpt lat="42.02008" lon="13.705934">
        <ele>864</ele>
        <time>2025-10-12T07:43:11Z</time>
      </trkpt>
      <trkpt lat="42.020103" lon="13.705882">
        <ele>863.4</ele>
        <time>2025-10-12T07:43:12Z</time>
      </trkpt>
      <trkpt lat="42.020129" lon="13.70583">
        <ele>862.9</ele>
        <time>2025-10-12T07:43:13Z</time>
      </trkpt>
      <trkpt lat="42.020153" lon="13.705768">
        <ele>862.9</ele>
        <time>2025-10-12T07:43:14Z</time>
      </trkpt>
      <trkpt lat="42.02018" lon="13.705707">
        <ele>863</ele>
        <time>2025-10-12T07:43:15Z</time>
      </trkpt>
      <trkpt lat="42.020207" lon="13.705647">
        <ele>862.4</ele>
        <time>2025-10-12T07:43:16Z</time>
      </trkpt>
      <trkpt lat="42.020234" lon="13.705577">
        <ele>861.9</ele>
        <time>2025-10-12T07:43:17Z</time>
      </trkpt>
      <trkpt lat="42.020252" lon="13.705519">
        <ele>862</ele>
        <time>2025-10-12T07:43:18Z</time>
      </trkpt>
      <trkpt lat="42.020273" lon="13.705455">
        <ele>861.9</ele>
        <time>2025-10-12T07:43:19Z</time>
      </trkpt>
      <trkpt lat="42.020294" lon="13.705397">
        <ele>862</ele>
        <time>2025-10-12T07:43:20Z</time>
      </trkpt>
      <trkpt lat="42.020316" lon="13.705341">
        <ele>862</ele>
        <time>2025-10-12T07:43:21Z</time>
      </trkpt>
      <trkpt lat="42.02034" lon="13.705281">
        <ele>861.5</ele>
        <time>2025-10-12T07:43:22Z</time>
      </trkpt>
      <trkpt lat="42.020362" lon="13.705218">
        <ele>861.4</ele>
        <time>2025-10-12T07:43:23Z</time>
      </trkpt>
      <trkpt lat="42.020382" lon="13.705154">
        <ele>861.4</ele>
        <time>2025-10-12T07:43:24Z</time>
      </trkpt>
      <trkpt lat="42.0204" lon="13.70509">
        <ele>862</ele>
        <time>2025-10-12T07:43:25Z</time>
      </trkpt>
      <trkpt lat="42.020425" lon="13.705021">
        <ele>861.9</ele>
        <time>2025-10-12T07:43:26Z</time>
      </trkpt>
      <trkpt lat="42.020493" lon="13.70497">
        <ele>861.5</ele>
        <time>2025-10-12T07:43:28Z</time>
      </trkpt>
      <trkpt lat="42.020543" lon="13.704967">
        <ele>861</ele>
        <time>2025-10-12T07:43:29Z</time>
      </trkpt>
      <trkpt lat="42.020626" lon="13.704987">
        <ele>860.9</ele>
        <time>2025-10-12T07:43:31Z</time>
      </trkpt>
      <trkpt lat="42.020685" lon="13.705025">
        <ele>860.9</ele>
        <time>2025-10-12T07:43:33Z</time>
      </trkpt>
      <trkpt lat="42.021139" lon="13.705236">
        <ele>860.9</ele>
        <time>2025-10-12T07:43:47Z</time>
      </trkpt>
      <trkpt lat="42.021223" lon="13.705233">
        <ele>864.4</ele>
        <time>2025-10-12T07:43:48Z</time>
      </trkpt>
      <trkpt lat="42.021271" lon="13.705231">
        <ele>863.9</ele>
        <time>2025-10-12T07:43:49Z</time>
      </trkpt>
      <trkpt lat="42.021348" lon="13.705255">
        <ele>863.9</ele>
        <time>2025-10-12T07:43:51Z</time>
      </trkpt>
      <trkpt lat="42.02141" lon="13.705289">
        <ele>864.9</ele>
        <time>2025-10-12T07:43:53Z</time>
      </trkpt>
      <trkpt lat="42.021467" lon="13.705308">
        <ele>867.4</ele>
        <time>2025-10-12T07:43:55Z</time>
      </trkpt>
      <trkpt lat="42.021523" lon="13.705336">
        <ele>868.5</ele>
        <time>2025-10-12T07:43:57Z</time>
      </trkpt>
      <trkpt lat="42.021584" lon="13.705367">
        <ele>869</ele>
        <time>2025-10-12T07:43:59Z</time>
      </trkpt>
      <trkpt lat="42.021639" lon="13.705388">
        <ele>869.9</ele>
        <time>2025-10-12T07:44:01Z</time>
      </trkpt>
      <trkpt lat="42.021699" lon="13.705414">
        <ele>869.9</ele>
        <time>2025-10-12T07:44:03Z</time>
      </trkpt>
      <trkpt lat="42.021757" lon="13.705444">
        <ele>872</ele>
        <time>2025-10-12T07:44:05Z</time>
      </trkpt>
      <trkpt lat="42.021804" lon="13.705476">
        <ele>872</ele>
        <time>2025-10-12T07:44:07Z</time>
      </trkpt>
      <trkpt lat="42.021845" lon="13.705507">
        <ele>872</ele>
        <time>2025-10-12T07:44:09Z</time>
      </trkpt>
      <trkpt lat="42.021899" lon="13.70554">
        <ele>871.9</ele>
        <time>2025-10-12T07:44:11Z</time>
      </trkpt>
      <trkpt lat="42.021949" lon="13.705566">
        <ele>871.5</ele>
        <time>2025-10-12T07:44:13Z</time>
      </trkpt>
      <trkpt lat="42.021988" lon="13.705597">
        <ele>871</ele>
        <time>2025-10-12T07:44:15Z</time>
      </trkpt>
      <trkpt lat="42.022042" lon="13.705643">
        <ele>869</ele>
        <time>2025-10-12T07:44:18Z</time>
      </trkpt>
      <trkpt lat="42.022095" lon="13.705681">
        <ele>869.4</ele>
        <time>2025-10-12T07:44:21Z</time>
      </trkpt>
      <trkpt lat="42.022144" lon="13.705709">
        <ele>870</ele>
        <time>2025-10-12T07:44:24Z</time>
      </trkpt>
      <trkpt lat="42.022189" lon="13.705732">
        <ele>870.9</ele>
        <time>2025-10-12T07:44:27Z</time>
      </trkpt>
      <trkpt lat="42.022238" lon="13.705753">
        <ele>870.9</ele>
        <time>2025-10-12T07:44:30Z</time>
      </trkpt>
      <trkpt lat="42.022282" lon="13.705788">
        <ele>870.9</ele>
        <time>2025-10-12T07:44:33Z</time>
      </trkpt>
      <trkpt lat="42.022328" lon="13.705812">
        <ele>870</ele>
        <time>2025-10-12T07:44:36Z</time>
      </trkpt>
      <trkpt lat="42.022384" lon="13.705841">
        <ele>868.9</ele>
        <time>2025-10-12T07:44:39Z</time>
      </trkpt>
      <trkpt lat="42.022436" lon="13.705864">
        <ele>868.9</ele>
        <time>2025-10-12T07:44:42Z</time>
      </trkpt>
      <trkpt lat="42.02249" lon="13.705874">
        <ele>868.9</ele>
        <time>2025-10-12T07:44:44Z</time>
      </trkpt>
      <trkpt lat="42.022547" lon="13.705894">
        <ele>871.5</ele>
        <time>2025-10-12T07:44:47Z</time>
      </trkpt>
      <trkpt lat="42.0226" lon="13.705928">
        <ele>871.9</ele>
        <time>2025-10-12T07:44:50Z</time>
      </trkpt>
      <trkpt lat="42.022652" lon="13.705958">
        <ele>872</ele>
        <time>2025-10-12T07:44:53Z</time>
      </trkpt>
      <trkpt lat="42.022693" lon="13.705982">
        <ele>872</ele>
        <time>2025-10-12T07:44:55Z</time>
      </trkpt>
      <trkpt lat="42.022751" lon="13.705996">
        <ele>871.9</ele>
        <time>2025-10-12T07:44:58Z</time>
      </trkpt>
      <trkpt lat="42.022796" lon="13.706017">
        <ele>872</ele>
        <time>2025-10-12T07:45:01Z</time>
      </trkpt>
      <trkpt lat="42.022845" lon="13.706052">
        <ele>873</ele>
        <time>2025-10-12T07:45:04Z</time>
      </trkpt>
      <trkpt lat="42.022886" lon="13.706079">
        <ele>872.9</ele>
        <time>2025-10-12T07:45:06Z</time>
      </trkpt>
      <trkpt lat="42.022931" lon="13.70612">
        <ele>873.9</ele>
        <time>2025-10-12T07:45:10Z</time>
      </trkpt>
      <trkpt lat="42.022976" lon="13.706142">
        <ele>874</ele>
        <time>2025-10-12T07:45:13Z</time>
      </trkpt>
      <trkpt lat="42.023019" lon="13.706162">
        <ele>874</ele>
        <time>2025-10-12T07:45:16Z</time>
      </trkpt>
      <trkpt lat="42.023076" lon="13.706178">
        <ele>874</ele>
        <time>2025-10-12T07:45:20Z</time>
      </trkpt>
      <trkpt lat="42.023121" lon="13.706151">
        <ele>873.9</ele>
        <time>2025-10-12T07:45:23Z</time>
      </trkpt>
      <trkpt lat="42.023171" lon="13.706126">
        <ele>874.4</ele>
        <time>2025-10-12T07:45:26Z</time>
      </trkpt>
      <trkpt lat="42.023225" lon="13.706088">
        <ele>874.9</ele>
        <time>2025-10-12T07:45:28Z</time>
      </trkpt>
      <trkpt lat="42.023275" lon="13.706057">
        <ele>876.5</ele>
        <time>2025-10-12T07:45:30Z</time>
      </trkpt>
      <trkpt lat="42.023321" lon="13.706028">
        <ele>879</ele>
        <time>2025-10-12T07:45:32Z</time>
      </trkpt>
      <trkpt lat="42.023378" lon="13.706008">
        <ele>880</ele>
        <time>2025-10-12T07:45:35Z</time>
      </trkpt>
      <trkpt lat="42.023434" lon="13.70602">
        <ele>880</ele>
        <time>2025-10-12T07:45:38Z</time>
      </trkpt>
      <trkpt lat="42.02349" lon="13.706046">
        <ele>879.9</ele>
        <time>2025-10-12T07:45:41Z</time>
      </trkpt>
      <trkpt lat="42.023546" lon="13.706081">
        <ele>882.9</ele>
        <time>2025-10-12T07:45:44Z</time>
      </trkpt>
      <trkpt lat="42.023592" lon="13.70612">
        <ele>884</ele>
        <time>2025-10-12T07:45:47Z</time>
      </trkpt>
      <trkpt lat="42.023637" lon="13.706155">
        <ele>885</ele>
        <time>2025-10-12T07:45:50Z</time>
      </trkpt>
      <trkpt lat="42.023681" lon="13.706186">
        <ele>884.9</ele>
        <time>2025-10-12T07:45:53Z</time>
      </trkpt>
      <trkpt lat="42.023729" lon="13.706225">
        <ele>885</ele>
        <time>2025-10-12T07:45:56Z</time>
      </trkpt>
      <trkpt lat="42.023777" lon="13.706272">
        <ele>884.9</ele>
        <time>2025-10-12T07:45:59Z</time>
      </trkpt>
      <trkpt lat="42.023816" lon="13.706319">
        <ele>885.4</ele>
        <time>2025-10-12T07:46:02Z</time>
      </trkpt>
      <trkpt lat="42.023861" lon="13.706355">
        <ele>886</ele>
        <time>2025-10-12T07:46:05Z</time>
      </trkpt>
      <trkpt lat="42.023909" lon="13.706393">
        <ele>886</ele>
        <time>2025-10-12T07:46:08Z</time>
      </trkpt>
      <trkpt lat="42.023954" lon="13.706434">
        <ele>886.4</ele>
        <time>2025-10-12T07:46:11Z</time>
      </trkpt>
      <trkpt lat="42.023994" lon="13.70647">
        <ele>887.4</ele>
        <time>2025-10-12T07:46:15Z</time>
      </trkpt>
      <trkpt lat="42.024035" lon="13.706505">
        <ele>887.9</ele>
        <time>2025-10-12T07:46:18Z</time>
      </trkpt>
      <trkpt lat="42.024079" lon="13.706527">
        <ele>888.5</ele>
        <time>2025-10-12T07:46:21Z</time>
      </trkpt>
      <trkpt lat="42.024119" lon="13.706573">
        <ele>889.9</ele>
        <time>2025-10-12T07:46:25Z</time>
      </trkpt>
      <trkpt lat="42.024146" lon="13.706623">
        <ele>890</ele>
        <time>2025-10-12T07:46:28Z</time>
      </trkpt>
      <trkpt lat="42.024182" lon="13.70667">
        <ele>892</ele>
        <time>2025-10-12T07:46:32Z</time>
      </trkpt>
      <trkpt lat="42.024216" lon="13.706734">
        <ele>891.9</ele>
        <time>2025-10-12T07:46:36Z</time>
      </trkpt>
      <trkpt lat="42.024237" lon="13.70679">
        <ele>892.4</ele>
        <time>2025-10-12T07:46:39Z</time>
      </trkpt>
      <trkpt lat="42.02425" lon="13.706849">
        <ele>892.9</ele>
        <time>2025-10-12T07:46:42Z</time>
      </trkpt>
      <trkpt lat="42.02426" lon="13.706922">
        <ele>892.9</ele>
        <time>2025-10-12T07:46:45Z</time>
      </trkpt>
      <trkpt lat="42.024268" lon="13.706986">
        <ele>894</ele>
        <time>2025-10-12T07:46:48Z</time>
      </trkpt>
      <trkpt lat="42.024273" lon="13.707054">
        <ele>894</ele>
        <time>2025-10-12T07:46:51Z</time>
      </trkpt>
      <trkpt lat="42.024279" lon="13.707121">
        <ele>895</ele>
        <time>2025-10-12T07:46:54Z</time>
      </trkpt>
      <trkpt lat="42.024286" lon="13.707184">
        <ele>894.9</ele>
        <time>2025-10-12T07:46:56Z</time>
      </trkpt>
      <trkpt lat="42.024301" lon="13.707243">
        <ele>896</ele>
        <time>2025-10-12T07:46:58Z</time>
      </trkpt>
      <trkpt lat="42.024322" lon="13.707309">
        <ele>895.9</ele>
        <time>2025-10-12T07:47:00Z</time>
      </trkpt>
      <trkpt lat="42.024346" lon="13.707378">
        <ele>895.9</ele>
        <time>2025-10-12T07:47:02Z</time>
      </trkpt>
      <trkpt lat="42.02437" lon="13.707446">
        <ele>895.5</ele>
        <time>2025-10-12T07:47:04Z</time>
      </trkpt>
      <trkpt lat="42.024408" lon="13.707523">
        <ele>894.9</ele>
        <time>2025-10-12T07:47:06Z</time>
      </trkpt>
      <trkpt lat="42.024432" lon="13.707604">
        <ele>893.9</ele>
        <time>2025-10-12T07:47:08Z</time>
      </trkpt>
      <trkpt lat="42.024463" lon="13.707685">
        <ele>893.9</ele>
        <time>2025-10-12T07:47:10Z</time>
      </trkpt>
      <trkpt lat="42.024501" lon="13.707766">
        <ele>893.9</ele>
        <time>2025-10-12T07:47:12Z</time>
      </trkpt>
      <trkpt lat="42.02455" lon="13.707853">
        <ele>893.9</ele>
        <time>2025-10-12T07:47:14Z</time>
      </trkpt>
      <trkpt lat="42.024605" lon="13.707946">
        <ele>893.9</ele>
        <time>2025-10-12T07:47:16Z</time>
      </trkpt>
      <trkpt lat="42.024656" lon="13.708047">
        <ele>894.9</ele>
        <time>2025-10-12T07:47:18Z</time>
      </trkpt>
      <trkpt lat="42.024685" lon="13.708095">
        <ele>894.9</ele>
        <time>2025-10-12T07:47:19Z</time>
      </trkpt>
      <trkpt lat="42.024734" lon="13.708197">
        <ele>894</ele>
        <time>2025-10-12T07:47:21Z</time>
      </trkpt>
      <trkpt lat="42.024757" lon="13.708249">
        <ele>892.9</ele>
        <time>2025-10-12T07:47:22Z</time>
      </trkpt>
      <trkpt lat="42.024805" lon="13.708343">
        <ele>892.9</ele>
        <time>2025-10-12T07:47:24Z</time>
      </trkpt>
      <trkpt lat="42.02485" lon="13.70844">
        <ele>893</ele>
        <time>2025-10-12T07:47:26Z</time>
      </trkpt>
      <trkpt lat="42.024876" lon="13.70849">
        <ele>892</ele>
        <time>2025-10-12T07:47:27Z</time>
      </trkpt>
      <trkpt lat="42.024903" lon="13.708599">
        <ele>892</ele>
        <time>2025-10-12T07:47:29Z</time>
      </trkpt>
      <trkpt lat="42.024929" lon="13.708713">
        <ele>892.9</ele>
        <time>2025-10-12T07:47:31Z</time>
      </trkpt>
      <trkpt lat="42.024957" lon="13.708823">
        <ele>894</ele>
        <time>2025-10-12T07:47:33Z</time>
      </trkpt>
      <trkpt lat="42.024989" lon="13.708925">
        <ele>894.9</ele>
        <time>2025-10-12T07:47:35Z</time>
      </trkpt>
      <trkpt lat="42.025017" lon="13.709031">
        <ele>894.9</ele>
        <time>2025-10-12T07:47:37Z</time>
      </trkpt>
      <trkpt lat="42.025035" lon="13.709137">
        <ele>894.9</ele>
        <time>2025-10-12T07:47:39Z</time>
      </trkpt>
      <trkpt lat="42.025048" lon="13.709245">
        <ele>894.9</ele>
        <time>2025-10-12T07:47:41Z</time>
      </trkpt>
      <trkpt lat="42.025064" lon="13.709357">
        <ele>895</ele>
        <time>2025-10-12T07:47:43Z</time>
      </trkpt>
      <trkpt lat="42.025081" lon="13.709455">
        <ele>894.9</ele>
        <time>2025-10-12T07:47:45Z</time>
      </trkpt>
      <trkpt lat="42.0251" lon="13.709553">
        <ele>894.9</ele>
        <time>2025-10-12T07:47:47Z</time>
      </trkpt>
      <trkpt lat="42.025128" lon="13.709648">
        <ele>895.4</ele>
        <time>2025-10-12T07:47:49Z</time>
      </trkpt>
      <trkpt lat="42.025148" lon="13.709744">
        <ele>895.4</ele>
        <time>2025-10-12T07:47:51Z</time>
      </trkpt>
      <trkpt lat="42.025166" lon="13.709855">
        <ele>895.9</ele>
        <time>2025-10-12T07:47:53Z</time>
      </trkpt>
      <trkpt lat="42.025188" lon="13.70997">
        <ele>895.9</ele>
        <time>2025-10-12T07:47:55Z</time>
      </trkpt>
      <trkpt lat="42.025198" lon="13.710083">
        <ele>896</ele>
        <time>2025-10-12T07:47:57Z</time>
      </trkpt>
      <trkpt lat="42.025205" lon="13.710191">
        <ele>896.9</ele>
        <time>2025-10-12T07:47:59Z</time>
      </trkpt>
      <trkpt lat="42.025203" lon="13.710302">
        <ele>898</ele>
        <time>2025-10-12T07:48:01Z</time>
      </trkpt>
      <trkpt lat="42.025201" lon="13.710412">
        <ele>898</ele>
        <time>2025-10-12T07:48:03Z</time>
      </trkpt>
      <trkpt lat="42.025193" lon="13.710509">
        <ele>899</ele>
        <time>2025-10-12T07:48:05Z</time>
      </trkpt>
      <trkpt lat="42.025187" lon="13.710604">
        <ele>899.4</ele>
        <time>2025-10-12T07:48:07Z</time>
      </trkpt>
      <trkpt lat="42.025177" lon="13.710706">
        <ele>899.4</ele>
        <time>2025-10-12T07:48:09Z</time>
      </trkpt>
      <trkpt lat="42.025157" lon="13.710826">
        <ele>899</ele>
        <time>2025-10-12T07:48:11Z</time>
      </trkpt>
      <trkpt lat="42.025151" lon="13.710888">
        <ele>898.9</ele>
        <time>2025-10-12T07:48:12Z</time>
      </trkpt>
      <trkpt lat="42.025135" lon="13.711">
        <ele>899</ele>
        <time>2025-10-12T07:48:14Z</time>
      </trkpt>
      <trkpt lat="42.02513" lon="13.711111">
        <ele>899</ele>
        <time>2025-10-12T07:48:16Z</time>
      </trkpt>
      <trkpt lat="42.025132" lon="13.71121">
        <ele>898.9</ele>
        <time>2025-10-12T07:48:18Z</time>
      </trkpt>
      <trkpt lat="42.025122" lon="13.711309">
        <ele>898</ele>
        <time>2025-10-12T07:48:20Z</time>
      </trkpt>
      <trkpt lat="42.025122" lon="13.711394">
        <ele>898</ele>
        <time>2025-10-12T07:48:22Z</time>
      </trkpt>
      <trkpt lat="42.025117" lon="13.711483">
        <ele>897.9</ele>
        <time>2025-10-12T07:48:24Z</time>
      </trkpt>
      <trkpt lat="42.025114" lon="13.711566">
        <ele>897.9</ele>
        <time>2025-10-12T07:48:26Z</time>
      </trkpt>
      <trkpt lat="42.025112" lon="13.71165">
        <ele>897.9</ele>
        <time>2025-10-12T07:48:28Z</time>
      </trkpt>
      <trkpt lat="42.025106" lon="13.711731">
        <ele>898.4</ele>
        <time>2025-10-12T07:48:30Z</time>
      </trkpt>
      <trkpt lat="42.025102" lon="13.711814">
        <ele>898.9</ele>
        <time>2025-10-12T07:48:32Z</time>
      </trkpt>
      <trkpt lat="42.0251" lon="13.711892">
        <ele>899</ele>
        <time>2025-10-12T07:48:34Z</time>
      </trkpt>
      <trkpt lat="42.025095" lon="13.711968">
        <ele>898.9</ele>
        <time>2025-10-12T07:48:36Z</time>
      </trkpt>
      <trkpt lat="42.025085" lon="13.712032">
        <ele>900</ele>
        <time>2025-10-12T07:48:38Z</time>
      </trkpt>
      <trkpt lat="42.025076" lon="13.712096">
        <ele>900</ele>
        <time>2025-10-12T07:48:40Z</time>
      </trkpt>
      <trkpt lat="42.025073" lon="13.71216">
        <ele>900</ele>
        <time>2025-10-12T07:48:42Z</time>
      </trkpt>
      <trkpt lat="42.025067" lon="13.712228">
        <ele>900.9</ele>
        <time>2025-10-12T07:48:44Z</time>
      </trkpt>
      <trkpt lat="42.025059" lon="13.712299">
        <ele>901</ele>
        <time>2025-10-12T07:48:46Z</time>
      </trkpt>
      <trkpt lat="42.025058" lon="13.712368">
        <ele>902</ele>
        <time>2025-10-12T07:48:48Z</time>
      </trkpt>
      <trkpt lat="42.02505" lon="13.712455">
        <ele>902.9</ele>
        <time>2025-10-12T07:48:51Z</time>
      </trkpt>
      <trkpt lat="42.025041" lon="13.712517">
        <ele>903.9</ele>
        <time>2025-10-12T07:48:53Z</time>
      </trkpt>
      <trkpt lat="42.025037" lon="13.712586">
        <ele>905</ele>
        <time>2025-10-12T07:48:55Z</time>
      </trkpt>
      <trkpt lat="42.025033" lon="13.71267">
        <ele>904.9</ele>
        <time>2025-10-12T07:48:58Z</time>
      </trkpt>
      <trkpt lat="42.025032" lon="13.712736">
        <ele>905.4</ele>
        <time>2025-10-12T07:49:01Z</time>
      </trkpt>
      <trkpt lat="42.025004" lon="13.712814">
        <ele>907</ele>
        <time>2025-10-12T07:49:05Z</time>
      </trkpt>
      <trkpt lat="42.024975" lon="13.712888">
        <ele>906.9</ele>
        <time>2025-10-12T07:49:08Z</time>
      </trkpt>
      <trkpt lat="42.024973" lon="13.712954">
        <ele>907.9</ele>
        <time>2025-10-12T07:49:11Z</time>
      </trkpt>
      <trkpt lat="42.024957" lon="13.71303">
        <ele>908</ele>
        <time>2025-10-12T07:49:14Z</time>
      </trkpt>
      <trkpt lat="42.024946" lon="13.713108">
        <ele>907.9</ele>
        <time>2025-10-12T07:49:17Z</time>
      </trkpt>
      <trkpt lat="42.02494" lon="13.713192">
        <ele>908</ele>
        <time>2025-10-12T07:49:20Z</time>
      </trkpt>
      <trkpt lat="42.024916" lon="13.713258">
        <ele>907.9</ele>
        <time>2025-10-12T07:49:23Z</time>
      </trkpt>
      <trkpt lat="42.024894" lon="13.713316">
        <ele>908.4</ele>
        <time>2025-10-12T07:49:26Z</time>
      </trkpt>
      <trkpt lat="42.024871" lon="13.713391">
        <ele>910</ele>
        <time>2025-10-12T07:49:30Z</time>
      </trkpt>
      <trkpt lat="42.024856" lon="13.713455">
        <ele>911.4</ele>
        <time>2025-10-12T07:49:33Z</time>
      </trkpt>
      <trkpt lat="42.024841" lon="13.713534">
        <ele>912</ele>
        <time>2025-10-12T07:49:36Z</time>
      </trkpt>
      <trkpt lat="42.024826" lon="13.71361">
        <ele>912.9</ele>
        <time>2025-10-12T07:49:39Z</time>
      </trkpt>
      <trkpt lat="42.024807" lon="13.713668">
        <ele>914</ele>
        <time>2025-10-12T07:49:41Z</time>
      </trkpt>
      <trkpt lat="42.024795" lon="13.713756">
        <ele>914</ele>
        <time>2025-10-12T07:49:44Z</time>
      </trkpt>
      <trkpt lat="42.02479" lon="13.713839">
        <ele>912.9</ele>
        <time>2025-10-12T07:49:47Z</time>
      </trkpt>
      <trkpt lat="42.02479" lon="13.713913">
        <ele>912.9</ele>
        <time>2025-10-12T07:49:49Z</time>
      </trkpt>
      <trkpt lat="42.024783" lon="13.714006">
        <ele>912.9</ele>
        <time>2025-10-12T07:49:51Z</time>
      </trkpt>
      <trkpt lat="42.024776" lon="13.714094">
        <ele>912.4</ele>
        <time>2025-10-12T07:49:53Z</time>
      </trkpt>
      <trkpt lat="42.024757" lon="13.714185">
        <ele>912</ele>
        <time>2025-10-12T07:49:55Z</time>
      </trkpt>
      <trkpt lat="42.02474" lon="13.714258">
        <ele>912</ele>
        <time>2025-10-12T07:49:57Z</time>
      </trkpt>
      <trkpt lat="42.024723" lon="13.714331">
        <ele>912</ele>
        <time>2025-10-12T07:49:59Z</time>
      </trkpt>
      <trkpt lat="42.024711" lon="13.714407">
        <ele>911.9</ele>
        <time>2025-10-12T07:50:01Z</time>
      </trkpt>
      <trkpt lat="42.024689" lon="13.714492">
        <ele>911.9</ele>
        <time>2025-10-12T07:50:03Z</time>
      </trkpt>
      <trkpt lat="42.024671" lon="13.714571">
        <ele>910.5</ele>
        <time>2025-10-12T07:50:05Z</time>
      </trkpt>
      <trkpt lat="42.024656" lon="13.714659">
        <ele>910</ele>
        <time>2025-10-12T07:50:07Z</time>
      </trkpt>
      <trkpt lat="42.024642" lon="13.714753">
        <ele>910</ele>
        <time>2025-10-12T07:50:09Z</time>
      </trkpt>
      <trkpt lat="42.024626" lon="13.714854">
        <ele>910</ele>
        <time>2025-10-12T07:50:11Z</time>
      </trkpt>
      <trkpt lat="42.024602" lon="13.714953">
        <ele>910.5</ele>
        <time>2025-10-12T07:50:13Z</time>
      </trkpt>
      <trkpt lat="42.024572" lon="13.715044">
        <ele>910.9</ele>
        <time>2025-10-12T07:50:15Z</time>
      </trkpt>
      <trkpt lat="42.02454" lon="13.715154">
        <ele>910.9</ele>
        <time>2025-10-12T07:50:17Z</time>
      </trkpt>
      <trkpt lat="42.024524" lon="13.715211">
        <ele>911</ele>
        <time>2025-10-12T07:50:18Z</time>
      </trkpt>
      <trkpt lat="42.024486" lon="13.715326">
        <ele>911</ele>
        <time>2025-10-12T07:50:20Z</time>
      </trkpt>
      <trkpt lat="42.024461" lon="13.715384">
        <ele>910.9</ele>
        <time>2025-10-12T07:50:21Z</time>
      </trkpt>
      <trkpt lat="42.024443" lon="13.715442">
        <ele>912.9</ele>
        <time>2025-10-12T07:50:22Z</time>
      </trkpt>
      <trkpt lat="42.024408" lon="13.715529">
        <ele>913</ele>
        <time>2025-10-12T07:50:24Z</time>
      </trkpt>
      <trkpt lat="42.024379" lon="13.715595">
        <ele>913</ele>
        <time>2025-10-12T07:50:26Z</time>
      </trkpt>
      <trkpt lat="42.024345" lon="13.715669">
        <ele>914</ele>
        <time>2025-10-12T07:50:28Z</time>
      </trkpt>
      <trkpt lat="42.024307" lon="13.715754">
        <ele>913.9</ele>
        <time>2025-10-12T07:50:30Z</time>
      </trkpt>
      <trkpt lat="42.024264" lon="13.71584">
        <ele>913.9</ele>
        <time>2025-10-12T07:50:32Z</time>
      </trkpt>
      <trkpt lat="42.024232" lon="13.715923">
        <ele>914</ele>
        <time>2025-10-12T07:50:34Z</time>
      </trkpt>
      <trkpt lat="42.024208" lon="13.716003">
        <ele>914</ele>
        <time>2025-10-12T07:50:36Z</time>
      </trkpt>
      <trkpt lat="42.024185" lon="13.716089">
        <ele>914</ele>
        <time>2025-10-12T07:50:38Z</time>
      </trkpt>
      <trkpt lat="42.024154" lon="13.716197">
        <ele>913.5</ele>
        <time>2025-10-12T07:50:40Z</time>
      </trkpt>
      <trkpt lat="42.024139" lon="13.716273">
        <ele>912.9</ele>
        <time>2025-10-12T07:50:41Z</time>
      </trkpt>
      <trkpt lat="42.024135" lon="13.716345">
        <ele>912.9</ele>
        <time>2025-10-12T07:50:42Z</time>
      </trkpt>
      <trkpt lat="42.024133" lon="13.71641">
        <ele>912</ele>
        <time>2025-10-12T07:50:43Z</time>
      </trkpt>
      <trkpt lat="42.024132" lon="13.716482">
        <ele>912</ele>
        <time>2025-10-12T07:50:44Z</time>
      </trkpt>
      <trkpt lat="42.024131" lon="13.716559">
        <ele>911.9</ele>
        <time>2025-10-12T07:50:45Z</time>
      </trkpt>
      <trkpt lat="42.024126" lon="13.716632">
        <ele>911.9</ele>
        <time>2025-10-12T07:50:46Z</time>
      </trkpt>
      <trkpt lat="42.02413" lon="13.716698">
        <ele>912</ele>
        <time>2025-10-12T07:50:47Z</time>
      </trkpt>
      <trkpt lat="42.024142" lon="13.716766">
        <ele>911.9</ele>
        <time>2025-10-12T07:50:48Z</time>
      </trkpt>
      <trkpt lat="42.024151" lon="13.716828">
        <ele>911.9</ele>
        <time>2025-10-12T07:50:49Z</time>
      </trkpt>
      <trkpt lat="42.024159" lon="13.716896">
        <ele>912</ele>
        <time>2025-10-12T07:50:50Z</time>
      </trkpt>
      <trkpt lat="42.024173" lon="13.716958">
        <ele>912</ele>
        <time>2025-10-12T07:50:51Z</time>
      </trkpt>
      <trkpt lat="42.024186" lon="13.717024">
        <ele>912</ele>
        <time>2025-10-12T07:50:52Z</time>
      </trkpt>
      <trkpt lat="42.0242" lon="13.71709">
        <ele>911.9</ele>
        <time>2025-10-12T07:50:53Z</time>
      </trkpt>
      <trkpt lat="42.024216" lon="13.717163">
        <ele>911.9</ele>
        <time>2025-10-12T07:50:54Z</time>
      </trkpt>
      <trkpt lat="42.024232" lon="13.717227">
        <ele>911.9</ele>
        <time>2025-10-12T07:50:55Z</time>
      </trkpt>
      <trkpt lat="42.024247" lon="13.717295">
        <ele>912</ele>
        <time>2025-10-12T07:50:56Z</time>
      </trkpt>
      <trkpt lat="42.024263" lon="13.717361">
        <ele>911.4</ele>
        <time>2025-10-12T07:50:57Z</time>
      </trkpt>
      <trkpt lat="42.024285" lon="13.717421">
        <ele>910.9</ele>
        <time>2025-10-12T07:50:58Z</time>
      </trkpt>
      <trkpt lat="42.024312" lon="13.717478">
        <ele>910.9</ele>
        <time>2025-10-12T07:50:59Z</time>
      </trkpt>
      <trkpt lat="42.024341" lon="13.717539">
        <ele>911</ele>
        <time>2025-10-12T07:51:00Z</time>
      </trkpt>
      <trkpt lat="42.024372" lon="13.717598">
        <ele>911</ele>
        <time>2025-10-12T07:51:01Z</time>
      </trkpt>
      <trkpt lat="42.024421" lon="13.717689">
        <ele>911</ele>
        <time>2025-10-12T07:51:03Z</time>
      </trkpt>
      <trkpt lat="42.024477" lon="13.717776">
        <ele>912</ele>
        <time>2025-10-12T07:51:05Z</time>
      </trkpt>
      <trkpt lat="42.024529" lon="13.717861">
        <ele>912.9</ele>
        <time>2025-10-12T07:51:07Z</time>
      </trkpt>
      <trkpt lat="42.024572" lon="13.717939">
        <ele>914</ele>
        <time>2025-10-12T07:51:09Z</time>
      </trkpt>
      <trkpt lat="42.024616" lon="13.71802">
        <ele>914</ele>
        <time>2025-10-12T07:51:11Z</time>
      </trkpt>
      <trkpt lat="42.024672" lon="13.718102">
        <ele>914</ele>
        <time>2025-10-12T07:51:13Z</time>
      </trkpt>
      <trkpt lat="42.024708" lon="13.71814">
        <ele>913.9</ele>
        <time>2025-10-12T07:51:14Z</time>
      </trkpt>
      <trkpt lat="42.024741" lon="13.718191">
        <ele>914</ele>
        <time>2025-10-12T07:51:15Z</time>
      </trkpt>
      <trkpt lat="42.024809" lon="13.718259">
        <ele>913.9</ele>
        <time>2025-10-12T07:51:17Z</time>
      </trkpt>
      <trkpt lat="42.024851" lon="13.718297">
        <ele>914</ele>
        <time>2025-10-12T07:51:18Z</time>
      </trkpt>
      <trkpt lat="42.02491" lon="13.718349">
        <ele>913</ele>
        <time>2025-10-12T07:51:20Z</time>
      </trkpt>
      <trkpt lat="42.024974" lon="13.718391">
        <ele>913</ele>
        <time>2025-10-12T07:51:22Z</time>
      </trkpt>
      <trkpt lat="42.025031" lon="13.718421">
        <ele>912.9</ele>
        <time>2025-10-12T07:51:24Z</time>
      </trkpt>
      <trkpt lat="42.025084" lon="13.718443">
        <ele>913</ele>
        <time>2025-10-12T07:51:26Z</time>
      </trkpt>
      <trkpt lat="42.025132" lon="13.718463">
        <ele>913.5</ele>
        <time>2025-10-12T07:51:28Z</time>
      </trkpt>
      <trkpt lat="42.025176" lon="13.718484">
        <ele>913.9</ele>
        <time>2025-10-12T07:51:30Z</time>
      </trkpt>
      <trkpt lat="42.02522" lon="13.718506">
        <ele>914</ele>
        <time>2025-10-12T07:51:32Z</time>
      </trkpt>
      <trkpt lat="42.025265" lon="13.71851">
        <ele>914.4</ele>
        <time>2025-10-12T07:51:34Z</time>
      </trkpt>
      <trkpt lat="42.025319" lon="13.718526">
        <ele>915</ele>
        <time>2025-10-12T07:51:36Z</time>
      </trkpt>
      <trkpt lat="42.025377" lon="13.718539">
        <ele>915</ele>
        <time>2025-10-12T07:51:38Z</time>
      </trkpt>
      <trkpt lat="42.025432" lon="13.718559">
        <ele>915.9</ele>
        <time>2025-10-12T07:51:40Z</time>
      </trkpt>
      <trkpt lat="42.025484" lon="13.718576">
        <ele>916.9</ele>
        <time>2025-10-12T07:51:42Z</time>
      </trkpt>
      <trkpt lat="42.025533" lon="13.718586">
        <ele>917.9</ele>
        <time>2025-10-12T07:51:44Z</time>
      </trkpt>
      <trkpt lat="42.025592" lon="13.718593">
        <ele>918</ele>
        <time>2025-10-12T07:51:46Z</time>
      </trkpt>
      <trkpt lat="42.025655" lon="13.718604">
        <ele>917.9</ele>
        <time>2025-10-12T07:51:48Z</time>
      </trkpt>
      <trkpt lat="42.025717" lon="13.718623">
        <ele>918.9</ele>
        <time>2025-10-12T07:51:50Z</time>
      </trkpt>
      <trkpt lat="42.025779" lon="13.718636">
        <ele>918.9</ele>
        <time>2025-10-12T07:51:52Z</time>
      </trkpt>
      <trkpt lat="42.025847" lon="13.71864">
        <ele>919.9</ele>
        <time>2025-10-12T07:51:54Z</time>
      </trkpt>
      <trkpt lat="42.025914" lon="13.718646">
        <ele>920.5</ele>
        <time>2025-10-12T07:51:56Z</time>
      </trkpt>
      <trkpt lat="42.02599" lon="13.718649">
        <ele>920.9</ele>
        <time>2025-10-12T07:51:58Z</time>
      </trkpt>
      <trkpt lat="42.02606" lon="13.71866">
        <ele>920.9</ele>
        <time>2025-10-12T07:52:00Z</time>
      </trkpt>
      <trkpt lat="42.026122" lon="13.718666">
        <ele>921</ele>
        <time>2025-10-12T07:52:02Z</time>
      </trkpt>
      <trkpt lat="42.026187" lon="13.718676">
        <ele>922</ele>
        <time>2025-10-12T07:52:04Z</time>
      </trkpt>
      <trkpt lat="42.026248" lon="13.718691">
        <ele>922.9</ele>
        <time>2025-10-12T07:52:06Z</time>
      </trkpt>
      <trkpt lat="42.026304" lon="13.718703">
        <ele>923</ele>
        <time>2025-10-12T07:52:08Z</time>
      </trkpt>
      <trkpt lat="42.026352" lon="13.718728">
        <ele>922.9</ele>
        <time>2025-10-12T07:52:10Z</time>
      </trkpt>
      <trkpt lat="42.026408" lon="13.718732">
        <ele>923</ele>
        <time>2025-10-12T07:52:13Z</time>
      </trkpt>
      <trkpt lat="42.026467" lon="13.718727">
        <ele>922.9</ele>
        <time>2025-10-12T07:52:16Z</time>
      </trkpt>
      <trkpt lat="42.026521" lon="13.718735">
        <ele>923.5</ele>
        <time>2025-10-12T07:52:18Z</time>
      </trkpt>
      <trkpt lat="42.026578" lon="13.718725">
        <ele>923.9</ele>
        <time>2025-10-12T07:52:20Z</time>
      </trkpt>
      <trkpt lat="42.026641" lon="13.718722">
        <ele>923.9</ele>
        <time>2025-10-12T07:52:22Z</time>
      </trkpt>
      <trkpt lat="42.026708" lon="13.718713">
        <ele>924</ele>
        <time>2025-10-12T07:52:24Z</time>
      </trkpt>
      <trkpt lat="42.026771" lon="13.718709">
        <ele>923.5</ele>
        <time>2025-10-12T07:52:26Z</time>
      </trkpt>
      <trkpt lat="42.026836" lon="13.718727">
        <ele>922</ele>
        <time>2025-10-12T07:52:28Z</time>
      </trkpt>
      <trkpt lat="42.026907" lon="13.718735">
        <ele>920.9</ele>
        <time>2025-10-12T07:52:30Z</time>
      </trkpt>
      <trkpt lat="42.026977" lon="13.718748">
        <ele>920.5</ele>
        <time>2025-10-12T07:52:32Z</time>
      </trkpt>
      <trkpt lat="42.027048" lon="13.718778">
        <ele>919.4</ele>
        <time>2025-10-12T07:52:34Z</time>
      </trkpt>
      <trkpt lat="42.027123" lon="13.71883">
        <ele>919</ele>
        <time>2025-10-12T07:52:36Z</time>
      </trkpt>
      <trkpt lat="42.027207" lon="13.718855">
        <ele>918.5</ele>
        <time>2025-10-12T07:52:38Z</time>
      </trkpt>
      <trkpt lat="42.027278" lon="13.718851">
        <ele>917.9</ele>
        <time>2025-10-12T07:52:39Z</time>
      </trkpt>
      <trkpt lat="42.027359" lon="13.718833">
        <ele>916.4</ele>
        <time>2025-10-12T07:52:40Z</time>
      </trkpt>
      <trkpt lat="42.027447" lon="13.7188">
        <ele>916</ele>
        <time>2025-10-12T07:52:41Z</time>
      </trkpt>
      <trkpt lat="42.027511" lon="13.71876">
        <ele>916</ele>
        <time>2025-10-12T07:52:42Z</time>
      </trkpt>
      <trkpt lat="42.027557" lon="13.71873">
        <ele>915.4</ele>
        <time>2025-10-12T07:52:43Z</time>
      </trkpt>
      <trkpt lat="42.027628" lon="13.718662">
        <ele>916</ele>
        <time>2025-10-12T07:52:45Z</time>
      </trkpt>
      <trkpt lat="42.027685" lon="13.718606">
        <ele>919</ele>
        <time>2025-10-12T07:52:47Z</time>
      </trkpt>
      <trkpt lat="42.027733" lon="13.718547">
        <ele>920</ele>
        <time>2025-10-12T07:52:49Z</time>
      </trkpt>
      <trkpt lat="42.027774" lon="13.718485">
        <ele>920</ele>
        <time>2025-10-12T07:52:51Z</time>
      </trkpt>
      <trkpt lat="42.027812" lon="13.71844">
        <ele>920.4</ele>
        <time>2025-10-12T07:52:53Z</time>
      </trkpt>
      <trkpt lat="42.027849" lon="13.718403">
        <ele>920.9</ele>
        <time>2025-10-12T07:52:55Z</time>
      </trkpt>
      <trkpt lat="42.027891" lon="13.718346">
        <ele>920.9</ele>
        <time>2025-10-12T07:52:58Z</time>
      </trkpt>
      <trkpt lat="42.027942" lon="13.718294">
        <ele>920.9</ele>
        <time>2025-10-12T07:53:02Z</time>
      </trkpt>
      <trkpt lat="42.027985" lon="13.718251">
        <ele>921.4</ele>
        <time>2025-10-12T07:53:05Z</time>
      </trkpt>
      <trkpt lat="42.028039" lon="13.718219">
        <ele>922.4</ele>
        <time>2025-10-12T07:53:09Z</time>
      </trkpt>
      <trkpt lat="42.028088" lon="13.718177">
        <ele>923.9</ele>
        <time>2025-10-12T07:53:12Z</time>
      </trkpt>
      <trkpt lat="42.02814" lon="13.718127">
        <ele>925</ele>
        <time>2025-10-12T07:53:15Z</time>
      </trkpt>
      <trkpt lat="42.028181" lon="13.718074">
        <ele>926</ele>
        <time>2025-10-12T07:53:18Z</time>
      </trkpt>
      <trkpt lat="42.028212" lon="13.718023">
        <ele>926</ele>
        <time>2025-10-12T07:53:22Z</time>
      </trkpt>
      <trkpt lat="42.028239" lon="13.717972">
        <ele>926</ele>
        <time>2025-10-12T07:53:25Z</time>
      </trkpt>
      <trkpt lat="42.028269" lon="13.717913">
        <ele>927</ele>
        <time>2025-10-12T07:53:28Z</time>
      </trkpt>
      <trkpt lat="42.02831" lon="13.71785">
        <ele>927</ele>
        <time>2025-10-12T07:53:32Z</time>
      </trkpt>
      <trkpt lat="42.028344" lon="13.717806">
        <ele>928</ele>
        <time>2025-10-12T07:53:35Z</time>
      </trkpt>
      <trkpt lat="42.028384" lon="13.717772">
        <ele>929</ele>
        <time>2025-10-12T07:53:39Z</time>
      </trkpt>
      <trkpt lat="42.028414" lon="13.717725">
        <ele>928.4</ele>
        <time>2025-10-12T07:53:43Z</time>
      </trkpt>
      <trkpt lat="42.028456" lon="13.717767">
        <ele>929</ele>
        <time>2025-10-12T07:54:03Z</time>
      </trkpt>
      <trkpt lat="42.028503" lon="13.717713">
        <ele>930.9</ele>
        <time>2025-10-12T07:54:07Z</time>
      </trkpt>
      <trkpt lat="42.028523" lon="13.717657">
        <ele>931</ele>
        <time>2025-10-12T07:54:11Z</time>
      </trkpt>
      <trkpt lat="42.028577" lon="13.717667">
        <ele>931.9</ele>
        <time>2025-10-12T07:55:50Z</time>
      </trkpt>
      <trkpt lat="42.028631" lon="13.717678">
        <ele>932.9</ele>
        <time>2025-10-12T07:55:53Z</time>
      </trkpt>
      <trkpt lat="42.028692" lon="13.717699">
        <ele>931</ele>
        <time>2025-10-12T07:55:56Z</time>
      </trkpt>
      <trkpt lat="42.02874" lon="13.717714">
        <ele>931</ele>
        <time>2025-10-12T07:55:58Z</time>
      </trkpt>
      <trkpt lat="42.028808" lon="13.717711">
        <ele>932</ele>
        <time>2025-10-12T07:56:01Z</time>
      </trkpt>
      <trkpt lat="42.028853" lon="13.717708">
        <ele>931.9</ele>
        <time>2025-10-12T07:56:03Z</time>
      </trkpt>
      <trkpt lat="42.028912" lon="13.717716">
        <ele>931.9</ele>
        <time>2025-10-12T07:56:06Z</time>
      </trkpt>
      <trkpt lat="42.028963" lon="13.717717">
        <ele>932</ele>
        <time>2025-10-12T07:56:09Z</time>
      </trkpt>
      <trkpt lat="42.029018" lon="13.717725">
        <ele>932</ele>
        <time>2025-10-12T07:56:12Z</time>
      </trkpt>
      <trkpt lat="42.029065" lon="13.717734">
        <ele>931.9</ele>
        <time>2025-10-12T07:56:14Z</time>
      </trkpt>
      <trkpt lat="42.029121" lon="13.717754">
        <ele>932</ele>
        <time>2025-10-12T07:56:17Z</time>
      </trkpt>
      <trkpt lat="42.029188" lon="13.717769">
        <ele>932</ele>
        <time>2025-10-12T07:56:20Z</time>
      </trkpt>
      <trkpt lat="42.029234" lon="13.717774">
        <ele>932</ele>
        <time>2025-10-12T07:56:22Z</time>
      </trkpt>
      <trkpt lat="42.029281" lon="13.717784">
        <ele>933</ele>
        <time>2025-10-12T07:56:25Z</time>
      </trkpt>
      <trkpt lat="42.029326" lon="13.717793">
        <ele>933</ele>
        <time>2025-10-12T07:56:28Z</time>
      </trkpt>
      <trkpt lat="42.029376" lon="13.717787">
        <ele>932.9</ele>
        <time>2025-10-12T07:56:31Z</time>
      </trkpt>
      <trkpt lat="42.029426" lon="13.717779">
        <ele>932.9</ele>
        <time>2025-10-12T07:56:34Z</time>
      </trkpt>
      <trkpt lat="42.029484" lon="13.717766">
        <ele>933</ele>
        <time>2025-10-12T07:56:37Z</time>
      </trkpt>
      <trkpt lat="42.029543" lon="13.717767">
        <ele>932</ele>
        <time>2025-10-12T07:56:40Z</time>
      </trkpt>
      <trkpt lat="42.029605" lon="13.71777">
        <ele>932</ele>
        <time>2025-10-12T07:56:43Z</time>
      </trkpt>
      <trkpt lat="42.02965" lon="13.717773">
        <ele>932.9</ele>
        <time>2025-10-12T07:56:45Z</time>
      </trkpt>
      <trkpt lat="42.029719" lon="13.71777">
        <ele>932.9</ele>
        <time>2025-10-12T07:56:48Z</time>
      </trkpt>
      <trkpt lat="42.029766" lon="13.717775">
        <ele>934</ele>
        <time>2025-10-12T07:56:50Z</time>
      </trkpt>
      <trkpt lat="42.029815" lon="13.717774">
        <ele>933.9</ele>
        <time>2025-10-12T07:56:52Z</time>
      </trkpt>
      <trkpt lat="42.029863" lon="13.717774">
        <ele>934.9</ele>
        <time>2025-10-12T07:56:54Z</time>
      </trkpt>
      <trkpt lat="42.029906" lon="13.717749">
        <ele>934.9</ele>
        <time>2025-10-12T07:56:56Z</time>
      </trkpt>
      <trkpt lat="42.029951" lon="13.71771">
        <ele>934.9</ele>
        <time>2025-10-12T07:56:58Z</time>
      </trkpt>
      <trkpt lat="42.030001" lon="13.71768">
        <ele>935</ele>
        <time>2025-10-12T07:57:00Z</time>
      </trkpt>
      <trkpt lat="42.030044" lon="13.717652">
        <ele>935.9</ele>
        <time>2025-10-12T07:57:02Z</time>
      </trkpt>
      <trkpt lat="42.030099" lon="13.717602">
        <ele>936.9</ele>
        <time>2025-10-12T07:57:05Z</time>
      </trkpt>
      <trkpt lat="42.03016" lon="13.717558">
        <ele>937</ele>
        <time>2025-10-12T07:57:08Z</time>
      </trkpt>
      <trkpt lat="42.030191" lon="13.717512">
        <ele>937.9</ele>
        <time>2025-10-12T07:57:10Z</time>
      </trkpt>
      <trkpt lat="42.030229" lon="13.717452">
        <ele>938</ele>
        <time>2025-10-12T07:57:12Z</time>
      </trkpt>
      <trkpt lat="42.030256" lon="13.717392">
        <ele>939</ele>
        <time>2025-10-12T07:57:14Z</time>
      </trkpt>
      <trkpt lat="42.030282" lon="13.717336">
        <ele>938.9</ele>
        <time>2025-10-12T07:57:16Z</time>
      </trkpt>
      <trkpt lat="42.030309" lon="13.71726">
        <ele>939</ele>
        <time>2025-10-12T07:57:19Z</time>
      </trkpt>
      <trkpt lat="42.030334" lon="13.717198">
        <ele>937.9</ele>
        <time>2025-10-12T07:57:22Z</time>
      </trkpt>
      <trkpt lat="42.030358" lon="13.717121">
        <ele>938</ele>
        <time>2025-10-12T07:57:25Z</time>
      </trkpt>
      <trkpt lat="42.030368" lon="13.717039">
        <ele>937.9</ele>
        <time>2025-10-12T07:57:28Z</time>
      </trkpt>
      <trkpt lat="42.030381" lon="13.716962">
        <ele>938</ele>
        <time>2025-10-12T07:57:31Z</time>
      </trkpt>
      <trkpt lat="42.030384" lon="13.7169">
        <ele>938</ele>
        <time>2025-10-12T07:57:33Z</time>
      </trkpt>
      <trkpt lat="42.030376" lon="13.716816">
        <ele>938.9</ele>
        <time>2025-10-12T07:57:36Z</time>
      </trkpt>
      <trkpt lat="42.030372" lon="13.716732">
        <ele>938.9</ele>
        <time>2025-10-12T07:57:39Z</time>
      </trkpt>
      <trkpt lat="42.030355" lon="13.716644">
        <ele>938.9</ele>
        <time>2025-10-12T07:57:42Z</time>
      </trkpt>
      <trkpt lat="42.030325" lon="13.716577">
        <ele>939</ele>
        <time>2025-10-12T07:57:45Z</time>
      </trkpt>
      <trkpt lat="42.030287" lon="13.716518">
        <ele>939.9</ele>
        <time>2025-10-12T07:57:48Z</time>
      </trkpt>
      <trkpt lat="42.030245" lon="13.716481">
        <ele>940</ele>
        <time>2025-10-12T07:57:51Z</time>
      </trkpt>
      <trkpt lat="42.030207" lon="13.716438">
        <ele>940</ele>
        <time>2025-10-12T07:57:54Z</time>
      </trkpt>
      <trkpt lat="42.030165" lon="13.716408">
        <ele>940.9</ele>
        <time>2025-10-12T07:57:57Z</time>
      </trkpt>
      <trkpt lat="42.030119" lon="13.716378">
        <ele>941</ele>
        <time>2025-10-12T07:58:00Z</time>
      </trkpt>
      <trkpt lat="42.030063" lon="13.716352">
        <ele>940.9</ele>
        <time>2025-10-12T07:58:04Z</time>
      </trkpt>
      <trkpt lat="42.030005" lon="13.716335">
        <ele>940.9</ele>
        <time>2025-10-12T07:58:07Z</time>
      </trkpt>
      <trkpt lat="42.029949" lon="13.716324">
        <ele>940.9</ele>
        <time>2025-10-12T07:58:10Z</time>
      </trkpt>
      <trkpt lat="42.02989" lon="13.716289">
        <ele>940.9</ele>
        <time>2025-10-12T07:58:13Z</time>
      </trkpt>
      <trkpt lat="42.029827" lon="13.716254">
        <ele>940.9</ele>
        <time>2025-10-12T07:58:16Z</time>
      </trkpt>
      <trkpt lat="42.029778" lon="13.716231">
        <ele>940.9</ele>
        <time>2025-10-12T07:58:18Z</time>
      </trkpt>
      <trkpt lat="42.02973" lon="13.716204">
        <ele>940.9</ele>
        <time>2025-10-12T07:58:20Z</time>
      </trkpt>
      <trkpt lat="42.029672" lon="13.716178">
        <ele>941</ele>
        <time>2025-10-12T07:58:23Z</time>
      </trkpt>
      <trkpt lat="42.029615" lon="13.716156">
        <ele>941.9</ele>
        <time>2025-10-12T07:58:26Z</time>
      </trkpt>
      <trkpt lat="42.029557" lon="13.716139">
        <ele>942</ele>
        <time>2025-10-12T07:58:29Z</time>
      </trkpt>
      <trkpt lat="42.029496" lon="13.716149">
        <ele>941.9</ele>
        <time>2025-10-12T07:58:32Z</time>
      </trkpt>
      <trkpt lat="42.029444" lon="13.716167">
        <ele>943</ele>
        <time>2025-10-12T07:58:35Z</time>
      </trkpt>
      <trkpt lat="42.029389" lon="13.716183">
        <ele>943.4</ele>
        <time>2025-10-12T07:58:37Z</time>
      </trkpt>
      <trkpt lat="42.029335" lon="13.716197">
        <ele>943.9</ele>
        <time>2025-10-12T07:58:40Z</time>
      </trkpt>
      <trkpt lat="42.029277" lon="13.716205">
        <ele>943.9</ele>
        <time>2025-10-12T07:58:43Z</time>
      </trkpt>
      <trkpt lat="42.029219" lon="13.716187">
        <ele>943.9</ele>
        <time>2025-10-12T07:58:46Z</time>
      </trkpt>
      <trkpt lat="42.02917" lon="13.716151">
        <ele>944</ele>
        <time>2025-10-12T07:58:49Z</time>
      </trkpt>
      <trkpt lat="42.029111" lon="13.716146">
        <ele>942.9</ele>
        <time>2025-10-12T07:58:52Z</time>
      </trkpt>
      <trkpt lat="42.02906" lon="13.716165">
        <ele>943</ele>
        <time>2025-10-12T07:58:55Z</time>
      </trkpt>
      <trkpt lat="42.02901" lon="13.716183">
        <ele>943.4</ele>
        <time>2025-10-12T07:58:58Z</time>
      </trkpt>
      <trkpt lat="42.028967" lon="13.716218">
        <ele>943.9</ele>
        <time>2025-10-12T07:59:00Z</time>
      </trkpt>
      <trkpt lat="42.028926" lon="13.716243">
        <ele>943.9</ele>
        <time>2025-10-12T07:59:02Z</time>
      </trkpt>
      <trkpt lat="42.028876" lon="13.716261">
        <ele>943.9</ele>
        <time>2025-10-12T07:59:05Z</time>
      </trkpt>
      <trkpt lat="42.028816" lon="13.716235">
        <ele>946</ele>
        <time>2025-10-12T07:59:09Z</time>
      </trkpt>
      <trkpt lat="42.028756" lon="13.716242">
        <ele>946.4</ele>
        <time>2025-10-12T07:59:13Z</time>
      </trkpt>
      <trkpt lat="42.028698" lon="13.716263">
        <ele>947.5</ele>
        <time>2025-10-12T07:59:17Z</time>
      </trkpt>
      <trkpt lat="42.028652" lon="13.716263">
        <ele>948.9</ele>
        <time>2025-10-12T07:59:20Z</time>
      </trkpt>
      <trkpt lat="42.028607" lon="13.716278">
        <ele>952</ele>
        <time>2025-10-12T07:59:25Z</time>
      </trkpt>
      <trkpt lat="42.028559" lon="13.716305">
        <ele>952.9</ele>
        <time>2025-10-12T07:59:30Z</time>
      </trkpt>
      <trkpt lat="42.028509" lon="13.716338">
        <ele>953.9</ele>
        <time>2025-10-12T07:59:34Z</time>
      </trkpt>
      <trkpt lat="42.028458" lon="13.716371">
        <ele>953.9</ele>
        <time>2025-10-12T07:59:37Z</time>
      </trkpt>
      <trkpt lat="42.028404" lon="13.716389">
        <ele>955</ele>
        <time>2025-10-12T07:59:40Z</time>
      </trkpt>
      <trkpt lat="42.028354" lon="13.716409">
        <ele>956</ele>
        <time>2025-10-12T07:59:43Z</time>
      </trkpt>
      <trkpt lat="42.028302" lon="13.716425">
        <ele>956.9</ele>
        <time>2025-10-12T07:59:46Z</time>
      </trkpt>
      <trkpt lat="42.028258" lon="13.716443">
        <ele>957.9</ele>
        <time>2025-10-12T07:59:49Z</time>
      </trkpt>
      <trkpt lat="42.028216" lon="13.71647">
        <ele>959.9</ele>
        <time>2025-10-12T07:59:53Z</time>
      </trkpt>
      <trkpt lat="42.02818" lon="13.716507">
        <ele>961.9</ele>
        <time>2025-10-12T07:59:57Z</time>
      </trkpt>
      <trkpt lat="42.028128" lon="13.71655">
        <ele>963</ele>
        <time>2025-10-12T08:00:01Z</time>
      </trkpt>
      <trkpt lat="42.028086" lon="13.71659">
        <ele>963</ele>
        <time>2025-10-12T08:00:04Z</time>
      </trkpt>
      <trkpt lat="42.028046" lon="13.71662">
        <ele>963</ele>
        <time>2025-10-12T08:00:07Z</time>
      </trkpt>
      <trkpt lat="42.028" lon="13.716647">
        <ele>963.9</ele>
        <time>2025-10-12T08:00:10Z</time>
      </trkpt>
      <trkpt lat="42.027955" lon="13.716668">
        <ele>964</ele>
        <time>2025-10-12T08:00:13Z</time>
      </trkpt>
      <trkpt lat="42.027902" lon="13.716688">
        <ele>966</ele>
        <time>2025-10-12T08:00:17Z</time>
      </trkpt>
      <trkpt lat="42.027854" lon="13.7167">
        <ele>966.9</ele>
        <time>2025-10-12T08:00:20Z</time>
      </trkpt>
      <trkpt lat="42.027796" lon="13.716718">
        <ele>967</ele>
        <time>2025-10-12T08:00:24Z</time>
      </trkpt>
      <trkpt lat="42.027738" lon="13.716733">
        <ele>967.9</ele>
        <time>2025-10-12T08:00:28Z</time>
      </trkpt>
      <trkpt lat="42.027693" lon="13.716737">
        <ele>968.4</ele>
        <time>2025-10-12T08:00:31Z</time>
      </trkpt>
      <trkpt lat="42.027648" lon="13.716744">
        <ele>969</ele>
        <time>2025-10-12T08:00:34Z</time>
      </trkpt>
      <trkpt lat="42.027586" lon="13.716751">
        <ele>969.9</ele>
        <time>2025-10-12T08:00:38Z</time>
      </trkpt>
      <trkpt lat="42.027541" lon="13.716764">
        <ele>970.4</ele>
        <time>2025-10-12T08:00:41Z</time>
      </trkpt>
      <trkpt lat="42.027494" lon="13.716776">
        <ele>970.9</ele>
        <time>2025-10-12T08:00:44Z</time>
      </trkpt>
      <trkpt lat="42.027438" lon="13.716796">
        <ele>971</ele>
        <time>2025-10-12T08:00:47Z</time>
      </trkpt>
      <trkpt lat="42.02738" lon="13.71679">
        <ele>971.9</ele>
        <time>2025-10-12T08:00:50Z</time>
      </trkpt>
      <trkpt lat="42.027325" lon="13.716786">
        <ele>973</ele>
        <time>2025-10-12T08:00:53Z</time>
      </trkpt>
      <trkpt lat="42.027277" lon="13.716776">
        <ele>973</ele>
        <time>2025-10-12T08:00:56Z</time>
      </trkpt>
      <trkpt lat="42.027229" lon="13.716775">
        <ele>974</ele>
        <time>2025-10-12T08:00:59Z</time>
      </trkpt>
      <trkpt lat="42.027169" lon="13.716783">
        <ele>973.9</ele>
        <time>2025-10-12T08:01:03Z</time>
      </trkpt>
      <trkpt lat="42.027117" lon="13.716795">
        <ele>974.4</ele>
        <time>2025-10-12T08:01:07Z</time>
      </trkpt>
      <trkpt lat="42.027058" lon="13.716803">
        <ele>975.9</ele>
        <time>2025-10-12T08:01:11Z</time>
      </trkpt>
      <trkpt lat="42.027002" lon="13.716797">
        <ele>977</ele>
        <time>2025-10-12T08:01:15Z</time>
      </trkpt>
      <trkpt lat="42.026951" lon="13.716784">
        <ele>977</ele>
        <time>2025-10-12T08:01:18Z</time>
      </trkpt>
      <trkpt lat="42.026898" lon="13.716745">
        <ele>978</ele>
        <time>2025-10-12T08:01:22Z</time>
      </trkpt>
      <trkpt lat="42.026866" lon="13.716691">
        <ele>979.5</ele>
        <time>2025-10-12T08:01:26Z</time>
      </trkpt>
      <trkpt lat="42.026887" lon="13.716636">
        <ele>980.5</ele>
        <time>2025-10-12T08:01:32Z</time>
      </trkpt>
      <trkpt lat="42.026906" lon="13.716573">
        <ele>983</ele>
        <time>2025-10-12T08:01:38Z</time>
      </trkpt>
      <trkpt lat="42.026945" lon="13.716534">
        <ele>984.9</ele>
        <time>2025-10-12T08:01:43Z</time>
      </trkpt>
      <trkpt lat="42.026994" lon="13.716544">
        <ele>986.9</ele>
        <time>2025-10-12T08:01:48Z</time>
      </trkpt>
      <trkpt lat="42.027043" lon="13.716571">
        <ele>988</ele>
        <time>2025-10-12T08:01:52Z</time>
      </trkpt>
      <trkpt lat="42.027091" lon="13.716579">
        <ele>989</ele>
        <time>2025-10-12T08:01:55Z</time>
      </trkpt>
      <trkpt lat="42.027153" lon="13.716582">
        <ele>989</ele>
        <time>2025-10-12T08:01:58Z</time>
      </trkpt>
      <trkpt lat="42.027202" lon="13.71659">
        <ele>989</ele>
        <time>2025-10-12T08:02:00Z</time>
      </trkpt>
      <trkpt lat="42.027271" lon="13.716592">
        <ele>988.9</ele>
        <time>2025-10-12T08:02:02Z</time>
      </trkpt>
      <trkpt lat="42.027318" lon="13.716589">
        <ele>989</ele>
        <time>2025-10-12T08:02:03Z</time>
      </trkpt>
      <trkpt lat="42.027365" lon="13.716591">
        <ele>989</ele>
        <time>2025-10-12T08:02:04Z</time>
      </trkpt>
      <trkpt lat="42.027452" lon="13.716597">
        <ele>990.5</ele>
        <time>2025-10-12T08:02:06Z</time>
      </trkpt>
      <trkpt lat="42.027502" lon="13.716601">
        <ele>991</ele>
        <time>2025-10-12T08:02:07Z</time>
      </trkpt>
      <trkpt lat="42.02755" lon="13.716594">
        <ele>990.4</ele>
        <time>2025-10-12T08:02:08Z</time>
      </trkpt>
      <trkpt lat="42.027635" lon="13.716585">
        <ele>990</ele>
        <time>2025-10-12T08:02:10Z</time>
      </trkpt>
      <trkpt lat="42.027697" lon="13.716576">
        <ele>989.9</ele>
        <time>2025-10-12T08:02:12Z</time>
      </trkpt>
      <trkpt lat="42.027757" lon="13.716552">
        <ele>990</ele>
        <time>2025-10-12T08:02:14Z</time>
      </trkpt>
      <trkpt lat="42.027821" lon="13.716533">
        <ele>988.9</ele>
        <time>2025-10-12T08:02:16Z</time>
      </trkpt>
      <trkpt lat="42.027888" lon="13.716491">
        <ele>988</ele>
        <time>2025-10-12T08:02:18Z</time>
      </trkpt>
      <trkpt lat="42.027968" lon="13.716445">
        <ele>987.9</ele>
        <time>2025-10-12T08:02:20Z</time>
      </trkpt>
      <trkpt lat="42.028009" lon="13.716416">
        <ele>987.9</ele>
        <time>2025-10-12T08:02:21Z</time>
      </trkpt>
      <trkpt lat="42.02806" lon="13.716381">
        <ele>988</ele>
        <time>2025-10-12T08:02:22Z</time>
      </trkpt>
      <trkpt lat="42.028111" lon="13.716344">
        <ele>987.9</ele>
        <time>2025-10-12T08:02:23Z</time>
      </trkpt>
      <trkpt lat="42.028159" lon="13.716317">
        <ele>987.9</ele>
        <time>2025-10-12T08:02:24Z</time>
      </trkpt>
      <trkpt lat="42.028203" lon="13.716294">
        <ele>987.9</ele>
        <time>2025-10-12T08:02:25Z</time>
      </trkpt>
      <trkpt lat="42.028273" lon="13.716241">
        <ele>987.9</ele>
        <time>2025-10-12T08:02:27Z</time>
      </trkpt>
      <trkpt lat="42.028324" lon="13.716182">
        <ele>987.9</ele>
        <time>2025-10-12T08:02:29Z</time>
      </trkpt>
      <trkpt lat="42.028372" lon="13.716107">
        <ele>988</ele>
        <time>2025-10-12T08:02:31Z</time>
      </trkpt>
      <trkpt lat="42.028405" lon="13.71606">
        <ele>987.9</ele>
        <time>2025-10-12T08:02:32Z</time>
      </trkpt>
      <trkpt lat="42.028444" lon="13.716013">
        <ele>988</ele>
        <time>2025-10-12T08:02:33Z</time>
      </trkpt>
      <trkpt lat="42.028484" lon="13.715962">
        <ele>987.9</ele>
        <time>2025-10-12T08:02:34Z</time>
      </trkpt>
      <trkpt lat="42.028522" lon="13.715912">
        <ele>987.5</ele>
        <time>2025-10-12T08:02:35Z</time>
      </trkpt>
      <trkpt lat="42.028563" lon="13.715863">
        <ele>986.9</ele>
        <time>2025-10-12T08:02:36Z</time>
      </trkpt>
      <trkpt lat="42.028595" lon="13.71582">
        <ele>986.5</ele>
        <time>2025-10-12T08:02:37Z</time>
      </trkpt>
      <trkpt lat="42.028657" lon="13.715743">
        <ele>985</ele>
        <time>2025-10-12T08:02:39Z</time>
      </trkpt>
      <trkpt lat="42.028726" lon="13.7157">
        <ele>985</ele>
        <time>2025-10-12T08:02:41Z</time>
      </trkpt>
      <trkpt lat="42.028805" lon="13.715684">
        <ele>983.9</ele>
        <time>2025-10-12T08:02:43Z</time>
      </trkpt>
      <trkpt lat="42.028887" lon="13.715665">
        <ele>983</ele>
        <time>2025-10-12T08:02:45Z</time>
      </trkpt>
      <trkpt lat="42.028968" lon="13.715655">
        <ele>981.9</ele>
        <time>2025-10-12T08:02:47Z</time>
      </trkpt>
      <trkpt lat="42.029032" lon="13.71564">
        <ele>980</ele>
        <time>2025-10-12T08:02:48Z</time>
      </trkpt>
      <trkpt lat="42.029095" lon="13.715613">
        <ele>980</ele>
        <time>2025-10-12T08:02:49Z</time>
      </trkpt>
      <trkpt lat="42.029154" lon="13.715575">
        <ele>980</ele>
        <time>2025-10-12T08:02:50Z</time>
      </trkpt>
      <trkpt lat="42.029205" lon="13.715526">
        <ele>980</ele>
        <time>2025-10-12T08:02:52Z</time>
      </trkpt>
      <trkpt lat="42.029252" lon="13.715489">
        <ele>980.9</ele>
        <time>2025-10-12T08:02:54Z</time>
      </trkpt>
      <trkpt lat="42.029304" lon="13.715476">
        <ele>981</ele>
        <time>2025-10-12T08:02:56Z</time>
      </trkpt>
      <trkpt lat="42.029374" lon="13.715459">
        <ele>981</ele>
        <time>2025-10-12T08:02:59Z</time>
      </trkpt>
      <trkpt lat="42.029441" lon="13.715446">
        <ele>980</ele>
        <time>2025-10-12T08:03:01Z</time>
      </trkpt>
      <trkpt lat="42.029496" lon="13.715416">
        <ele>980</ele>
        <time>2025-10-12T08:03:02Z</time>
      </trkpt>
      <trkpt lat="42.029563" lon="13.715347">
        <ele>980</ele>
        <time>2025-10-12T08:03:04Z</time>
      </trkpt>
      <trkpt lat="42.029594" lon="13.71528">
        <ele>979.9</ele>
        <time>2025-10-12T08:03:06Z</time>
      </trkpt>
      <trkpt lat="42.029625" lon="13.715219">
        <ele>980</ele>
        <time>2025-10-12T08:03:08Z</time>
      </trkpt>
      <trkpt lat="42.029658" lon="13.715151">
        <ele>980</ele>
        <time>2025-10-12T08:03:11Z</time>
      </trkpt>
      <trkpt lat="42.029673" lon="13.715087">
        <ele>979.9</ele>
        <time>2025-10-12T08:03:14Z</time>
      </trkpt>
      <trkpt lat="42.02971" lon="13.715045">
        <ele>980</ele>
        <time>2025-10-12T08:03:17Z</time>
      </trkpt>
      <trkpt lat="42.029758" lon="13.715005">
        <ele>978.9</ele>
        <time>2025-10-12T08:03:20Z</time>
      </trkpt>
      <trkpt lat="42.029798" lon="13.71496">
        <ele>979</ele>
        <time>2025-10-12T08:03:23Z</time>
      </trkpt>
      <trkpt lat="42.029841" lon="13.714921">
        <ele>978.9</ele>
        <time>2025-10-12T08:03:26Z</time>
      </trkpt>
      <trkpt lat="42.029889" lon="13.714868">
        <ele>978.9</ele>
        <time>2025-10-12T08:03:29Z</time>
      </trkpt>
      <trkpt lat="42.029936" lon="13.714827">
        <ele>978.9</ele>
        <time>2025-10-12T08:03:32Z</time>
      </trkpt>
      <trkpt lat="42.029978" lon="13.714786">
        <ele>979.9</ele>
        <time>2025-10-12T08:03:35Z</time>
      </trkpt>
      <trkpt lat="42.030004" lon="13.714726">
        <ele>979.9</ele>
        <time>2025-10-12T08:03:38Z</time>
      </trkpt>
      <trkpt lat="42.030023" lon="13.714664">
        <ele>981</ele>
        <time>2025-10-12T08:03:41Z</time>
      </trkpt>
      <trkpt lat="42.030038" lon="13.714601">
        <ele>981.9</ele>
        <time>2025-10-12T08:03:44Z</time>
      </trkpt>
      <trkpt lat="42.030085" lon="13.714569">
        <ele>982</ele>
        <time>2025-10-12T08:03:48Z</time>
      </trkpt>
      <trkpt lat="42.030119" lon="13.71452">
        <ele>982</ele>
        <time>2025-10-12T08:03:52Z</time>
      </trkpt>
      <trkpt lat="42.030163" lon="13.714491">
        <ele>981</ele>
        <time>2025-10-12T08:03:56Z</time>
      </trkpt>
      <trkpt lat="42.030208" lon="13.714484">
        <ele>981</ele>
        <time>2025-10-12T08:04:01Z</time>
      </trkpt>
      <trkpt lat="42.030254" lon="13.714491">
        <ele>982</ele>
        <time>2025-10-12T08:04:07Z</time>
      </trkpt>
      <trkpt lat="42.030309" lon="13.714475">
        <ele>983.4</ele>
        <time>2025-10-12T08:04:11Z</time>
      </trkpt>
      <trkpt lat="42.03035" lon="13.714451">
        <ele>985</ele>
        <time>2025-10-12T08:04:15Z</time>
      </trkpt>
      <trkpt lat="42.030397" lon="13.714429">
        <ele>984.9</ele>
        <time>2025-10-12T08:04:20Z</time>
      </trkpt>
      <trkpt lat="42.030446" lon="13.71441">
        <ele>986.9</ele>
        <time>2025-10-12T08:04:25Z</time>
      </trkpt>
      <trkpt lat="42.030496" lon="13.714375">
        <ele>988</ele>
        <time>2025-10-12T08:04:29Z</time>
      </trkpt>
      <trkpt lat="42.030534" lon="13.714329">
        <ele>987.9</ele>
        <time>2025-10-12T08:04:32Z</time>
      </trkpt>
      <trkpt lat="42.030573" lon="13.714271">
        <ele>989</ele>
        <time>2025-10-12T08:04:36Z</time>
      </trkpt>
      <trkpt lat="42.03061" lon="13.714231">
        <ele>989.4</ele>
        <time>2025-10-12T08:04:39Z</time>
      </trkpt>
      <trkpt lat="42.030661" lon="13.714214">
        <ele>989.9</ele>
        <time>2025-10-12T08:04:43Z</time>
      </trkpt>
      <trkpt lat="42.030709" lon="13.714194">
        <ele>993</ele>
        <time>2025-10-12T08:04:47Z</time>
      </trkpt>
      <trkpt lat="42.030742" lon="13.71414">
        <ele>994</ele>
        <time>2025-10-12T08:04:51Z</time>
      </trkpt>
      <trkpt lat="42.030797" lon="13.714098">
        <ele>990.9</ele>
        <time>2025-10-12T08:04:57Z</time>
      </trkpt>
      <trkpt lat="42.030847" lon="13.714059">
        <ele>991</ele>
        <time>2025-10-12T08:05:02Z</time>
      </trkpt>
      <trkpt lat="42.030893" lon="13.714029">
        <ele>991.9</ele>
        <time>2025-10-12T08:05:07Z</time>
      </trkpt>
      <trkpt lat="42.030928" lon="13.713979">
        <ele>993</ele>
        <time>2025-10-12T08:05:16Z</time>
      </trkpt>
      <trkpt lat="42.030972" lon="13.713944">
        <ele>993</ele>
        <time>2025-10-12T08:05:23Z</time>
      </trkpt>
      <trkpt lat="42.031015" lon="13.713924">
        <ele>994</ele>
        <time>2025-10-12T08:05:30Z</time>
      </trkpt>
      <trkpt lat="42.031069" lon="13.713894">
        <ele>995</ele>
        <time>2025-10-12T08:05:35Z</time>
      </trkpt>
      <trkpt lat="42.031122" lon="13.713867">
        <ele>995</ele>
        <time>2025-10-12T08:05:40Z</time>
      </trkpt>
      <trkpt lat="42.031164" lon="13.71384">
        <ele>995.5</ele>
        <time>2025-10-12T08:05:45Z</time>
      </trkpt>
      <trkpt lat="42.031213" lon="13.713808">
        <ele>996</ele>
        <time>2025-10-12T08:05:50Z</time>
      </trkpt>
      <trkpt lat="42.031257" lon="13.713776">
        <ele>996.9</ele>
        <time>2025-10-12T08:05:55Z</time>
      </trkpt>
      <trkpt lat="42.031307" lon="13.713748">
        <ele>997</ele>
        <time>2025-10-12T08:06:00Z</time>
      </trkpt>
      <trkpt lat="42.03135" lon="13.71371">
        <ele>996.9</ele>
        <time>2025-10-12T08:06:03Z</time>
      </trkpt>
      <trkpt lat="42.031388" lon="13.713661">
        <ele>996.9</ele>
        <time>2025-10-12T08:06:07Z</time>
      </trkpt>
      <trkpt lat="42.031424" lon="13.713614">
        <ele>996.5</ele>
        <time>2025-10-12T08:06:11Z</time>
      </trkpt>
      <trkpt lat="42.031463" lon="13.71357">
        <ele>996</ele>
        <time>2025-10-12T08:06:16Z</time>
      </trkpt>
      <trkpt lat="42.031513" lon="13.713528">
        <ele>996</ele>
        <time>2025-10-12T08:06:20Z</time>
      </trkpt>
      <trkpt lat="42.031562" lon="13.713503">
        <ele>996</ele>
        <time>2025-10-12T08:06:23Z</time>
      </trkpt>
      <trkpt lat="42.031605" lon="13.713478">
        <ele>996.5</ele>
        <time>2025-10-12T08:06:26Z</time>
      </trkpt>
      <trkpt lat="42.031662" lon="13.713442">
        <ele>997</ele>
        <time>2025-10-12T08:06:30Z</time>
      </trkpt>
      <trkpt lat="42.031711" lon="13.713428">
        <ele>998</ele>
        <time>2025-10-12T08:06:34Z</time>
      </trkpt>
      <trkpt lat="42.031769" lon="13.713417">
        <ele>1000</ele>
        <time>2025-10-12T08:06:38Z</time>
      </trkpt>
      <trkpt lat="42.031818" lon="13.713425">
        <ele>1001</ele>
        <time>2025-10-12T08:06:42Z</time>
      </trkpt>
      <trkpt lat="42.031867" lon="13.713451">
        <ele>1000.9</ele>
        <time>2025-10-12T08:06:45Z</time>
      </trkpt>
      <trkpt lat="42.031913" lon="13.713443">
        <ele>1001</ele>
        <time>2025-10-12T08:06:47Z</time>
      </trkpt>
      <trkpt lat="42.031949" lon="13.713396">
        <ele>1000.9</ele>
        <time>2025-10-12T08:06:50Z</time>
      </trkpt>
      <trkpt lat="42.031993" lon="13.713375">
        <ele>1000.9</ele>
        <time>2025-10-12T08:06:54Z</time>
      </trkpt>
      <trkpt lat="42.032047" lon="13.713344">
        <ele>1000.9</ele>
        <time>2025-10-12T08:06:57Z</time>
      </trkpt>
      <trkpt lat="42.032099" lon="13.713307">
        <ele>1001</ele>
        <time>2025-10-12T08:07:00Z</time>
      </trkpt>
      <trkpt lat="42.032139" lon="13.713276">
        <ele>1001</ele>
        <time>2025-10-12T08:07:02Z</time>
      </trkpt>
      <trkpt lat="42.032186" lon="13.713216">
        <ele>1000.5</ele>
        <time>2025-10-12T08:07:05Z</time>
      </trkpt>
      <trkpt lat="42.032219" lon="13.71317">
        <ele>998.9</ele>
        <time>2025-10-12T08:07:08Z</time>
      </trkpt>
      <trkpt lat="42.03227" lon="13.713129">
        <ele>998.5</ele>
        <time>2025-10-12T08:07:11Z</time>
      </trkpt>
      <trkpt lat="42.032321" lon="13.713087">
        <ele>998</ele>
        <time>2025-10-12T08:07:15Z</time>
      </trkpt>
      <trkpt lat="42.032369" lon="13.713049">
        <ele>997.5</ele>
        <time>2025-10-12T08:07:19Z</time>
      </trkpt>
      <trkpt lat="42.03241" lon="13.713019">
        <ele>996.5</ele>
        <time>2025-10-12T08:07:22Z</time>
      </trkpt>
      <trkpt lat="42.032451" lon="13.712976">
        <ele>994.9</ele>
        <time>2025-10-12T08:07:26Z</time>
      </trkpt>
      <trkpt lat="42.032491" lon="13.712929">
        <ele>994.9</ele>
        <time>2025-10-12T08:07:31Z</time>
      </trkpt>
      <trkpt lat="42.032531" lon="13.712895">
        <ele>994.9</ele>
        <time>2025-10-12T08:07:35Z</time>
      </trkpt>
      <trkpt lat="42.032589" lon="13.712873">
        <ele>994.9</ele>
        <time>2025-10-12T08:07:39Z</time>
      </trkpt>
      <trkpt lat="42.03264" lon="13.712849">
        <ele>994.9</ele>
        <time>2025-10-12T08:07:42Z</time>
      </trkpt>
      <trkpt lat="42.032697" lon="13.712833">
        <ele>996</ele>
        <time>2025-10-12T08:07:46Z</time>
      </trkpt>
      <trkpt lat="42.032746" lon="13.712813">
        <ele>996.5</ele>
        <time>2025-10-12T08:07:50Z</time>
      </trkpt>
      <trkpt lat="42.032798" lon="13.712783">
        <ele>997</ele>
        <time>2025-10-12T08:07:55Z</time>
      </trkpt>
      <trkpt lat="42.032845" lon="13.712748">
        <ele>999</ele>
        <time>2025-10-12T08:07:58Z</time>
      </trkpt>
      <trkpt lat="42.032923" lon="13.712713">
        <ele>1000.9</ele>
        <time>2025-10-12T08:08:05Z</time>
      </trkpt>
      <trkpt lat="42.032967" lon="13.712693">
        <ele>1003.5</ele>
        <time>2025-10-12T08:08:08Z</time>
      </trkpt>
      <trkpt lat="42.033019" lon="13.712667">
        <ele>1005.5</ele>
        <time>2025-10-12T08:08:12Z</time>
      </trkpt>
      <trkpt lat="42.033065" lon="13.712636">
        <ele>1007</ele>
        <time>2025-10-12T08:08:16Z</time>
      </trkpt>
      <trkpt lat="42.033116" lon="13.71261">
        <ele>1008</ele>
        <time>2025-10-12T08:08:19Z</time>
      </trkpt>
      <trkpt lat="42.033162" lon="13.7126">
        <ele>1009.4</ele>
        <time>2025-10-12T08:08:22Z</time>
      </trkpt>
      <trkpt lat="42.03322" lon="13.712584">
        <ele>1010.4</ele>
        <time>2025-10-12T08:08:26Z</time>
      </trkpt>
      <trkpt lat="42.033268" lon="13.712566">
        <ele>1011.9</ele>
        <time>2025-10-12T08:08:30Z</time>
      </trkpt>
      <trkpt lat="42.033325" lon="13.712544">
        <ele>1012.9</ele>
        <time>2025-10-12T08:08:34Z</time>
      </trkpt>
      <trkpt lat="42.033374" lon="13.712523">
        <ele>1014.4</ele>
        <time>2025-10-12T08:08:38Z</time>
      </trkpt>
      <trkpt lat="42.033427" lon="13.712494">
        <ele>1015.9</ele>
        <time>2025-10-12T08:08:44Z</time>
      </trkpt>
      <trkpt lat="42.033473" lon="13.712505">
        <ele>1018</ele>
        <time>2025-10-12T08:08:56Z</time>
      </trkpt>
      <trkpt lat="42.033526" lon="13.712461">
        <ele>1027</ele>
        <time>2025-10-12T08:09:08Z</time>
      </trkpt>
      <trkpt lat="42.03358" lon="13.712453">
        <ele>1026</ele>
        <time>2025-10-12T08:09:16Z</time>
      </trkpt>
      <trkpt lat="42.03363" lon="13.712443">
        <ele>1025.9</ele>
        <time>2025-10-12T08:09:20Z</time>
      </trkpt>
      <trkpt lat="42.033674" lon="13.71242">
        <ele>1025.9</ele>
        <time>2025-10-12T08:09:24Z</time>
      </trkpt>
      <trkpt lat="42.033726" lon="13.712408">
        <ele>1025.9</ele>
        <time>2025-10-12T08:09:29Z</time>
      </trkpt>
      <trkpt lat="42.033779" lon="13.712386">
        <ele>1025</ele>
        <time>2025-10-12T08:09:33Z</time>
      </trkpt>
      <trkpt lat="42.033831" lon="13.712377">
        <ele>1025.9</ele>
        <time>2025-10-12T08:09:37Z</time>
      </trkpt>
      <trkpt lat="42.033879" lon="13.712352">
        <ele>1025.9</ele>
        <time>2025-10-12T08:09:45Z</time>
      </trkpt>
      <trkpt lat="42.033928" lon="13.712351">
        <ele>1026</ele>
        <time>2025-10-12T08:09:49Z</time>
      </trkpt>
      <trkpt lat="42.033978" lon="13.712354">
        <ele>1026.9</ele>
        <time>2025-10-12T08:09:52Z</time>
      </trkpt>
      <trkpt lat="42.034032" lon="13.712345">
        <ele>1027</ele>
        <time>2025-10-12T08:09:56Z</time>
      </trkpt>
      <trkpt lat="42.034079" lon="13.71235">
        <ele>1026.9</ele>
        <time>2025-10-12T08:10:00Z</time>
      </trkpt>
      <trkpt lat="42.034133" lon="13.712375">
        <ele>1028</ele>
        <time>2025-10-12T08:10:05Z</time>
      </trkpt>
      <trkpt lat="42.034183" lon="13.712355">
        <ele>1029</ele>
        <time>2025-10-12T08:10:09Z</time>
      </trkpt>
      <trkpt lat="42.034231" lon="13.712329">
        <ele>1033.4</ele>
        <time>2025-10-12T08:10:12Z</time>
      </trkpt>
      <trkpt lat="42.034276" lon="13.712316">
        <ele>1034</ele>
        <time>2025-10-12T08:10:15Z</time>
      </trkpt>
      <trkpt lat="42.034333" lon="13.712322">
        <ele>1032.9</ele>
        <time>2025-10-12T08:10:20Z</time>
      </trkpt>
      <trkpt lat="42.034393" lon="13.712304">
        <ele>1033</ele>
        <time>2025-10-12T08:10:24Z</time>
      </trkpt>
      <trkpt lat="42.034453" lon="13.71227">
        <ele>1032.4</ele>
        <time>2025-10-12T08:10:27Z</time>
      </trkpt>
      <trkpt lat="42.034501" lon="13.712257">
        <ele>1031.9</ele>
        <time>2025-10-12T08:10:29Z</time>
      </trkpt>
      <trkpt lat="42.034547" lon="13.712244">
        <ele>1031</ele>
        <time>2025-10-12T08:10:31Z</time>
      </trkpt>
      <trkpt lat="42.034598" lon="13.712236">
        <ele>1029.9</ele>
        <time>2025-10-12T08:10:33Z</time>
      </trkpt>
      <trkpt lat="42.034664" lon="13.712227">
        <ele>1030</ele>
        <time>2025-10-12T08:10:36Z</time>
      </trkpt>
      <trkpt lat="42.034714" lon="13.712225">
        <ele>1029.9</ele>
        <time>2025-10-12T08:10:39Z</time>
      </trkpt>
      <trkpt lat="42.034765" lon="13.712197">
        <ele>1030</ele>
        <time>2025-10-12T08:10:42Z</time>
      </trkpt>
      <trkpt lat="42.034823" lon="13.712176">
        <ele>1030</ele>
        <time>2025-10-12T08:10:45Z</time>
      </trkpt>
      <trkpt lat="42.034887" lon="13.712153">
        <ele>1030</ele>
        <time>2025-10-12T08:10:48Z</time>
      </trkpt>
      <trkpt lat="42.034935" lon="13.712119">
        <ele>1029</ele>
        <time>2025-10-12T08:10:51Z</time>
      </trkpt>
      <trkpt lat="42.034984" lon="13.712083">
        <ele>1028.9</ele>
        <time>2025-10-12T08:10:54Z</time>
      </trkpt>
      <trkpt lat="42.03503" lon="13.712064">
        <ele>1030</ele>
        <time>2025-10-12T08:10:57Z</time>
      </trkpt>
      <trkpt lat="42.035093" lon="13.712045">
        <ele>1029.9</ele>
        <time>2025-10-12T08:11:00Z</time>
      </trkpt>
      <trkpt lat="42.03515" lon="13.712012">
        <ele>1030.4</ele>
        <time>2025-10-12T08:11:03Z</time>
      </trkpt>
      <trkpt lat="42.035207" lon="13.711974">
        <ele>1031</ele>
        <time>2025-10-12T08:11:06Z</time>
      </trkpt>
      <trkpt lat="42.035258" lon="13.711954">
        <ele>1031</ele>
        <time>2025-10-12T08:11:09Z</time>
      </trkpt>
      <trkpt lat="42.035312" lon="13.711961">
        <ele>1031</ele>
        <time>2025-10-12T08:11:12Z</time>
      </trkpt>
      <trkpt lat="42.035357" lon="13.711995">
        <ele>1031</ele>
        <time>2025-10-12T08:11:15Z</time>
      </trkpt>
      <trkpt lat="42.035389" lon="13.712043">
        <ele>1031</ele>
        <time>2025-10-12T08:11:18Z</time>
      </trkpt>
      <trkpt lat="42.035425" lon="13.712103">
        <ele>1030.9</ele>
        <time>2025-10-12T08:11:21Z</time>
      </trkpt>
      <trkpt lat="42.035453" lon="13.712164">
        <ele>1030.9</ele>
        <time>2025-10-12T08:11:24Z</time>
      </trkpt>
      <trkpt lat="42.03548" lon="13.712221">
        <ele>1030.9</ele>
        <time>2025-10-12T08:11:27Z</time>
      </trkpt>
      <trkpt lat="42.035515" lon="13.712282">
        <ele>1031</ele>
        <time>2025-10-12T08:11:30Z</time>
      </trkpt>
      <trkpt lat="42.035556" lon="13.712336">
        <ele>1032</ele>
        <time>2025-10-12T08:11:33Z</time>
      </trkpt>
      <trkpt lat="42.035591" lon="13.712385">
        <ele>1032.9</ele>
        <time>2025-10-12T08:11:36Z</time>
      </trkpt>
      <trkpt lat="42.035621" lon="13.712444">
        <ele>1034</ele>
        <time>2025-10-12T08:11:39Z</time>
      </trkpt>
      <trkpt lat="42.035643" lon="13.712504">
        <ele>1033.9</ele>
        <time>2025-10-12T08:11:42Z</time>
      </trkpt>
      <trkpt lat="42.035663" lon="13.712569">
        <ele>1034</ele>
        <time>2025-10-12T08:11:45Z</time>
      </trkpt>
      <trkpt lat="42.035698" lon="13.712617">
        <ele>1033.9</ele>
        <time>2025-10-12T08:11:48Z</time>
      </trkpt>
      <trkpt lat="42.035731" lon="13.712668">
        <ele>1034</ele>
        <time>2025-10-12T08:11:51Z</time>
      </trkpt>
      <trkpt lat="42.035765" lon="13.712715">
        <ele>1034</ele>
        <time>2025-10-12T08:11:54Z</time>
      </trkpt>
      <trkpt lat="42.035799" lon="13.712762">
        <ele>1034.9</ele>
        <time>2025-10-12T08:11:57Z</time>
      </trkpt>
      <trkpt lat="42.035835" lon="13.712803">
        <ele>1036</ele>
        <time>2025-10-12T08:12:00Z</time>
      </trkpt>
      <trkpt lat="42.035874" lon="13.712835">
        <ele>1036</ele>
        <time>2025-10-12T08:12:03Z</time>
      </trkpt>
      <trkpt lat="42.035925" lon="13.71284">
        <ele>1036.9</ele>
        <time>2025-10-12T08:12:06Z</time>
      </trkpt>
      <trkpt lat="42.035983" lon="13.712806">
        <ele>1037</ele>
        <time>2025-10-12T08:12:10Z</time>
      </trkpt>
      <trkpt lat="42.036026" lon="13.712784">
        <ele>1036.9</ele>
        <time>2025-10-12T08:12:13Z</time>
      </trkpt>
      <trkpt lat="42.036069" lon="13.712761">
        <ele>1037</ele>
        <time>2025-10-12T08:12:16Z</time>
      </trkpt>
      <trkpt lat="42.036113" lon="13.712721">
        <ele>1038</ele>
        <time>2025-10-12T08:12:20Z</time>
      </trkpt>
      <trkpt lat="42.036156" lon="13.712681">
        <ele>1038</ele>
        <time>2025-10-12T08:12:24Z</time>
      </trkpt>
      <trkpt lat="42.036198" lon="13.712647">
        <ele>1039</ele>
        <time>2025-10-12T08:12:29Z</time>
      </trkpt>
      <trkpt lat="42.036244" lon="13.712601">
        <ele>1040.9</ele>
        <time>2025-10-12T08:12:38Z</time>
      </trkpt>
      <trkpt lat="42.036283" lon="13.712565">
        <ele>1041.9</ele>
        <time>2025-10-12T08:12:44Z</time>
      </trkpt>
      <trkpt lat="42.03631" lon="13.712507">
        <ele>1041.9</ele>
        <time>2025-10-12T08:12:49Z</time>
      </trkpt>
      <trkpt lat="42.036354" lon="13.71247">
        <ele>1042.9</ele>
        <time>2025-10-12T08:12:55Z</time>
      </trkpt>
      <trkpt lat="42.036418" lon="13.712433">
        <ele>1044.9</ele>
        <time>2025-10-12T08:13:05Z</time>
      </trkpt>
      <trkpt lat="42.036463" lon="13.712412">
        <ele>1047.4</ele>
        <time>2025-10-12T08:13:11Z</time>
      </trkpt>
      <trkpt lat="42.036504" lon="13.712386">
        <ele>1047.9</ele>
        <time>2025-10-12T08:13:17Z</time>
      </trkpt>
      <trkpt lat="42.036555" lon="13.712341">
        <ele>1048</ele>
        <time>2025-10-12T08:13:28Z</time>
      </trkpt>
      <trkpt lat="42.036607" lon="13.712329">
        <ele>1049</ele>
        <time>2025-10-12T08:13:37Z</time>
      </trkpt>
      <trkpt lat="42.036654" lon="13.712311">
        <ele>1050</ele>
        <time>2025-10-12T08:13:42Z</time>
      </trkpt>
      <trkpt lat="42.036723" lon="13.712276">
        <ele>1050.9</ele>
        <time>2025-10-12T08:13:59Z</time>
      </trkpt>
      <trkpt lat="42.036772" lon="13.712236">
        <ele>1052.9</ele>
        <time>2025-10-12T08:14:22Z</time>
      </trkpt>
      <trkpt lat="42.036816" lon="13.712221">
        <ele>1054.5</ele>
        <time>2025-10-12T08:14:44Z</time>
      </trkpt>
      <trkpt lat="42.036863" lon="13.712182">
        <ele>1056.4</ele>
        <time>2025-10-12T08:14:52Z</time>
      </trkpt>
      <trkpt lat="42.0369" lon="13.71213">
        <ele>1057.9</ele>
        <time>2025-10-12T08:14:57Z</time>
      </trkpt>
      <trkpt lat="42.036931" lon="13.712071">
        <ele>1058</ele>
        <time>2025-10-12T08:15:02Z</time>
      </trkpt>
      <trkpt lat="42.036964" lon="13.712013">
        <ele>1060</ele>
        <time>2025-10-12T08:15:05Z</time>
      </trkpt>
      <trkpt lat="42.037006" lon="13.711961">
        <ele>1061</ele>
        <time>2025-10-12T08:15:09Z</time>
      </trkpt>
      <trkpt lat="42.037045" lon="13.711912">
        <ele>1060.9</ele>
        <time>2025-10-12T08:15:12Z</time>
      </trkpt>
      <trkpt lat="42.037091" lon="13.711885">
        <ele>1062</ele>
        <time>2025-10-12T08:15:15Z</time>
      </trkpt>
      <trkpt lat="42.037148" lon="13.711866">
        <ele>1062</ele>
        <time>2025-10-12T08:15:18Z</time>
      </trkpt>
      <trkpt lat="42.037198" lon="13.711866">
        <ele>1062</ele>
        <time>2025-10-12T08:15:21Z</time>
      </trkpt>
      <trkpt lat="42.037246" lon="13.711868">
        <ele>1063</ele>
        <time>2025-10-12T08:15:24Z</time>
      </trkpt>
      <trkpt lat="42.037291" lon="13.711876">
        <ele>1062.9</ele>
        <time>2025-10-12T08:15:27Z</time>
      </trkpt>
      <trkpt lat="42.037346" lon="13.711894">
        <ele>1063.9</ele>
        <time>2025-10-12T08:15:31Z</time>
      </trkpt>
      <trkpt lat="42.037396" lon="13.711907">
        <ele>1064.9</ele>
        <time>2025-10-12T08:15:35Z</time>
      </trkpt>
      <trkpt lat="42.037449" lon="13.711913">
        <ele>1065.9</ele>
        <time>2025-10-12T08:15:40Z</time>
      </trkpt>
      <trkpt lat="42.037502" lon="13.711925">
        <ele>1067</ele>
        <time>2025-10-12T08:15:44Z</time>
      </trkpt>
      <trkpt lat="42.037552" lon="13.711947">
        <ele>1066.9</ele>
        <time>2025-10-12T08:15:48Z</time>
      </trkpt>
      <trkpt lat="42.037601" lon="13.711955">
        <ele>1066.9</ele>
        <time>2025-10-12T08:15:51Z</time>
      </trkpt>
      <trkpt lat="42.037656" lon="13.711952">
        <ele>1068</ele>
        <time>2025-10-12T08:15:55Z</time>
      </trkpt>
      <trkpt lat="42.037698" lon="13.711983">
        <ele>1068.9</ele>
        <time>2025-10-12T08:15:59Z</time>
      </trkpt>
      <trkpt lat="42.037742" lon="13.712025">
        <ele>1069.9</ele>
        <time>2025-10-12T08:16:04Z</time>
      </trkpt>
      <trkpt lat="42.037787" lon="13.712045">
        <ele>1072</ele>
        <time>2025-10-12T08:16:12Z</time>
      </trkpt>
      <trkpt lat="42.037832" lon="13.712067">
        <ele>1073</ele>
        <time>2025-10-12T08:16:17Z</time>
      </trkpt>
      <trkpt lat="42.037871" lon="13.712101">
        <ele>1074</ele>
        <time>2025-10-12T08:16:23Z</time>
      </trkpt>
      <trkpt lat="42.037858" lon="13.712165">
        <ele>1074</ele>
        <time>2025-10-12T08:16:29Z</time>
      </trkpt>
      <trkpt lat="42.037829" lon="13.712214">
        <ele>1073</ele>
        <time>2025-10-12T08:16:34Z</time>
      </trkpt>
      <trkpt lat="42.037783" lon="13.712266">
        <ele>1072.9</ele>
        <time>2025-10-12T08:16:38Z</time>
      </trkpt>
      <trkpt lat="42.037745" lon="13.712312">
        <ele>1072</ele>
        <time>2025-10-12T08:16:41Z</time>
      </trkpt>
      <trkpt lat="42.037705" lon="13.71237">
        <ele>1071.5</ele>
        <time>2025-10-12T08:16:45Z</time>
      </trkpt>
      <trkpt lat="42.037676" lon="13.712424">
        <ele>1070.9</ele>
        <time>2025-10-12T08:16:48Z</time>
      </trkpt>
      <trkpt lat="42.03764" lon="13.712477">
        <ele>1070.9</ele>
        <time>2025-10-12T08:16:52Z</time>
      </trkpt>
      <trkpt lat="42.037618" lon="13.712532">
        <ele>1069.9</ele>
        <time>2025-10-12T08:16:55Z</time>
      </trkpt>
      <trkpt lat="42.037608" lon="13.712592">
        <ele>1068.9</ele>
        <time>2025-10-12T08:16:58Z</time>
      </trkpt>
      <trkpt lat="42.037618" lon="13.712661">
        <ele>1068</ele>
        <time>2025-10-12T08:17:03Z</time>
      </trkpt>
      <trkpt lat="42.037609" lon="13.712743">
        <ele>1067.9</ele>
        <time>2025-10-12T08:17:07Z</time>
      </trkpt>
      <trkpt lat="42.037581" lon="13.712825">
        <ele>1066.5</ele>
        <time>2025-10-12T08:17:10Z</time>
      </trkpt>
      <trkpt lat="42.037549" lon="13.712883">
        <ele>1065</ele>
        <time>2025-10-12T08:17:12Z</time>
      </trkpt>
      <trkpt lat="42.037505" lon="13.712925">
        <ele>1064.9</ele>
        <time>2025-10-12T08:17:14Z</time>
      </trkpt>
      <trkpt lat="42.037454" lon="13.712956">
        <ele>1065</ele>
        <time>2025-10-12T08:17:16Z</time>
      </trkpt>
      <trkpt lat="42.037406" lon="13.712989">
        <ele>1063.9</ele>
        <time>2025-10-12T08:17:18Z</time>
      </trkpt>
      <trkpt lat="42.037357" lon="13.713024">
        <ele>1063.9</ele>
        <time>2025-10-12T08:17:20Z</time>
      </trkpt>
      <trkpt lat="42.037303" lon="13.71305">
        <ele>1063</ele>
        <time>2025-10-12T08:17:22Z</time>
      </trkpt>
      <trkpt lat="42.037248" lon="13.713066">
        <ele>1062.9</ele>
        <time>2025-10-12T08:17:24Z</time>
      </trkpt>
      <trkpt lat="42.037194" lon="13.71307">
        <ele>1062.9</ele>
        <time>2025-10-12T08:17:26Z</time>
      </trkpt>
      <trkpt lat="42.037132" lon="13.713077">
        <ele>1062.9</ele>
        <time>2025-10-12T08:17:28Z</time>
      </trkpt>
      <trkpt lat="42.037069" lon="13.713094">
        <ele>1061.9</ele>
        <time>2025-10-12T08:17:30Z</time>
      </trkpt>
      <trkpt lat="42.036998" lon="13.713126">
        <ele>1061.4</ele>
        <time>2025-10-12T08:17:32Z</time>
      </trkpt>
      <trkpt lat="42.036927" lon="13.713164">
        <ele>1061</ele>
        <time>2025-10-12T08:17:34Z</time>
      </trkpt>
      <trkpt lat="42.03687" lon="13.713199">
        <ele>1060.5</ele>
        <time>2025-10-12T08:17:36Z</time>
      </trkpt>
      <trkpt lat="42.03682" lon="13.713233">
        <ele>1059.9</ele>
        <time>2025-10-12T08:17:38Z</time>
      </trkpt>
      <trkpt lat="42.036771" lon="13.713269">
        <ele>1059.5</ele>
        <time>2025-10-12T08:17:40Z</time>
      </trkpt>
      <trkpt lat="42.036722" lon="13.713315">
        <ele>1058.9</ele>
        <time>2025-10-12T08:17:42Z</time>
      </trkpt>
      <trkpt lat="42.036686" lon="13.713367">
        <ele>1057.9</ele>
        <time>2025-10-12T08:17:44Z</time>
      </trkpt>
      <trkpt lat="42.036655" lon="13.713416">
        <ele>1057.9</ele>
        <time>2025-10-12T08:17:46Z</time>
      </trkpt>
      <trkpt lat="42.036631" lon="13.713482">
        <ele>1058</ele>
        <time>2025-10-12T08:17:48Z</time>
      </trkpt>
      <trkpt lat="42.036603" lon="13.713545">
        <ele>1057</ele>
        <time>2025-10-12T08:17:50Z</time>
      </trkpt>
      <trkpt lat="42.036575" lon="13.713617">
        <ele>1055.9</ele>
        <time>2025-10-12T08:17:52Z</time>
      </trkpt>
      <trkpt lat="42.036539" lon="13.713673">
        <ele>1053.9</ele>
        <time>2025-10-12T08:17:54Z</time>
      </trkpt>
      <trkpt lat="42.036488" lon="13.713702">
        <ele>1053</ele>
        <time>2025-10-12T08:17:56Z</time>
      </trkpt>
      <trkpt lat="42.036429" lon="13.713706">
        <ele>1052.9</ele>
        <time>2025-10-12T08:17:58Z</time>
      </trkpt>
      <trkpt lat="42.036374" lon="13.713744">
        <ele>1052.9</ele>
        <time>2025-10-12T08:18:01Z</time>
      </trkpt>
      <trkpt lat="42.036382" lon="13.713811">
        <ele>1052.5</ele>
        <time>2025-10-12T08:18:05Z</time>
      </trkpt>
      <trkpt lat="42.036433" lon="13.713842">
        <ele>1050.4</ele>
        <time>2025-10-12T08:18:08Z</time>
      </trkpt>
      <trkpt lat="42.036494" lon="13.713847">
        <ele>1049.5</ele>
        <time>2025-10-12T08:18:11Z</time>
      </trkpt>
      <trkpt lat="42.036541" lon="13.713878">
        <ele>1047.9</ele>
        <time>2025-10-12T08:18:14Z</time>
      </trkpt>
      <trkpt lat="42.036562" lon="13.713937">
        <ele>1046.9</ele>
        <time>2025-10-12T08:18:18Z</time>
      </trkpt>
      <trkpt lat="42.036538" lon="13.714011">
        <ele>1047</ele>
        <time>2025-10-12T08:18:21Z</time>
      </trkpt>
      <trkpt lat="42.036496" lon="13.714062">
        <ele>1046</ele>
        <time>2025-10-12T08:18:23Z</time>
      </trkpt>
      <trkpt lat="42.036458" lon="13.714106">
        <ele>1045.9</ele>
        <time>2025-10-12T08:18:25Z</time>
      </trkpt>
      <trkpt lat="42.036418" lon="13.714147">
        <ele>1045</ele>
        <time>2025-10-12T08:18:27Z</time>
      </trkpt>
      <trkpt lat="42.036373" lon="13.714178">
        <ele>1044</ele>
        <time>2025-10-12T08:18:29Z</time>
      </trkpt>
      <trkpt lat="42.036328" lon="13.714218">
        <ele>1042.9</ele>
        <time>2025-10-12T08:18:31Z</time>
      </trkpt>
      <trkpt lat="42.036286" lon="13.714255">
        <ele>1042.9</ele>
        <time>2025-10-12T08:18:33Z</time>
      </trkpt>
      <trkpt lat="42.036244" lon="13.714295">
        <ele>1041.4</ele>
        <time>2025-10-12T08:18:35Z</time>
      </trkpt>
      <trkpt lat="42.036205" lon="13.714337">
        <ele>1040.9</ele>
        <time>2025-10-12T08:18:37Z</time>
      </trkpt>
      <trkpt lat="42.036164" lon="13.714374">
        <ele>1039</ele>
        <time>2025-10-12T08:18:39Z</time>
      </trkpt>
      <trkpt lat="42.036115" lon="13.71442">
        <ele>1038.5</ele>
        <time>2025-10-12T08:18:41Z</time>
      </trkpt>
      <trkpt lat="42.036063" lon="13.714459">
        <ele>1036.9</ele>
        <time>2025-10-12T08:18:43Z</time>
      </trkpt>
      <trkpt lat="42.036013" lon="13.714482">
        <ele>1037</ele>
        <time>2025-10-12T08:18:45Z</time>
      </trkpt>
      <trkpt lat="42.035961" lon="13.714495">
        <ele>1035.9</ele>
        <time>2025-10-12T08:18:47Z</time>
      </trkpt>
      <trkpt lat="42.035891" lon="13.714504">
        <ele>1035</ele>
        <time>2025-10-12T08:18:49Z</time>
      </trkpt>
      <trkpt lat="42.03584" lon="13.714516">
        <ele>1033.9</ele>
        <time>2025-10-12T08:18:50Z</time>
      </trkpt>
      <trkpt lat="42.035771" lon="13.714511">
        <ele>1033</ele>
        <time>2025-10-12T08:18:52Z</time>
      </trkpt>
      <trkpt lat="42.035716" lon="13.714502">
        <ele>1031</ele>
        <time>2025-10-12T08:18:54Z</time>
      </trkpt>
      <trkpt lat="42.035667" lon="13.714497">
        <ele>1030.4</ele>
        <time>2025-10-12T08:18:58Z</time>
      </trkpt>
      <trkpt lat="42.035625" lon="13.714533">
        <ele>1029.9</ele>
        <time>2025-10-12T08:19:01Z</time>
      </trkpt>
      <trkpt lat="42.035583" lon="13.714585">
        <ele>1029</ele>
        <time>2025-10-12T08:19:04Z</time>
      </trkpt>
      <trkpt lat="42.035553" lon="13.714669">
        <ele>1028</ele>
        <time>2025-10-12T08:19:07Z</time>
      </trkpt>
      <trkpt lat="42.035552" lon="13.71474">
        <ele>1027</ele>
        <time>2025-10-12T08:19:09Z</time>
      </trkpt>
      <trkpt lat="42.035568" lon="13.714816">
        <ele>1025.9</ele>
        <time>2025-10-12T08:19:11Z</time>
      </trkpt>
      <trkpt lat="42.035564" lon="13.714881">
        <ele>1025</ele>
        <time>2025-10-12T08:19:14Z</time>
      </trkpt>
      <trkpt lat="42.035531" lon="13.714955">
        <ele>1024.9</ele>
        <time>2025-10-12T08:19:17Z</time>
      </trkpt>
      <trkpt lat="42.035488" lon="13.714998">
        <ele>1023.9</ele>
        <time>2025-10-12T08:19:19Z</time>
      </trkpt>
      <trkpt lat="42.035445" lon="13.715031">
        <ele>1024</ele>
        <time>2025-10-12T08:19:21Z</time>
      </trkpt>
      <trkpt lat="42.035395" lon="13.715071">
        <ele>1023.9</ele>
        <time>2025-10-12T08:19:23Z</time>
      </trkpt>
      <trkpt lat="42.035343" lon="13.715098">
        <ele>1022.9</ele>
        <time>2025-10-12T08:19:25Z</time>
      </trkpt>
      <trkpt lat="42.035293" lon="13.715115">
        <ele>1021</ele>
        <time>2025-10-12T08:19:27Z</time>
      </trkpt>
      <trkpt lat="42.035241" lon="13.715131">
        <ele>1020</ele>
        <time>2025-10-12T08:19:29Z</time>
      </trkpt>
      <trkpt lat="42.035179" lon="13.715148">
        <ele>1019.9</ele>
        <time>2025-10-12T08:19:31Z</time>
      </trkpt>
      <trkpt lat="42.035112" lon="13.715166">
        <ele>1019</ele>
        <time>2025-10-12T08:19:33Z</time>
      </trkpt>
      <trkpt lat="42.035052" lon="13.715189">
        <ele>1018.4</ele>
        <time>2025-10-12T08:19:35Z</time>
      </trkpt>
      <trkpt lat="42.034992" lon="13.715211">
        <ele>1017.5</ele>
        <time>2025-10-12T08:19:37Z</time>
      </trkpt>
      <trkpt lat="42.034921" lon="13.71523">
        <ele>1016.5</ele>
        <time>2025-10-12T08:19:39Z</time>
      </trkpt>
      <trkpt lat="42.03486" lon="13.715258">
        <ele>1015.4</ele>
        <time>2025-10-12T08:19:41Z</time>
      </trkpt>
      <trkpt lat="42.034809" lon="13.715296">
        <ele>1014.4</ele>
        <time>2025-10-12T08:19:43Z</time>
      </trkpt>
      <trkpt lat="42.034771" lon="13.715331">
        <ele>1013.4</ele>
        <time>2025-10-12T08:19:45Z</time>
      </trkpt>
      <trkpt lat="42.034734" lon="13.715394">
        <ele>1011.9</ele>
        <time>2025-10-12T08:19:48Z</time>
      </trkpt>
      <trkpt lat="42.034699" lon="13.71545">
        <ele>1010.9</ele>
        <time>2025-10-12T08:19:51Z</time>
      </trkpt>
      <trkpt lat="42.03466" lon="13.715487">
        <ele>1009.4</ele>
        <time>2025-10-12T08:19:54Z</time>
      </trkpt>
      <trkpt lat="42.034604" lon="13.71551">
        <ele>1009</ele>
        <time>2025-10-12T08:19:56Z</time>
      </trkpt>
      <trkpt lat="42.03453" lon="13.715552">
        <ele>1007.5</ele>
        <time>2025-10-12T08:19:58Z</time>
      </trkpt>
      <trkpt lat="42.034469" lon="13.715634">
        <ele>1005.5</ele>
        <time>2025-10-12T08:20:00Z</time>
      </trkpt>
      <trkpt lat="42.034431" lon="13.715727">
        <ele>1004</ele>
        <time>2025-10-12T08:20:02Z</time>
      </trkpt>
      <trkpt lat="42.034405" lon="13.715803">
        <ele>1002</ele>
        <time>2025-10-12T08:20:04Z</time>
      </trkpt>
      <trkpt lat="42.034341" lon="13.715838">
        <ele>1000.9</ele>
        <time>2025-10-12T08:20:06Z</time>
      </trkpt>
      <trkpt lat="42.034264" lon="13.71586">
        <ele>1000.4</ele>
        <time>2025-10-12T08:20:08Z</time>
      </trkpt>
      <trkpt lat="42.034208" lon="13.715915">
        <ele>999</ele>
        <time>2025-10-12T08:20:10Z</time>
      </trkpt>
      <trkpt lat="42.034158" lon="13.715962">
        <ele>997.9</ele>
        <time>2025-10-12T08:20:12Z</time>
      </trkpt>
      <trkpt lat="42.034121" lon="13.716007">
        <ele>996.4</ele>
        <time>2025-10-12T08:20:14Z</time>
      </trkpt>
      <trkpt lat="42.034083" lon="13.716071">
        <ele>996</ele>
        <time>2025-10-12T08:20:16Z</time>
      </trkpt>
      <trkpt lat="42.034022" lon="13.716135">
        <ele>995</ele>
        <time>2025-10-12T08:20:18Z</time>
      </trkpt>
      <trkpt lat="42.033988" lon="13.71618">
        <ele>994</ele>
        <time>2025-10-12T08:20:19Z</time>
      </trkpt>
      <trkpt lat="42.033915" lon="13.716238">
        <ele>993.4</ele>
        <time>2025-10-12T08:20:21Z</time>
      </trkpt>
      <trkpt lat="42.033862" lon="13.716284">
        <ele>992</ele>
        <time>2025-10-12T08:20:23Z</time>
      </trkpt>
      <trkpt lat="42.033821" lon="13.71634">
        <ele>991.5</ele>
        <time>2025-10-12T08:20:25Z</time>
      </trkpt>
      <trkpt lat="42.033791" lon="13.716397">
        <ele>991</ele>
        <time>2025-10-12T08:20:27Z</time>
      </trkpt>
      <trkpt lat="42.033765" lon="13.716469">
        <ele>989.9</ele>
        <time>2025-10-12T08:20:29Z</time>
      </trkpt>
      <trkpt lat="42.033741" lon="13.716536">
        <ele>988</ele>
        <time>2025-10-12T08:20:31Z</time>
      </trkpt>
      <trkpt lat="42.033711" lon="13.71661">
        <ele>986.9</ele>
        <time>2025-10-12T08:20:33Z</time>
      </trkpt>
      <trkpt lat="42.033687" lon="13.716684">
        <ele>985.9</ele>
        <time>2025-10-12T08:20:35Z</time>
      </trkpt>
      <trkpt lat="42.033627" lon="13.71673">
        <ele>984.5</ele>
        <time>2025-10-12T08:20:37Z</time>
      </trkpt>
      <trkpt lat="42.033559" lon="13.716785">
        <ele>983.9</ele>
        <time>2025-10-12T08:20:39Z</time>
      </trkpt>
      <trkpt lat="42.033509" lon="13.716876">
        <ele>983.4</ele>
        <time>2025-10-12T08:20:41Z</time>
      </trkpt>
      <trkpt lat="42.033485" lon="13.716974">
        <ele>982</ele>
        <time>2025-10-12T08:20:43Z</time>
      </trkpt>
      <trkpt lat="42.033464" lon="13.717067">
        <ele>981.9</ele>
        <time>2025-10-12T08:20:45Z</time>
      </trkpt>
      <trkpt lat="42.033432" lon="13.717165">
        <ele>980.4</ele>
        <time>2025-10-12T08:20:47Z</time>
      </trkpt>
      <trkpt lat="42.033395" lon="13.717265">
        <ele>978.5</ele>
        <time>2025-10-12T08:20:49Z</time>
      </trkpt>
      <trkpt lat="42.033371" lon="13.717368">
        <ele>977</ele>
        <time>2025-10-12T08:20:51Z</time>
      </trkpt>
      <trkpt lat="42.033355" lon="13.717427">
        <ele>976</ele>
        <time>2025-10-12T08:20:52Z</time>
      </trkpt>
      <trkpt lat="42.033344" lon="13.717487">
        <ele>974.9</ele>
        <time>2025-10-12T08:20:53Z</time>
      </trkpt>
      <trkpt lat="42.033338" lon="13.717551">
        <ele>975</ele>
        <time>2025-10-12T08:20:54Z</time>
      </trkpt>
      <trkpt lat="42.033322" lon="13.717623">
        <ele>975.5</ele>
        <time>2025-10-12T08:20:55Z</time>
      </trkpt>
      <trkpt lat="42.033302" lon="13.717684">
        <ele>976</ele>
        <time>2025-10-12T08:20:56Z</time>
      </trkpt>
      <trkpt lat="42.033278" lon="13.717744">
        <ele>975.5</ele>
        <time>2025-10-12T08:20:57Z</time>
      </trkpt>
      <trkpt lat="42.033252" lon="13.717795">
        <ele>975.4</ele>
        <time>2025-10-12T08:20:58Z</time>
      </trkpt>
      <trkpt lat="42.033202" lon="13.717871">
        <ele>974.5</ele>
        <time>2025-10-12T08:21:00Z</time>
      </trkpt>
      <trkpt lat="42.033152" lon="13.717902">
        <ele>973.4</ele>
        <time>2025-10-12T08:21:01Z</time>
      </trkpt>
      <trkpt lat="42.033096" lon="13.717918">
        <ele>972.4</ele>
        <time>2025-10-12T08:21:02Z</time>
      </trkpt>
      <trkpt lat="42.033041" lon="13.717928">
        <ele>971</ele>
        <time>2025-10-12T08:21:03Z</time>
      </trkpt>
      <trkpt lat="42.032985" lon="13.717938">
        <ele>970</ele>
        <time>2025-10-12T08:21:04Z</time>
      </trkpt>
      <trkpt lat="42.032939" lon="13.717943">
        <ele>968.9</ele>
        <time>2025-10-12T08:21:05Z</time>
      </trkpt>
      <trkpt lat="42.032855" lon="13.717961">
        <ele>968.4</ele>
        <time>2025-10-12T08:21:07Z</time>
      </trkpt>
      <trkpt lat="42.032807" lon="13.71797">
        <ele>967.9</ele>
        <time>2025-10-12T08:21:08Z</time>
      </trkpt>
      <trkpt lat="42.03273" lon="13.717999">
        <ele>966.4</ele>
        <time>2025-10-12T08:21:10Z</time>
      </trkpt>
      <trkpt lat="42.03268" lon="13.718035">
        <ele>965.9</ele>
        <time>2025-10-12T08:21:12Z</time>
      </trkpt>
      <trkpt lat="42.032643" lon="13.718088">
        <ele>966</ele>
        <time>2025-10-12T08:21:14Z</time>
      </trkpt>
      <trkpt lat="42.032618" lon="13.718152">
        <ele>965.4</ele>
        <time>2025-10-12T08:21:16Z</time>
      </trkpt>
      <trkpt lat="42.032585" lon="13.718227">
        <ele>964.9</ele>
        <time>2025-10-12T08:21:18Z</time>
      </trkpt>
      <trkpt lat="42.032543" lon="13.718297">
        <ele>964</ele>
        <time>2025-10-12T08:21:20Z</time>
      </trkpt>
      <trkpt lat="42.032498" lon="13.718374">
        <ele>963</ele>
        <time>2025-10-12T08:21:22Z</time>
      </trkpt>
      <trkpt lat="42.032448" lon="13.718479">
        <ele>961.9</ele>
        <time>2025-10-12T08:21:24Z</time>
      </trkpt>
      <trkpt lat="42.032414" lon="13.718538">
        <ele>960.9</ele>
        <time>2025-10-12T08:21:25Z</time>
      </trkpt>
      <trkpt lat="42.032383" lon="13.718594">
        <ele>960</ele>
        <time>2025-10-12T08:21:26Z</time>
      </trkpt>
      <trkpt lat="42.032332" lon="13.718683">
        <ele>960</ele>
        <time>2025-10-12T08:21:28Z</time>
      </trkpt>
      <trkpt lat="42.032273" lon="13.718724">
        <ele>959.9</ele>
        <time>2025-10-12T08:21:30Z</time>
      </trkpt>
      <trkpt lat="42.032224" lon="13.718743">
        <ele>959.9</ele>
        <time>2025-10-12T08:21:32Z</time>
      </trkpt>
      <trkpt lat="42.03218" lon="13.71876">
        <ele>960</ele>
        <time>2025-10-12T08:21:35Z</time>
      </trkpt>
      <trkpt lat="42.032195" lon="13.718819">
        <ele>956.5</ele>
        <time>2025-10-12T08:21:47Z</time>
      </trkpt>
      <trkpt lat="42.032239" lon="13.71888">
        <ele>955.4</ele>
        <time>2025-10-12T08:21:50Z</time>
      </trkpt>
      <trkpt lat="42.032291" lon="13.718934">
        <ele>954</ele>
        <time>2025-10-12T08:21:52Z</time>
      </trkpt>
      <trkpt lat="42.032338" lon="13.718983">
        <ele>953.9</ele>
        <time>2025-10-12T08:21:54Z</time>
      </trkpt>
      <trkpt lat="42.032385" lon="13.719025">
        <ele>953</ele>
        <time>2025-10-12T08:21:56Z</time>
      </trkpt>
      <trkpt lat="42.032434" lon="13.719069">
        <ele>953</ele>
        <time>2025-10-12T08:21:58Z</time>
      </trkpt>
      <trkpt lat="42.032489" lon="13.719119">
        <ele>953</ele>
        <time>2025-10-12T08:22:00Z</time>
      </trkpt>
      <trkpt lat="42.032547" lon="13.719173">
        <ele>952</ele>
        <time>2025-10-12T08:22:02Z</time>
      </trkpt>
      <trkpt lat="42.0326" lon="13.719221">
        <ele>951.9</ele>
        <time>2025-10-12T08:22:04Z</time>
      </trkpt>
      <trkpt lat="42.032664" lon="13.719269">
        <ele>951.9</ele>
        <time>2025-10-12T08:22:06Z</time>
      </trkpt>
      <trkpt lat="42.032705" lon="13.719304">
        <ele>951</ele>
        <time>2025-10-12T08:22:07Z</time>
      </trkpt>
      <trkpt lat="42.032766" lon="13.71938">
        <ele>951.4</ele>
        <time>2025-10-12T08:22:09Z</time>
      </trkpt>
      <trkpt lat="42.032828" lon="13.719454">
        <ele>951.9</ele>
        <time>2025-10-12T08:22:11Z</time>
      </trkpt>
      <trkpt lat="42.032888" lon="13.719509">
        <ele>951.9</ele>
        <time>2025-10-12T08:22:13Z</time>
      </trkpt>
      <trkpt lat="42.032946" lon="13.719565">
        <ele>952</ele>
        <time>2025-10-12T08:22:15Z</time>
      </trkpt>
      <trkpt lat="42.033005" lon="13.719621">
        <ele>952.9</ele>
        <time>2025-10-12T08:22:17Z</time>
      </trkpt>
      <trkpt lat="42.033066" lon="13.719676">
        <ele>953</ele>
        <time>2025-10-12T08:22:19Z</time>
      </trkpt>
      <trkpt lat="42.033131" lon="13.719724">
        <ele>952.9</ele>
        <time>2025-10-12T08:22:21Z</time>
      </trkpt>
      <trkpt lat="42.033175" lon="13.719762">
        <ele>952.9</ele>
        <time>2025-10-12T08:22:22Z</time>
      </trkpt>
      <trkpt lat="42.033246" lon="13.719832">
        <ele>953</ele>
        <time>2025-10-12T08:22:24Z</time>
      </trkpt>
      <trkpt lat="42.033316" lon="13.7199">
        <ele>952.9</ele>
        <time>2025-10-12T08:22:26Z</time>
      </trkpt>
      <trkpt lat="42.033362" lon="13.719948">
        <ele>953</ele>
        <time>2025-10-12T08:22:28Z</time>
      </trkpt>
      <trkpt lat="42.033414" lon="13.719986">
        <ele>953</ele>
        <time>2025-10-12T08:22:31Z</time>
      </trkpt>
      <trkpt lat="42.033456" lon="13.720029">
        <ele>953</ele>
        <time>2025-10-12T08:22:34Z</time>
      </trkpt>
      <trkpt lat="42.033498" lon="13.720073">
        <ele>952.9</ele>
        <time>2025-10-12T08:22:37Z</time>
      </trkpt>
      <trkpt lat="42.033521" lon="13.720132">
        <ele>953</ele>
        <time>2025-10-12T08:22:40Z</time>
      </trkpt>
      <trkpt lat="42.033539" lon="13.720207">
        <ele>953.9</ele>
        <time>2025-10-12T08:22:43Z</time>
      </trkpt>
      <trkpt lat="42.033541" lon="13.720286">
        <ele>953.9</ele>
        <time>2025-10-12T08:22:46Z</time>
      </trkpt>
      <trkpt lat="42.033527" lon="13.720346">
        <ele>954</ele>
        <time>2025-10-12T08:22:48Z</time>
      </trkpt>
      <trkpt lat="42.033496" lon="13.720417">
        <ele>953.9</ele>
        <time>2025-10-12T08:22:50Z</time>
      </trkpt>
      <trkpt lat="42.033458" lon="13.720494">
        <ele>954</ele>
        <time>2025-10-12T08:22:52Z</time>
      </trkpt>
      <trkpt lat="42.033425" lon="13.720577">
        <ele>954</ele>
        <time>2025-10-12T08:22:54Z</time>
      </trkpt>
      <trkpt lat="42.033405" lon="13.720656">
        <ele>954</ele>
        <time>2025-10-12T08:22:56Z</time>
      </trkpt>
      <trkpt lat="42.033401" lon="13.720723">
        <ele>954.9</ele>
        <time>2025-10-12T08:22:58Z</time>
      </trkpt>
      <trkpt lat="42.033419" lon="13.720811">
        <ele>955</ele>
        <time>2025-10-12T08:23:01Z</time>
      </trkpt>
      <trkpt lat="42.033438" lon="13.720875">
        <ele>953.9</ele>
        <time>2025-10-12T08:23:03Z</time>
      </trkpt>
      <trkpt lat="42.033463" lon="13.72094">
        <ele>954</ele>
        <time>2025-10-12T08:23:05Z</time>
      </trkpt>
      <trkpt lat="42.033484" lon="13.721009">
        <ele>953.9</ele>
        <time>2025-10-12T08:23:07Z</time>
      </trkpt>
      <trkpt lat="42.033509" lon="13.721077">
        <ele>953.9</ele>
        <time>2025-10-12T08:23:09Z</time>
      </trkpt>
      <trkpt lat="42.033538" lon="13.721155">
        <ele>953.9</ele>
        <time>2025-10-12T08:23:11Z</time>
      </trkpt>
      <trkpt lat="42.03357" lon="13.721221">
        <ele>953.9</ele>
        <time>2025-10-12T08:23:13Z</time>
      </trkpt>
      <trkpt lat="42.033596" lon="13.721286">
        <ele>954.9</ele>
        <time>2025-10-12T08:23:15Z</time>
      </trkpt>
      <trkpt lat="42.03361" lon="13.721346">
        <ele>955</ele>
        <time>2025-10-12T08:23:17Z</time>
      </trkpt>
      <trkpt lat="42.033606" lon="13.721433">
        <ele>955</ele>
        <time>2025-10-12T08:23:20Z</time>
      </trkpt>
      <trkpt lat="42.033605" lon="13.721506">
        <ele>954.9</ele>
        <time>2025-10-12T08:23:22Z</time>
      </trkpt>
      <trkpt lat="42.033616" lon="13.721594">
        <ele>954.9</ele>
        <time>2025-10-12T08:23:24Z</time>
      </trkpt>
      <trkpt lat="42.03364" lon="13.721668">
        <ele>954.9</ele>
        <time>2025-10-12T08:23:26Z</time>
      </trkpt>
      <trkpt lat="42.033674" lon="13.721734">
        <ele>954.9</ele>
        <time>2025-10-12T08:23:28Z</time>
      </trkpt>
      <trkpt lat="42.033717" lon="13.721794">
        <ele>954</ele>
        <time>2025-10-12T08:23:30Z</time>
      </trkpt>
      <trkpt lat="42.033771" lon="13.721845">
        <ele>954</ele>
        <time>2025-10-12T08:23:32Z</time>
      </trkpt>
      <trkpt lat="42.03383" lon="13.721885">
        <ele>953.9</ele>
        <time>2025-10-12T08:23:34Z</time>
      </trkpt>
      <trkpt lat="42.033892" lon="13.721911">
        <ele>955</ele>
        <time>2025-10-12T08:23:36Z</time>
      </trkpt>
      <trkpt lat="42.033947" lon="13.721926">
        <ele>955.5</ele>
        <time>2025-10-12T08:23:38Z</time>
      </trkpt>
      <trkpt lat="42.034001" lon="13.721935">
        <ele>955.9</ele>
        <time>2025-10-12T08:23:40Z</time>
      </trkpt>
      <trkpt lat="42.034047" lon="13.721936">
        <ele>957</ele>
        <time>2025-10-12T08:23:42Z</time>
      </trkpt>
      <trkpt lat="42.034099" lon="13.721942">
        <ele>958</ele>
        <time>2025-10-12T08:23:45Z</time>
      </trkpt>
      <trkpt lat="42.034154" lon="13.72196">
        <ele>958</ele>
        <time>2025-10-12T08:23:48Z</time>
      </trkpt>
      <trkpt lat="42.034222" lon="13.721988">
        <ele>959</ele>
        <time>2025-10-12T08:23:51Z</time>
      </trkpt>
      <trkpt lat="42.034281" lon="13.722015">
        <ele>959</ele>
        <time>2025-10-12T08:23:53Z</time>
      </trkpt>
      <trkpt lat="42.034341" lon="13.722044">
        <ele>958.9</ele>
        <time>2025-10-12T08:23:55Z</time>
      </trkpt>
      <trkpt lat="42.034427" lon="13.722093">
        <ele>958.4</ele>
        <time>2025-10-12T08:23:57Z</time>
      </trkpt>
      <trkpt lat="42.034496" lon="13.722136">
        <ele>957.5</ele>
        <time>2025-10-12T08:23:59Z</time>
      </trkpt>
      <trkpt lat="42.034567" lon="13.722169">
        <ele>957.9</ele>
        <time>2025-10-12T08:24:01Z</time>
      </trkpt>
      <trkpt lat="42.034636" lon="13.722203">
        <ele>958</ele>
        <time>2025-10-12T08:24:03Z</time>
      </trkpt>
      <trkpt lat="42.034697" lon="13.722239">
        <ele>958.5</ele>
        <time>2025-10-12T08:24:05Z</time>
      </trkpt>
      <trkpt lat="42.034756" lon="13.722268">
        <ele>959</ele>
        <time>2025-10-12T08:24:07Z</time>
      </trkpt>
      <trkpt lat="42.034832" lon="13.72231">
        <ele>958.9</ele>
        <time>2025-10-12T08:24:09Z</time>
      </trkpt>
      <trkpt lat="42.034907" lon="13.722343">
        <ele>957.9</ele>
        <time>2025-10-12T08:24:11Z</time>
      </trkpt>
      <trkpt lat="42.034974" lon="13.722362">
        <ele>958</ele>
        <time>2025-10-12T08:24:13Z</time>
      </trkpt>
      <trkpt lat="42.03504" lon="13.722378">
        <ele>958</ele>
        <time>2025-10-12T08:24:15Z</time>
      </trkpt>
      <trkpt lat="42.035101" lon="13.72239">
        <ele>959</ele>
        <time>2025-10-12T08:24:17Z</time>
      </trkpt>
      <trkpt lat="42.035149" lon="13.722391">
        <ele>959</ele>
        <time>2025-10-12T08:24:19Z</time>
      </trkpt>
      <trkpt lat="42.035201" lon="13.722396">
        <ele>960</ele>
        <time>2025-10-12T08:24:22Z</time>
      </trkpt>
      <trkpt lat="42.035248" lon="13.722401">
        <ele>960.4</ele>
        <time>2025-10-12T08:24:25Z</time>
      </trkpt>
      <trkpt lat="42.035298" lon="13.722409">
        <ele>960.9</ele>
        <time>2025-10-12T08:24:28Z</time>
      </trkpt>
      <trkpt lat="42.035349" lon="13.722424">
        <ele>961</ele>
        <time>2025-10-12T08:24:31Z</time>
      </trkpt>
      <trkpt lat="42.035392" lon="13.722446">
        <ele>960</ele>
        <time>2025-10-12T08:24:34Z</time>
      </trkpt>
      <trkpt lat="42.035436" lon="13.722466">
        <ele>959.9</ele>
        <time>2025-10-12T08:24:37Z</time>
      </trkpt>
      <trkpt lat="42.035493" lon="13.722483">
        <ele>960.4</ele>
        <time>2025-10-12T08:24:41Z</time>
      </trkpt>
      <trkpt lat="42.035544" lon="13.72251">
        <ele>961</ele>
        <time>2025-10-12T08:24:44Z</time>
      </trkpt>
      <trkpt lat="42.035598" lon="13.722523">
        <ele>961.5</ele>
        <time>2025-10-12T08:24:47Z</time>
      </trkpt>
      <trkpt lat="42.035663" lon="13.722544">
        <ele>962</ele>
        <time>2025-10-12T08:24:50Z</time>
      </trkpt>
      <trkpt lat="42.035715" lon="13.72256">
        <ele>961.9</ele>
        <time>2025-10-12T08:24:53Z</time>
      </trkpt>
      <trkpt lat="42.035773" lon="13.722591">
        <ele>962</ele>
        <time>2025-10-12T08:24:56Z</time>
      </trkpt>
      <trkpt lat="42.035838" lon="13.722623">
        <ele>963</ele>
        <time>2025-10-12T08:24:59Z</time>
      </trkpt>
      <trkpt lat="42.035885" lon="13.722651">
        <ele>963</ele>
        <time>2025-10-12T08:25:01Z</time>
      </trkpt>
      <trkpt lat="42.035938" lon="13.722689">
        <ele>962.9</ele>
        <time>2025-10-12T08:25:03Z</time>
      </trkpt>
      <trkpt lat="42.035993" lon="13.722734">
        <ele>962.9</ele>
        <time>2025-10-12T08:25:05Z</time>
      </trkpt>
      <trkpt lat="42.036061" lon="13.722805">
        <ele>963.9</ele>
        <time>2025-10-12T08:25:07Z</time>
      </trkpt>
      <trkpt lat="42.036113" lon="13.72285">
        <ele>963.9</ele>
        <time>2025-10-12T08:25:08Z</time>
      </trkpt>
      <trkpt lat="42.03616" lon="13.722894">
        <ele>963.9</ele>
        <time>2025-10-12T08:25:09Z</time>
      </trkpt>
      <trkpt lat="42.036207" lon="13.722939">
        <ele>963</ele>
        <time>2025-10-12T08:25:10Z</time>
      </trkpt>
      <trkpt lat="42.036258" lon="13.722987">
        <ele>962</ele>
        <time>2025-10-12T08:25:11Z</time>
      </trkpt>
      <trkpt lat="42.036306" lon="13.723021">
        <ele>961.9</ele>
        <time>2025-10-12T08:25:12Z</time>
      </trkpt>
      <trkpt lat="42.036348" lon="13.723052">
        <ele>962</ele>
        <time>2025-10-12T08:25:13Z</time>
      </trkpt>
      <trkpt lat="42.036415" lon="13.723098">
        <ele>962</ele>
        <time>2025-10-12T08:25:15Z</time>
      </trkpt>
      <trkpt lat="42.036482" lon="13.723133">
        <ele>963</ele>
        <time>2025-10-12T08:25:17Z</time>
      </trkpt>
      <trkpt lat="42.036545" lon="13.723165">
        <ele>963</ele>
        <time>2025-10-12T08:25:19Z</time>
      </trkpt>
      <trkpt lat="42.036599" lon="13.723186">
        <ele>964</ele>
        <time>2025-10-12T08:25:21Z</time>
      </trkpt>
      <trkpt lat="42.036667" lon="13.723202">
        <ele>964</ele>
        <time>2025-10-12T08:25:24Z</time>
      </trkpt>
      <trkpt lat="42.036719" lon="13.723222">
        <ele>963.9</ele>
        <time>2025-10-12T08:25:26Z</time>
      </trkpt>
      <trkpt lat="42.036771" lon="13.723245">
        <ele>965</ele>
        <time>2025-10-12T08:25:28Z</time>
      </trkpt>
      <trkpt lat="42.03682" lon="13.723271">
        <ele>965</ele>
        <time>2025-10-12T08:25:30Z</time>
      </trkpt>
      <trkpt lat="42.036871" lon="13.723291">
        <ele>964.9</ele>
        <time>2025-10-12T08:25:32Z</time>
      </trkpt>
      <trkpt lat="42.036933" lon="13.723314">
        <ele>964.9</ele>
        <time>2025-10-12T08:25:34Z</time>
      </trkpt>
      <trkpt lat="42.03699" lon="13.723326">
        <ele>965.9</ele>
        <time>2025-10-12T08:25:36Z</time>
      </trkpt>
      <trkpt lat="42.037045" lon="13.723331">
        <ele>965.9</ele>
        <time>2025-10-12T08:25:38Z</time>
      </trkpt>
      <trkpt lat="42.037099" lon="13.723332">
        <ele>965.9</ele>
        <time>2025-10-12T08:25:40Z</time>
      </trkpt>
      <trkpt lat="42.037145" lon="13.723319">
        <ele>967</ele>
        <time>2025-10-12T08:25:42Z</time>
      </trkpt>
      <trkpt lat="42.037207" lon="13.723306">
        <ele>968</ele>
        <time>2025-10-12T08:25:45Z</time>
      </trkpt>
      <trkpt lat="42.037261" lon="13.723302">
        <ele>968</ele>
        <time>2025-10-12T08:25:47Z</time>
      </trkpt>
      <trkpt lat="42.037321" lon="13.723303">
        <ele>968.9</ele>
        <time>2025-10-12T08:25:49Z</time>
      </trkpt>
      <trkpt lat="42.037389" lon="13.723306">
        <ele>969</ele>
        <time>2025-10-12T08:25:51Z</time>
      </trkpt>
      <trkpt lat="42.037477" lon="13.723317">
        <ele>969</ele>
        <time>2025-10-12T08:25:53Z</time>
      </trkpt>
      <trkpt lat="42.037556" lon="13.723342">
        <ele>968.9</ele>
        <time>2025-10-12T08:25:55Z</time>
      </trkpt>
      <trkpt lat="42.037625" lon="13.723355">
        <ele>969</ele>
        <time>2025-10-12T08:25:57Z</time>
      </trkpt>
      <trkpt lat="42.037686" lon="13.723367">
        <ele>969</ele>
        <time>2025-10-12T08:25:59Z</time>
      </trkpt>
      <trkpt lat="42.037744" lon="13.723373">
        <ele>969</ele>
        <time>2025-10-12T08:26:01Z</time>
      </trkpt>
      <trkpt lat="42.037808" lon="13.723387">
        <ele>969.9</ele>
        <time>2025-10-12T08:26:03Z</time>
      </trkpt>
      <trkpt lat="42.037879" lon="13.723407">
        <ele>970</ele>
        <time>2025-10-12T08:26:05Z</time>
      </trkpt>
      <trkpt lat="42.037964" lon="13.723448">
        <ele>970</ele>
        <time>2025-10-12T08:26:07Z</time>
      </trkpt>
      <trkpt lat="42.038007" lon="13.723469">
        <ele>969</ele>
        <time>2025-10-12T08:26:08Z</time>
      </trkpt>
      <trkpt lat="42.038089" lon="13.723492">
        <ele>969</ele>
        <time>2025-10-12T08:26:10Z</time>
      </trkpt>
      <trkpt lat="42.03817" lon="13.723524">
        <ele>969</ele>
        <time>2025-10-12T08:26:12Z</time>
      </trkpt>
      <trkpt lat="42.038214" lon="13.723544">
        <ele>969.9</ele>
        <time>2025-10-12T08:26:13Z</time>
      </trkpt>
      <trkpt lat="42.038258" lon="13.72356">
        <ele>970</ele>
        <time>2025-10-12T08:26:14Z</time>
      </trkpt>
      <trkpt lat="42.038305" lon="13.723574">
        <ele>970</ele>
        <time>2025-10-12T08:26:15Z</time>
      </trkpt>
      <trkpt lat="42.038348" lon="13.723593">
        <ele>969.9</ele>
        <time>2025-10-12T08:26:16Z</time>
      </trkpt>
      <trkpt lat="42.038435" lon="13.723618">
        <ele>970</ele>
        <time>2025-10-12T08:26:18Z</time>
      </trkpt>
      <trkpt lat="42.038511" lon="13.723635">
        <ele>969.9</ele>
        <time>2025-10-12T08:26:20Z</time>
      </trkpt>
      <trkpt lat="42.038579" lon="13.723658">
        <ele>969</ele>
        <time>2025-10-12T08:26:22Z</time>
      </trkpt>
      <trkpt lat="42.038651" lon="13.723683">
        <ele>968.9</ele>
        <time>2025-10-12T08:26:24Z</time>
      </trkpt>
      <trkpt lat="42.038732" lon="13.723729">
        <ele>968.4</ele>
        <time>2025-10-12T08:26:26Z</time>
      </trkpt>
      <trkpt lat="42.038827" lon="13.72377">
        <ele>968</ele>
        <time>2025-10-12T08:26:28Z</time>
      </trkpt>
      <trkpt lat="42.038878" lon="13.723775">
        <ele>968.4</ele>
        <time>2025-10-12T08:26:29Z</time>
      </trkpt>
      <trkpt lat="42.038933" lon="13.723779">
        <ele>968.4</ele>
        <time>2025-10-12T08:26:30Z</time>
      </trkpt>
      <trkpt lat="42.038989" lon="13.723784">
        <ele>968.9</ele>
        <time>2025-10-12T08:26:31Z</time>
      </trkpt>
      <trkpt lat="42.03905" lon="13.723788">
        <ele>968.9</ele>
        <time>2025-10-12T08:26:32Z</time>
      </trkpt>
      <trkpt lat="42.039107" lon="13.723787">
        <ele>969</ele>
        <time>2025-10-12T08:26:33Z</time>
      </trkpt>
      <trkpt lat="42.039161" lon="13.723793">
        <ele>969</ele>
        <time>2025-10-12T08:26:34Z</time>
      </trkpt>
      <trkpt lat="42.039211" lon="13.723795">
        <ele>969</ele>
        <time>2025-10-12T08:26:35Z</time>
      </trkpt>
      <trkpt lat="42.039266" lon="13.7238">
        <ele>968.9</ele>
        <time>2025-10-12T08:26:36Z</time>
      </trkpt>
      <trkpt lat="42.039324" lon="13.723797">
        <ele>969</ele>
        <time>2025-10-12T08:26:37Z</time>
      </trkpt>
      <trkpt lat="42.039377" lon="13.72379">
        <ele>969</ele>
        <time>2025-10-12T08:26:38Z</time>
      </trkpt>
      <trkpt lat="42.039438" lon="13.72379">
        <ele>968.9</ele>
        <time>2025-10-12T08:26:39Z</time>
      </trkpt>
      <trkpt lat="42.039494" lon="13.723793">
        <ele>969</ele>
        <time>2025-10-12T08:26:40Z</time>
      </trkpt>
      <trkpt lat="42.039552" lon="13.72379">
        <ele>970</ele>
        <time>2025-10-12T08:26:41Z</time>
      </trkpt>
      <trkpt lat="42.03962" lon="13.723792">
        <ele>970</ele>
        <time>2025-10-12T08:26:43Z</time>
      </trkpt>
      <trkpt lat="42.039692" lon="13.723804">
        <ele>970</ele>
        <time>2025-10-12T08:26:45Z</time>
      </trkpt>
      <trkpt lat="42.039766" lon="13.723805">
        <ele>969.9</ele>
        <time>2025-10-12T08:26:47Z</time>
      </trkpt>
      <trkpt lat="42.039847" lon="13.723807">
        <ele>969.9</ele>
        <time>2025-10-12T08:26:49Z</time>
      </trkpt>
      <trkpt lat="42.039924" lon="13.723819">
        <ele>969</ele>
        <time>2025-10-12T08:26:51Z</time>
      </trkpt>
      <trkpt lat="42.039994" lon="13.723836">
        <ele>967.9</ele>
        <time>2025-10-12T08:26:53Z</time>
      </trkpt>
      <trkpt lat="42.040059" lon="13.723861">
        <ele>967.9</ele>
        <time>2025-10-12T08:26:55Z</time>
      </trkpt>
      <trkpt lat="42.040124" lon="13.723879">
        <ele>967.9</ele>
        <time>2025-10-12T08:26:57Z</time>
      </trkpt>
      <trkpt lat="42.040189" lon="13.723911">
        <ele>968</ele>
        <time>2025-10-12T08:26:59Z</time>
      </trkpt>
      <trkpt lat="42.040255" lon="13.723938">
        <ele>967.9</ele>
        <time>2025-10-12T08:27:01Z</time>
      </trkpt>
      <trkpt lat="42.040319" lon="13.723985">
        <ele>967.9</ele>
        <time>2025-10-12T08:27:03Z</time>
      </trkpt>
      <trkpt lat="42.040387" lon="13.724017">
        <ele>968.4</ele>
        <time>2025-10-12T08:27:05Z</time>
      </trkpt>
      <trkpt lat="42.040453" lon="13.724032">
        <ele>968</ele>
        <time>2025-10-12T08:27:07Z</time>
      </trkpt>
      <trkpt lat="42.040507" lon="13.724062">
        <ele>968</ele>
        <time>2025-10-12T08:27:09Z</time>
      </trkpt>
      <trkpt lat="42.040555" lon="13.724077">
        <ele>968</ele>
        <time>2025-10-12T08:27:11Z</time>
      </trkpt>
      <trkpt lat="42.0406" lon="13.724103">
        <ele>968</ele>
        <time>2025-10-12T08:27:13Z</time>
      </trkpt>
      <trkpt lat="42.040661" lon="13.724125">
        <ele>968</ele>
        <time>2025-10-12T08:27:16Z</time>
      </trkpt>
      <trkpt lat="42.04072" lon="13.724154">
        <ele>967.9</ele>
        <time>2025-10-12T08:27:19Z</time>
      </trkpt>
      <trkpt lat="42.040764" lon="13.724178">
        <ele>968</ele>
        <time>2025-10-12T08:27:22Z</time>
      </trkpt>
      <trkpt lat="42.040815" lon="13.724199">
        <ele>969</ele>
        <time>2025-10-12T08:27:26Z</time>
      </trkpt>
      <trkpt lat="42.04086" lon="13.724221">
        <ele>969.9</ele>
        <time>2025-10-12T08:27:30Z</time>
      </trkpt>
      <trkpt lat="42.040909" lon="13.724261">
        <ele>970</ele>
        <time>2025-10-12T08:27:34Z</time>
      </trkpt>
      <trkpt lat="42.040944" lon="13.724304">
        <ele>970</ele>
        <time>2025-10-12T08:27:38Z</time>
      </trkpt>
      <trkpt lat="42.04099" lon="13.724343">
        <ele>971</ele>
        <time>2025-10-12T08:27:42Z</time>
      </trkpt>
      <trkpt lat="42.041031" lon="13.724388">
        <ele>970.9</ele>
        <time>2025-10-12T08:27:45Z</time>
      </trkpt>
      <trkpt lat="42.041064" lon="13.724434">
        <ele>970.9</ele>
        <time>2025-10-12T08:27:47Z</time>
      </trkpt>
      <trkpt lat="42.041095" lon="13.724491">
        <ele>971</ele>
        <time>2025-10-12T08:27:49Z</time>
      </trkpt>
      <trkpt lat="42.041115" lon="13.724564">
        <ele>971</ele>
        <time>2025-10-12T08:27:51Z</time>
      </trkpt>
      <trkpt lat="42.041104" lon="13.724633">
        <ele>971</ele>
        <time>2025-10-12T08:27:53Z</time>
      </trkpt>
      <trkpt lat="42.041076" lon="13.724686">
        <ele>970.9</ele>
        <time>2025-10-12T08:27:55Z</time>
      </trkpt>
      <trkpt lat="42.041017" lon="13.724721">
        <ele>971.9</ele>
        <time>2025-10-12T08:27:58Z</time>
      </trkpt>
      <trkpt lat="42.040964" lon="13.724718">
        <ele>971.9</ele>
        <time>2025-10-12T08:28:00Z</time>
      </trkpt>
      <trkpt lat="42.040913" lon="13.724704">
        <ele>971.9</ele>
        <time>2025-10-12T08:28:02Z</time>
      </trkpt>
      <trkpt lat="42.040861" lon="13.724702">
        <ele>971.9</ele>
        <time>2025-10-12T08:28:04Z</time>
      </trkpt>
      <trkpt lat="42.040799" lon="13.724692">
        <ele>971</ele>
        <time>2025-10-12T08:28:06Z</time>
      </trkpt>
      <trkpt lat="42.040729" lon="13.724667">
        <ele>969.9</ele>
        <time>2025-10-12T08:28:08Z</time>
      </trkpt>
      <trkpt lat="42.040665" lon="13.724648">
        <ele>968.9</ele>
        <time>2025-10-12T08:28:10Z</time>
      </trkpt>
      <trkpt lat="42.040599" lon="13.724631">
        <ele>967.9</ele>
        <time>2025-10-12T08:28:12Z</time>
      </trkpt>
      <trkpt lat="42.040531" lon="13.724609">
        <ele>967</ele>
        <time>2025-10-12T08:28:14Z</time>
      </trkpt>
      <trkpt lat="42.040478" lon="13.724597">
        <ele>966.5</ele>
        <time>2025-10-12T08:28:16Z</time>
      </trkpt>
      <trkpt lat="42.040431" lon="13.72459">
        <ele>965</ele>
        <time>2025-10-12T08:28:19Z</time>
      </trkpt>
      <trkpt lat="42.040374" lon="13.724581">
        <ele>963.9</ele>
        <time>2025-10-12T08:28:22Z</time>
      </trkpt>
      <trkpt lat="42.040322" lon="13.724576">
        <ele>963.9</ele>
        <time>2025-10-12T08:28:25Z</time>
      </trkpt>
      <trkpt lat="42.040272" lon="13.724571">
        <ele>962.9</ele>
        <time>2025-10-12T08:28:28Z</time>
      </trkpt>
      <trkpt lat="42.040213" lon="13.72456">
        <ele>962.9</ele>
        <time>2025-10-12T08:28:31Z</time>
      </trkpt>
      <trkpt lat="42.040158" lon="13.724547">
        <ele>961.5</ele>
        <time>2025-10-12T08:28:35Z</time>
      </trkpt>
      <trkpt lat="42.040109" lon="13.724531">
        <ele>959</ele>
        <time>2025-10-12T08:28:39Z</time>
      </trkpt>
      <trkpt lat="42.040046" lon="13.72452">
        <ele>958</ele>
        <time>2025-10-12T08:28:42Z</time>
      </trkpt>
      <trkpt lat="42.039998" lon="13.724546">
        <ele>957.9</ele>
        <time>2025-10-12T08:28:44Z</time>
      </trkpt>
      <trkpt lat="42.039944" lon="13.724577">
        <ele>956.5</ele>
        <time>2025-10-12T08:28:47Z</time>
      </trkpt>
      <trkpt lat="42.039899" lon="13.724607">
        <ele>956</ele>
        <time>2025-10-12T08:28:49Z</time>
      </trkpt>
      <trkpt lat="42.039842" lon="13.724646">
        <ele>955.9</ele>
        <time>2025-10-12T08:28:51Z</time>
      </trkpt>
      <trkpt lat="42.039781" lon="13.724685">
        <ele>955</ele>
        <time>2025-10-12T08:28:53Z</time>
      </trkpt>
      <trkpt lat="42.039705" lon="13.724719">
        <ele>954.4</ele>
        <time>2025-10-12T08:28:55Z</time>
      </trkpt>
      <trkpt lat="42.03964" lon="13.724755">
        <ele>954</ele>
        <time>2025-10-12T08:28:57Z</time>
      </trkpt>
      <trkpt lat="42.039583" lon="13.724786">
        <ele>953</ele>
        <time>2025-10-12T08:28:59Z</time>
      </trkpt>
      <trkpt lat="42.039535" lon="13.724814">
        <ele>951.9</ele>
        <time>2025-10-12T08:29:01Z</time>
      </trkpt>
      <trkpt lat="42.039474" lon="13.724852">
        <ele>950.9</ele>
        <time>2025-10-12T08:29:04Z</time>
      </trkpt>
      <trkpt lat="42.039422" lon="13.724871">
        <ele>949.9</ele>
        <time>2025-10-12T08:29:06Z</time>
      </trkpt>
      <trkpt lat="42.039358" lon="13.724891">
        <ele>949.9</ele>
        <time>2025-10-12T08:29:08Z</time>
      </trkpt>
      <trkpt lat="42.039288" lon="13.72492">
        <ele>948.9</ele>
        <time>2025-10-12T08:29:10Z</time>
      </trkpt>
      <trkpt lat="42.039212" lon="13.724948">
        <ele>948.5</ele>
        <time>2025-10-12T08:29:12Z</time>
      </trkpt>
      <trkpt lat="42.039145" lon="13.724972">
        <ele>948</ele>
        <time>2025-10-12T08:29:14Z</time>
      </trkpt>
      <trkpt lat="42.039097" lon="13.724991">
        <ele>946.9</ele>
        <time>2025-10-12T08:29:15Z</time>
      </trkpt>
      <trkpt lat="42.039051" lon="13.725032">
        <ele>946.9</ele>
        <time>2025-10-12T08:29:16Z</time>
      </trkpt>
      <trkpt lat="42.039009" lon="13.725064">
        <ele>945</ele>
        <time>2025-10-12T08:29:17Z</time>
      </trkpt>
      <trkpt lat="42.038939" lon="13.725128">
        <ele>944.9</ele>
        <time>2025-10-12T08:29:19Z</time>
      </trkpt>
      <trkpt lat="42.038862" lon="13.725193">
        <ele>943.9</ele>
        <time>2025-10-12T08:29:21Z</time>
      </trkpt>
      <trkpt lat="42.038785" lon="13.725249">
        <ele>943</ele>
        <time>2025-10-12T08:29:23Z</time>
      </trkpt>
      <trkpt lat="42.038707" lon="13.725268">
        <ele>942.9</ele>
        <time>2025-10-12T08:29:25Z</time>
      </trkpt>
      <trkpt lat="42.038659" lon="13.72528">
        <ele>942.9</ele>
        <time>2025-10-12T08:29:26Z</time>
      </trkpt>
      <trkpt lat="42.038612" lon="13.725286">
        <ele>943</ele>
        <time>2025-10-12T08:29:27Z</time>
      </trkpt>
      <trkpt lat="42.038561" lon="13.725289">
        <ele>941.9</ele>
        <time>2025-10-12T08:29:28Z</time>
      </trkpt>
      <trkpt lat="42.038513" lon="13.725296">
        <ele>941.4</ele>
        <time>2025-10-12T08:29:29Z</time>
      </trkpt>
      <trkpt lat="42.038464" lon="13.7253">
        <ele>940.9</ele>
        <time>2025-10-12T08:29:30Z</time>
      </trkpt>
      <trkpt lat="42.038417" lon="13.725313">
        <ele>941</ele>
        <time>2025-10-12T08:29:31Z</time>
      </trkpt>
      <trkpt lat="42.038332" lon="13.725327">
        <ele>940.9</ele>
        <time>2025-10-12T08:29:33Z</time>
      </trkpt>
      <trkpt lat="42.038285" lon="13.725325">
        <ele>941</ele>
        <time>2025-10-12T08:29:34Z</time>
      </trkpt>
      <trkpt lat="42.038231" lon="13.725319">
        <ele>939.9</ele>
        <time>2025-10-12T08:29:35Z</time>
      </trkpt>
      <trkpt lat="42.038175" lon="13.725321">
        <ele>940</ele>
        <time>2025-10-12T08:29:36Z</time>
      </trkpt>
      <trkpt lat="42.038113" lon="13.725319">
        <ele>939.9</ele>
        <time>2025-10-12T08:29:37Z</time>
      </trkpt>
      <trkpt lat="42.038055" lon="13.725321">
        <ele>939.9</ele>
        <time>2025-10-12T08:29:38Z</time>
      </trkpt>
      <trkpt lat="42.038004" lon="13.72533">
        <ele>938.9</ele>
        <time>2025-10-12T08:29:39Z</time>
      </trkpt>
      <trkpt lat="42.037953" lon="13.725338">
        <ele>938.9</ele>
        <time>2025-10-12T08:29:40Z</time>
      </trkpt>
      <trkpt lat="42.037903" lon="13.725346">
        <ele>939</ele>
        <time>2025-10-12T08:29:41Z</time>
      </trkpt>
      <trkpt lat="42.037857" lon="13.725357">
        <ele>938.9</ele>
        <time>2025-10-12T08:29:42Z</time>
      </trkpt>
      <trkpt lat="42.037769" lon="13.725387">
        <ele>939</ele>
        <time>2025-10-12T08:29:44Z</time>
      </trkpt>
      <trkpt lat="42.037714" lon="13.725404">
        <ele>937.9</ele>
        <time>2025-10-12T08:29:45Z</time>
      </trkpt>
      <trkpt lat="42.037662" lon="13.72542">
        <ele>937.9</ele>
        <time>2025-10-12T08:29:46Z</time>
      </trkpt>
      <trkpt lat="42.037617" lon="13.725447">
        <ele>937.9</ele>
        <time>2025-10-12T08:29:47Z</time>
      </trkpt>
      <trkpt lat="42.037533" lon="13.725504">
        <ele>936.9</ele>
        <time>2025-10-12T08:29:49Z</time>
      </trkpt>
      <trkpt lat="42.037486" lon="13.725534">
        <ele>937</ele>
        <time>2025-10-12T08:29:50Z</time>
      </trkpt>
      <trkpt lat="42.037433" lon="13.725566">
        <ele>936</ele>
        <time>2025-10-12T08:29:51Z</time>
      </trkpt>
      <trkpt lat="42.037381" lon="13.725598">
        <ele>936</ele>
        <time>2025-10-12T08:29:52Z</time>
      </trkpt>
      <trkpt lat="42.037339" lon="13.725626">
        <ele>935.9</ele>
        <time>2025-10-12T08:29:53Z</time>
      </trkpt>
      <trkpt lat="42.037274" lon="13.725681">
        <ele>935.4</ele>
        <time>2025-10-12T08:29:55Z</time>
      </trkpt>
      <trkpt lat="42.03722" lon="13.725722">
        <ele>934</ele>
        <time>2025-10-12T08:29:57Z</time>
      </trkpt>
      <trkpt lat="42.03719" lon="13.725783">
        <ele>933.9</ele>
        <time>2025-10-12T08:29:59Z</time>
      </trkpt>
      <trkpt lat="42.037148" lon="13.725837">
        <ele>933.5</ele>
        <time>2025-10-12T08:30:01Z</time>
      </trkpt>
      <trkpt lat="42.037098" lon="13.725893">
        <ele>933</ele>
        <time>2025-10-12T08:30:03Z</time>
      </trkpt>
      <trkpt lat="42.037055" lon="13.725919">
        <ele>932.9</ele>
        <time>2025-10-12T08:30:04Z</time>
      </trkpt>
      <trkpt lat="42.036991" lon="13.725964">
        <ele>933</ele>
        <time>2025-10-12T08:30:06Z</time>
      </trkpt>
      <trkpt lat="42.036915" lon="13.726015">
        <ele>933.5</ele>
        <time>2025-10-12T08:30:08Z</time>
      </trkpt>
      <trkpt lat="42.036857" lon="13.72606">
        <ele>933.9</ele>
        <time>2025-10-12T08:30:10Z</time>
      </trkpt>
      <trkpt lat="42.036795" lon="13.726085">
        <ele>933.9</ele>
        <time>2025-10-12T08:30:12Z</time>
      </trkpt>
      <trkpt lat="42.036735" lon="13.72613">
        <ele>933.5</ele>
        <time>2025-10-12T08:30:14Z</time>
      </trkpt>
      <trkpt lat="42.036669" lon="13.726172">
        <ele>932.9</ele>
        <time>2025-10-12T08:30:16Z</time>
      </trkpt>
      <trkpt lat="42.036609" lon="13.726216">
        <ele>932.9</ele>
        <time>2025-10-12T08:30:18Z</time>
      </trkpt>
      <trkpt lat="42.03655" lon="13.726261">
        <ele>933</ele>
        <time>2025-10-12T08:30:20Z</time>
      </trkpt>
      <trkpt lat="42.036489" lon="13.726305">
        <ele>932.9</ele>
        <time>2025-10-12T08:30:22Z</time>
      </trkpt>
      <trkpt lat="42.036426" lon="13.726341">
        <ele>932.9</ele>
        <time>2025-10-12T08:30:24Z</time>
      </trkpt>
      <trkpt lat="42.03637" lon="13.726377">
        <ele>933</ele>
        <time>2025-10-12T08:30:26Z</time>
      </trkpt>
      <trkpt lat="42.036321" lon="13.726412">
        <ele>932.9</ele>
        <time>2025-10-12T08:30:28Z</time>
      </trkpt>
      <trkpt lat="42.036268" lon="13.726454">
        <ele>933</ele>
        <time>2025-10-12T08:30:30Z</time>
      </trkpt>
      <trkpt lat="42.036217" lon="13.726485">
        <ele>933</ele>
        <time>2025-10-12T08:30:32Z</time>
      </trkpt>
      <trkpt lat="42.036154" lon="13.726514">
        <ele>933</ele>
        <time>2025-10-12T08:30:34Z</time>
      </trkpt>
      <trkpt lat="42.036084" lon="13.726532">
        <ele>932.9</ele>
        <time>2025-10-12T08:30:36Z</time>
      </trkpt>
      <trkpt lat="42.036014" lon="13.726544">
        <ele>932.5</ele>
        <time>2025-10-12T08:30:38Z</time>
      </trkpt>
      <trkpt lat="42.035939" lon="13.726585">
        <ele>931.5</ele>
        <time>2025-10-12T08:30:40Z</time>
      </trkpt>
      <trkpt lat="42.035851" lon="13.726618">
        <ele>930</ele>
        <time>2025-10-12T08:30:42Z</time>
      </trkpt>
      <trkpt lat="42.035804" lon="13.726632">
        <ele>930</ele>
        <time>2025-10-12T08:30:43Z</time>
      </trkpt>
      <trkpt lat="42.035754" lon="13.726644">
        <ele>929.9</ele>
        <time>2025-10-12T08:30:44Z</time>
      </trkpt>
      <trkpt lat="42.035709" lon="13.726664">
        <ele>929.9</ele>
        <time>2025-10-12T08:30:45Z</time>
      </trkpt>
      <trkpt lat="42.03566" lon="13.726686">
        <ele>929.9</ele>
        <time>2025-10-12T08:30:46Z</time>
      </trkpt>
      <trkpt lat="42.035611" lon="13.726715">
        <ele>929.9</ele>
        <time>2025-10-12T08:30:47Z</time>
      </trkpt>
      <trkpt lat="42.035563" lon="13.726744">
        <ele>929.4</ele>
        <time>2025-10-12T08:30:48Z</time>
      </trkpt>
      <trkpt lat="42.035515" lon="13.726764">
        <ele>929</ele>
        <time>2025-10-12T08:30:49Z</time>
      </trkpt>
      <trkpt lat="42.035469" lon="13.726783">
        <ele>928.5</ele>
        <time>2025-10-12T08:30:50Z</time>
      </trkpt>
      <trkpt lat="42.035423" lon="13.726803">
        <ele>927.9</ele>
        <time>2025-10-12T08:30:51Z</time>
      </trkpt>
      <trkpt lat="42.035378" lon="13.726829">
        <ele>928</ele>
        <time>2025-10-12T08:30:52Z</time>
      </trkpt>
      <trkpt lat="42.035311" lon="13.726871">
        <ele>926.4</ele>
        <time>2025-10-12T08:30:54Z</time>
      </trkpt>
      <trkpt lat="42.03526" lon="13.726906">
        <ele>926</ele>
        <time>2025-10-12T08:30:56Z</time>
      </trkpt>
      <trkpt lat="42.035188" lon="13.726958">
        <ele>925.9</ele>
        <time>2025-10-12T08:30:58Z</time>
      </trkpt>
      <trkpt lat="42.035124" lon="13.727002">
        <ele>926</ele>
        <time>2025-10-12T08:31:00Z</time>
      </trkpt>
      <trkpt lat="42.035051" lon="13.727062">
        <ele>925.9</ele>
        <time>2025-10-12T08:31:02Z</time>
      </trkpt>
      <trkpt lat="42.034979" lon="13.727142">
        <ele>924.9</ele>
        <time>2025-10-12T08:31:04Z</time>
      </trkpt>
      <trkpt lat="42.034936" lon="13.72718">
        <ele>925</ele>
        <time>2025-10-12T08:31:05Z</time>
      </trkpt>
      <trkpt lat="42.034897" lon="13.727217">
        <ele>924.4</ele>
        <time>2025-10-12T08:31:06Z</time>
      </trkpt>
      <trkpt lat="42.034849" lon="13.727253">
        <ele>924</ele>
        <time>2025-10-12T08:31:07Z</time>
      </trkpt>
      <trkpt lat="42.034805" lon="13.727291">
        <ele>924</ele>
        <time>2025-10-12T08:31:08Z</time>
      </trkpt>
      <trkpt lat="42.034762" lon="13.727326">
        <ele>923.9</ele>
        <time>2025-10-12T08:31:09Z</time>
      </trkpt>
      <trkpt lat="42.034679" lon="13.727367">
        <ele>923</ele>
        <time>2025-10-12T08:31:11Z</time>
      </trkpt>
      <trkpt lat="42.034634" lon="13.727389">
        <ele>923</ele>
        <time>2025-10-12T08:31:12Z</time>
      </trkpt>
      <trkpt lat="42.034587" lon="13.727406">
        <ele>922.9</ele>
        <time>2025-10-12T08:31:13Z</time>
      </trkpt>
      <trkpt lat="42.034514" lon="13.727409">
        <ele>923</ele>
        <time>2025-10-12T08:31:15Z</time>
      </trkpt>
      <trkpt lat="42.034436" lon="13.727407">
        <ele>923</ele>
        <time>2025-10-12T08:31:17Z</time>
      </trkpt>
      <trkpt lat="42.034382" lon="13.727405">
        <ele>923</ele>
        <time>2025-10-12T08:31:18Z</time>
      </trkpt>
      <trkpt lat="42.034336" lon="13.727406">
        <ele>922.9</ele>
        <time>2025-10-12T08:31:19Z</time>
      </trkpt>
      <trkpt lat="42.034256" lon="13.727417">
        <ele>923</ele>
        <time>2025-10-12T08:31:21Z</time>
      </trkpt>
      <trkpt lat="42.034182" lon="13.727423">
        <ele>924</ele>
        <time>2025-10-12T08:31:23Z</time>
      </trkpt>
      <trkpt lat="42.034137" lon="13.727434">
        <ele>923.9</ele>
        <time>2025-10-12T08:31:24Z</time>
      </trkpt>
      <trkpt lat="42.034061" lon="13.727484">
        <ele>924</ele>
        <time>2025-10-12T08:31:26Z</time>
      </trkpt>
      <trkpt lat="42.034014" lon="13.727508">
        <ele>923.9</ele>
        <time>2025-10-12T08:31:27Z</time>
      </trkpt>
      <trkpt lat="42.033971" lon="13.727535">
        <ele>923</ele>
        <time>2025-10-12T08:31:28Z</time>
      </trkpt>
      <trkpt lat="42.033928" lon="13.727561">
        <ele>922.5</ele>
        <time>2025-10-12T08:31:29Z</time>
      </trkpt>
      <trkpt lat="42.033886" lon="13.727589">
        <ele>921.9</ele>
        <time>2025-10-12T08:31:30Z</time>
      </trkpt>
      <trkpt lat="42.033813" lon="13.727642">
        <ele>921.9</ele>
        <time>2025-10-12T08:31:32Z</time>
      </trkpt>
      <trkpt lat="42.033745" lon="13.727688">
        <ele>922</ele>
        <time>2025-10-12T08:31:34Z</time>
      </trkpt>
      <trkpt lat="42.033673" lon="13.727749">
        <ele>922</ele>
        <time>2025-10-12T08:31:36Z</time>
      </trkpt>
      <trkpt lat="42.033607" lon="13.727824">
        <ele>920.9</ele>
        <time>2025-10-12T08:31:38Z</time>
      </trkpt>
      <trkpt lat="42.033571" lon="13.727864">
        <ele>921</ele>
        <time>2025-10-12T08:31:39Z</time>
      </trkpt>
      <trkpt lat="42.033495" lon="13.727937">
        <ele>920.9</ele>
        <time>2025-10-12T08:31:41Z</time>
      </trkpt>
      <trkpt lat="42.033431" lon="13.728029">
        <ele>919.9</ele>
        <time>2025-10-12T08:31:43Z</time>
      </trkpt>
      <trkpt lat="42.033395" lon="13.728079">
        <ele>920</ele>
        <time>2025-10-12T08:31:44Z</time>
      </trkpt>
      <trkpt lat="42.033355" lon="13.728128">
        <ele>919.5</ele>
        <time>2025-10-12T08:31:45Z</time>
      </trkpt>
      <trkpt lat="42.03331" lon="13.728174">
        <ele>918.9</ele>
        <time>2025-10-12T08:31:46Z</time>
      </trkpt>
      <trkpt lat="42.033265" lon="13.728215">
        <ele>918.9</ele>
        <time>2025-10-12T08:31:47Z</time>
      </trkpt>
      <trkpt lat="42.03322" lon="13.728258">
        <ele>919</ele>
        <time>2025-10-12T08:31:48Z</time>
      </trkpt>
      <trkpt lat="42.033178" lon="13.728304">
        <ele>918</ele>
        <time>2025-10-12T08:31:49Z</time>
      </trkpt>
      <trkpt lat="42.033135" lon="13.728352">
        <ele>918</ele>
        <time>2025-10-12T08:31:50Z</time>
      </trkpt>
      <trkpt lat="42.033093" lon="13.728409">
        <ele>918</ele>
        <time>2025-10-12T08:31:51Z</time>
      </trkpt>
      <trkpt lat="42.033053" lon="13.728459">
        <ele>916.9</ele>
        <time>2025-10-12T08:31:52Z</time>
      </trkpt>
      <trkpt lat="42.033011" lon="13.728505">
        <ele>916.9</ele>
        <time>2025-10-12T08:31:53Z</time>
      </trkpt>
      <trkpt lat="42.03297" lon="13.728549">
        <ele>917</ele>
        <time>2025-10-12T08:31:54Z</time>
      </trkpt>
      <trkpt lat="42.032935" lon="13.728596">
        <ele>916.9</ele>
        <time>2025-10-12T08:31:55Z</time>
      </trkpt>
      <trkpt lat="42.032866" lon="13.728672">
        <ele>916.9</ele>
        <time>2025-10-12T08:31:57Z</time>
      </trkpt>
      <trkpt lat="42.03283" lon="13.728713">
        <ele>916.9</ele>
        <time>2025-10-12T08:31:58Z</time>
      </trkpt>
      <trkpt lat="42.032765" lon="13.728769">
        <ele>918</ele>
        <time>2025-10-12T08:32:00Z</time>
      </trkpt>
      <trkpt lat="42.032716" lon="13.728835">
        <ele>918</ele>
        <time>2025-10-12T08:32:02Z</time>
      </trkpt>
      <trkpt lat="42.032707" lon="13.728898">
        <ele>918.5</ele>
        <time>2025-10-12T08:32:04Z</time>
      </trkpt>
      <trkpt lat="42.032713" lon="13.728972">
        <ele>919</ele>
        <time>2025-10-12T08:32:09Z</time>
      </trkpt>
      <trkpt lat="42.032682" lon="13.729053">
        <ele>918</ele>
        <time>2025-10-12T08:32:12Z</time>
      </trkpt>
      <trkpt lat="42.032632" lon="13.72911">
        <ele>918</ele>
        <time>2025-10-12T08:32:15Z</time>
      </trkpt>
      <trkpt lat="42.032595" lon="13.729155">
        <ele>917.9</ele>
        <time>2025-10-12T08:32:17Z</time>
      </trkpt>
      <trkpt lat="42.032552" lon="13.729186">
        <ele>918</ele>
        <time>2025-10-12T08:32:19Z</time>
      </trkpt>
      <trkpt lat="42.032505" lon="13.729195">
        <ele>916.9</ele>
        <time>2025-10-12T08:32:21Z</time>
      </trkpt>
      <trkpt lat="42.03245" lon="13.729197">
        <ele>917</ele>
        <time>2025-10-12T08:32:23Z</time>
      </trkpt>
      <trkpt lat="42.032389" lon="13.729191">
        <ele>916.9</ele>
        <time>2025-10-12T08:32:25Z</time>
      </trkpt>
      <trkpt lat="42.032321" lon="13.729184">
        <ele>916.9</ele>
        <time>2025-10-12T08:32:27Z</time>
      </trkpt>
      <trkpt lat="42.032252" lon="13.729196">
        <ele>917</ele>
        <time>2025-10-12T08:32:29Z</time>
      </trkpt>
      <trkpt lat="42.032191" lon="13.729217">
        <ele>917</ele>
        <time>2025-10-12T08:32:31Z</time>
      </trkpt>
      <trkpt lat="42.032135" lon="13.729242">
        <ele>918</ele>
        <time>2025-10-12T08:32:33Z</time>
      </trkpt>
      <trkpt lat="42.032092" lon="13.729278">
        <ele>918</ele>
        <time>2025-10-12T08:32:35Z</time>
      </trkpt>
      <trkpt lat="42.032051" lon="13.729327">
        <ele>917.9</ele>
        <time>2025-10-12T08:32:37Z</time>
      </trkpt>
      <trkpt lat="42.032006" lon="13.729365">
        <ele>917.9</ele>
        <time>2025-10-12T08:32:39Z</time>
      </trkpt>
      <trkpt lat="42.031957" lon="13.729394">
        <ele>919</ele>
        <time>2025-10-12T08:32:41Z</time>
      </trkpt>
      <trkpt lat="42.031907" lon="13.729417">
        <ele>919.9</ele>
        <time>2025-10-12T08:32:43Z</time>
      </trkpt>
      <trkpt lat="42.031857" lon="13.729435">
        <ele>919.9</ele>
        <time>2025-10-12T08:32:45Z</time>
      </trkpt>
      <trkpt lat="42.031812" lon="13.729458">
        <ele>919.9</ele>
        <time>2025-10-12T08:32:47Z</time>
      </trkpt>
      <trkpt lat="42.031767" lon="13.729479">
        <ele>920.5</ele>
        <time>2025-10-12T08:32:49Z</time>
      </trkpt>
      <trkpt lat="42.03172" lon="13.729497">
        <ele>920.5</ele>
        <time>2025-10-12T08:32:51Z</time>
      </trkpt>
      <trkpt lat="42.031657" lon="13.729511">
        <ele>920</ele>
        <time>2025-10-12T08:32:54Z</time>
      </trkpt>
      <trkpt lat="42.031612" lon="13.729523">
        <ele>919.9</ele>
        <time>2025-10-12T08:32:56Z</time>
      </trkpt>
      <trkpt lat="42.031552" lon="13.729547">
        <ele>920</ele>
        <time>2025-10-12T08:32:59Z</time>
      </trkpt>
      <trkpt lat="42.031505" lon="13.729549">
        <ele>920.9</ele>
        <time>2025-10-12T08:33:01Z</time>
      </trkpt>
      <trkpt lat="42.031453" lon="13.729537">
        <ele>920.9</ele>
        <time>2025-10-12T08:33:03Z</time>
      </trkpt>
      <trkpt lat="42.031403" lon="13.729527">
        <ele>920.9</ele>
        <time>2025-10-12T08:33:05Z</time>
      </trkpt>
      <trkpt lat="42.031335" lon="13.729515">
        <ele>920.9</ele>
        <time>2025-10-12T08:33:08Z</time>
      </trkpt>
      <trkpt lat="42.031307" lon="13.729465">
        <ele>920.9</ele>
        <time>2025-10-12T08:33:14Z</time>
      </trkpt>
      <trkpt lat="42.031264" lon="13.729494">
        <ele>921</ele>
        <time>2025-10-12T08:34:23Z</time>
      </trkpt>
      <trkpt lat="42.031207" lon="13.729518">
        <ele>921.4</ele>
        <time>2025-10-12T08:34:26Z</time>
      </trkpt>
      <trkpt lat="42.03116" lon="13.729544">
        <ele>923</ele>
        <time>2025-10-12T08:34:28Z</time>
      </trkpt>
      <trkpt lat="42.031101" lon="13.729577">
        <ele>923</ele>
        <time>2025-10-12T08:34:30Z</time>
      </trkpt>
      <trkpt lat="42.031029" lon="13.729629">
        <ele>923</ele>
        <time>2025-10-12T08:34:32Z</time>
      </trkpt>
      <trkpt lat="42.030958" lon="13.729679">
        <ele>923.4</ele>
        <time>2025-10-12T08:34:34Z</time>
      </trkpt>
      <trkpt lat="42.030906" lon="13.729732">
        <ele>923.9</ele>
        <time>2025-10-12T08:34:36Z</time>
      </trkpt>
      <trkpt lat="42.030869" lon="13.729768">
        <ele>925</ele>
        <time>2025-10-12T08:34:38Z</time>
      </trkpt>
      <trkpt lat="42.030795" lon="13.729796">
        <ele>925</ele>
        <time>2025-10-12T08:34:40Z</time>
      </trkpt>
      <trkpt lat="42.030753" lon="13.729828">
        <ele>924.5</ele>
        <time>2025-10-12T08:34:41Z</time>
      </trkpt>
      <trkpt lat="42.03069" lon="13.729883">
        <ele>923.9</ele>
        <time>2025-10-12T08:34:43Z</time>
      </trkpt>
      <trkpt lat="42.030623" lon="13.72994">
        <ele>924.9</ele>
        <time>2025-10-12T08:34:45Z</time>
      </trkpt>
      <trkpt lat="42.030558" lon="13.729993">
        <ele>925</ele>
        <time>2025-10-12T08:34:47Z</time>
      </trkpt>
      <trkpt lat="42.030498" lon="13.730044">
        <ele>925</ele>
        <time>2025-10-12T08:34:49Z</time>
      </trkpt>
      <trkpt lat="42.030438" lon="13.730101">
        <ele>925</ele>
        <time>2025-10-12T08:34:51Z</time>
      </trkpt>
      <trkpt lat="42.030368" lon="13.73017">
        <ele>925</ele>
        <time>2025-10-12T08:34:53Z</time>
      </trkpt>
      <trkpt lat="42.030298" lon="13.730232">
        <ele>924.9</ele>
        <time>2025-10-12T08:34:55Z</time>
      </trkpt>
      <trkpt lat="42.030226" lon="13.730289">
        <ele>925</ele>
        <time>2025-10-12T08:34:57Z</time>
      </trkpt>
      <trkpt lat="42.030149" lon="13.730312">
        <ele>924.9</ele>
        <time>2025-10-12T08:34:59Z</time>
      </trkpt>
      <trkpt lat="42.030066" lon="13.730342">
        <ele>925</ele>
        <time>2025-10-12T08:35:01Z</time>
      </trkpt>
      <trkpt lat="42.029993" lon="13.730363">
        <ele>922.9</ele>
        <time>2025-10-12T08:35:03Z</time>
      </trkpt>
      <trkpt lat="42.029909" lon="13.730393">
        <ele>922.9</ele>
        <time>2025-10-12T08:35:05Z</time>
      </trkpt>
      <trkpt lat="42.029834" lon="13.730404">
        <ele>922</ele>
        <time>2025-10-12T08:35:07Z</time>
      </trkpt>
      <trkpt lat="42.029755" lon="13.730407">
        <ele>922</ele>
        <time>2025-10-12T08:35:09Z</time>
      </trkpt>
      <trkpt lat="42.029679" lon="13.730418">
        <ele>922</ele>
        <time>2025-10-12T08:35:11Z</time>
      </trkpt>
      <trkpt lat="42.029634" lon="13.730422">
        <ele>921</ele>
        <time>2025-10-12T08:35:12Z</time>
      </trkpt>
      <trkpt lat="42.029587" lon="13.73042">
        <ele>921</ele>
        <time>2025-10-12T08:35:13Z</time>
      </trkpt>
      <trkpt lat="42.029539" lon="13.730419">
        <ele>920.9</ele>
        <time>2025-10-12T08:35:14Z</time>
      </trkpt>
      <trkpt lat="42.029454" lon="13.730404">
        <ele>921</ele>
        <time>2025-10-12T08:35:16Z</time>
      </trkpt>
      <trkpt lat="42.029408" lon="13.730408">
        <ele>920.9</ele>
        <time>2025-10-12T08:35:17Z</time>
      </trkpt>
      <trkpt lat="42.02936" lon="13.730405">
        <ele>921</ele>
        <time>2025-10-12T08:35:18Z</time>
      </trkpt>
      <trkpt lat="42.029272" lon="13.730408">
        <ele>921</ele>
        <time>2025-10-12T08:35:20Z</time>
      </trkpt>
      <trkpt lat="42.029224" lon="13.730398">
        <ele>920.9</ele>
        <time>2025-10-12T08:35:21Z</time>
      </trkpt>
      <trkpt lat="42.029175" lon="13.730395">
        <ele>921</ele>
        <time>2025-10-12T08:35:22Z</time>
      </trkpt>
      <trkpt lat="42.029128" lon="13.73039">
        <ele>921</ele>
        <time>2025-10-12T08:35:23Z</time>
      </trkpt>
      <trkpt lat="42.029043" lon="13.730388">
        <ele>921</ele>
        <time>2025-10-12T08:35:25Z</time>
      </trkpt>
      <trkpt lat="42.028995" lon="13.73037">
        <ele>920.9</ele>
        <time>2025-10-12T08:35:26Z</time>
      </trkpt>
      <trkpt lat="42.028951" lon="13.730353">
        <ele>921</ele>
        <time>2025-10-12T08:35:27Z</time>
      </trkpt>
      <trkpt lat="42.028868" lon="13.730329">
        <ele>921</ele>
        <time>2025-10-12T08:35:29Z</time>
      </trkpt>
      <trkpt lat="42.028786" lon="13.730317">
        <ele>921</ele>
        <time>2025-10-12T08:35:31Z</time>
      </trkpt>
      <trkpt lat="42.02871" lon="13.730321">
        <ele>920.9</ele>
        <time>2025-10-12T08:35:33Z</time>
      </trkpt>
      <trkpt lat="42.028645" lon="13.730341">
        <ele>920.9</ele>
        <time>2025-10-12T08:35:35Z</time>
      </trkpt>
      <trkpt lat="42.028578" lon="13.730353">
        <ele>922</ele>
        <time>2025-10-12T08:35:37Z</time>
      </trkpt>
      <trkpt lat="42.028511" lon="13.730367">
        <ele>921.9</ele>
        <time>2025-10-12T08:35:39Z</time>
      </trkpt>
      <trkpt lat="42.028436" lon="13.730393">
        <ele>922</ele>
        <time>2025-10-12T08:35:41Z</time>
      </trkpt>
      <trkpt lat="42.028365" lon="13.730412">
        <ele>921.5</ele>
        <time>2025-10-12T08:35:43Z</time>
      </trkpt>
      <trkpt lat="42.028292" lon="13.730434">
        <ele>921</ele>
        <time>2025-10-12T08:35:45Z</time>
      </trkpt>
      <trkpt lat="42.028218" lon="13.73046">
        <ele>921</ele>
        <time>2025-10-12T08:35:47Z</time>
      </trkpt>
      <trkpt lat="42.028142" lon="13.730467">
        <ele>919.9</ele>
        <time>2025-10-12T08:35:49Z</time>
      </trkpt>
      <trkpt lat="42.028061" lon="13.730475">
        <ele>919</ele>
        <time>2025-10-12T08:35:51Z</time>
      </trkpt>
      <trkpt lat="42.027989" lon="13.730488">
        <ele>918.9</ele>
        <time>2025-10-12T08:35:53Z</time>
      </trkpt>
      <trkpt lat="42.027913" lon="13.730511">
        <ele>918</ele>
        <time>2025-10-12T08:35:55Z</time>
      </trkpt>
      <trkpt lat="42.027843" lon="13.730535">
        <ele>917.9</ele>
        <time>2025-10-12T08:35:57Z</time>
      </trkpt>
      <trkpt lat="42.027786" lon="13.730549">
        <ele>918</ele>
        <time>2025-10-12T08:35:59Z</time>
      </trkpt>
      <trkpt lat="42.027729" lon="13.730575">
        <ele>917.9</ele>
        <time>2025-10-12T08:36:01Z</time>
      </trkpt>
      <trkpt lat="42.027672" lon="13.730604">
        <ele>917.9</ele>
        <time>2025-10-12T08:36:03Z</time>
      </trkpt>
      <trkpt lat="42.027613" lon="13.730623">
        <ele>917.9</ele>
        <time>2025-10-12T08:36:05Z</time>
      </trkpt>
      <trkpt lat="42.027564" lon="13.730629">
        <ele>918.9</ele>
        <time>2025-10-12T08:36:07Z</time>
      </trkpt>
      <trkpt lat="42.027511" lon="13.730638">
        <ele>920</ele>
        <time>2025-10-12T08:36:09Z</time>
      </trkpt>
      <trkpt lat="42.027458" lon="13.730645">
        <ele>920</ele>
        <time>2025-10-12T08:36:11Z</time>
      </trkpt>
      <trkpt lat="42.027394" lon="13.730644">
        <ele>921</ele>
        <time>2025-10-12T08:36:14Z</time>
      </trkpt>
      <trkpt lat="42.027347" lon="13.73064">
        <ele>922</ele>
        <time>2025-10-12T08:36:16Z</time>
      </trkpt>
      <trkpt lat="42.027281" lon="13.730641">
        <ele>922.5</ele>
        <time>2025-10-12T08:36:19Z</time>
      </trkpt>
      <trkpt lat="42.027235" lon="13.730637">
        <ele>923</ele>
        <time>2025-10-12T08:36:21Z</time>
      </trkpt>
      <trkpt lat="42.027173" lon="13.730626">
        <ele>924.5</ele>
        <time>2025-10-12T08:36:24Z</time>
      </trkpt>
      <trkpt lat="42.027105" lon="13.730615">
        <ele>925.4</ele>
        <time>2025-10-12T08:36:27Z</time>
      </trkpt>
      <trkpt lat="42.027057" lon="13.730614">
        <ele>925.9</ele>
        <time>2025-10-12T08:36:29Z</time>
      </trkpt>
      <trkpt lat="42.026988" lon="13.730601">
        <ele>926.9</ele>
        <time>2025-10-12T08:36:32Z</time>
      </trkpt>
      <trkpt lat="42.026934" lon="13.730598">
        <ele>928</ele>
        <time>2025-10-12T08:36:34Z</time>
      </trkpt>
      <trkpt lat="42.026882" lon="13.730594">
        <ele>927.9</ele>
        <time>2025-10-12T08:36:36Z</time>
      </trkpt>
      <trkpt lat="42.02682" lon="13.730588">
        <ele>927.9</ele>
        <time>2025-10-12T08:36:39Z</time>
      </trkpt>
      <trkpt lat="42.026763" lon="13.730565">
        <ele>928</ele>
        <time>2025-10-12T08:36:42Z</time>
      </trkpt>
      <trkpt lat="42.026701" lon="13.730536">
        <ele>929</ele>
        <time>2025-10-12T08:36:45Z</time>
      </trkpt>
      <trkpt lat="42.026644" lon="13.730502">
        <ele>928.9</ele>
        <time>2025-10-12T08:36:48Z</time>
      </trkpt>
      <trkpt lat="42.026599" lon="13.730457">
        <ele>929.9</ele>
        <time>2025-10-12T08:36:51Z</time>
      </trkpt>
      <trkpt lat="42.026558" lon="13.730399">
        <ele>931.9</ele>
        <time>2025-10-12T08:36:54Z</time>
      </trkpt>
      <trkpt lat="42.026521" lon="13.730342">
        <ele>932.9</ele>
        <time>2025-10-12T08:36:57Z</time>
      </trkpt>
      <trkpt lat="42.026483" lon="13.730276">
        <ele>934.9</ele>
        <time>2025-10-12T08:37:00Z</time>
      </trkpt>
      <trkpt lat="42.026448" lon="13.730216">
        <ele>934.9</ele>
        <time>2025-10-12T08:37:03Z</time>
      </trkpt>
      <trkpt lat="42.026416" lon="13.730169">
        <ele>935</ele>
        <time>2025-10-12T08:37:07Z</time>
      </trkpt>
      <trkpt lat="42.026371" lon="13.73013">
        <ele>934</ele>
        <time>2025-10-12T08:37:11Z</time>
      </trkpt>
      <trkpt lat="42.026324" lon="13.730096">
        <ele>933.9</ele>
        <time>2025-10-12T08:37:15Z</time>
      </trkpt>
      <trkpt lat="42.026273" lon="13.730084">
        <ele>935</ele>
        <time>2025-10-12T08:37:19Z</time>
      </trkpt>
      <trkpt lat="42.02623" lon="13.730064">
        <ele>934.9</ele>
        <time>2025-10-12T08:37:22Z</time>
      </trkpt>
      <trkpt lat="42.026181" lon="13.730038">
        <ele>935.9</ele>
        <time>2025-10-12T08:37:26Z</time>
      </trkpt>
      <trkpt lat="42.026124" lon="13.730013">
        <ele>937</ele>
        <time>2025-10-12T08:37:30Z</time>
      </trkpt>
      <trkpt lat="42.026079" lon="13.730023">
        <ele>938.5</ele>
        <time>2025-10-12T08:37:33Z</time>
      </trkpt>
      <trkpt lat="42.026022" lon="13.730022">
        <ele>939</ele>
        <time>2025-10-12T08:37:37Z</time>
      </trkpt>
      <trkpt lat="42.025976" lon="13.730025">
        <ele>939</ele>
        <time>2025-10-12T08:37:40Z</time>
      </trkpt>
      <trkpt lat="42.025917" lon="13.730034">
        <ele>939</ele>
        <time>2025-10-12T08:37:44Z</time>
      </trkpt>
      <trkpt lat="42.025857" lon="13.730048">
        <ele>938.9</ele>
        <time>2025-10-12T08:37:48Z</time>
      </trkpt>
      <trkpt lat="42.02581" lon="13.730058">
        <ele>939</ele>
        <time>2025-10-12T08:37:51Z</time>
      </trkpt>
      <trkpt lat="42.025761" lon="13.730077">
        <ele>939</ele>
        <time>2025-10-12T08:37:54Z</time>
      </trkpt>
      <trkpt lat="42.025703" lon="13.730111">
        <ele>939</ele>
        <time>2025-10-12T08:37:57Z</time>
      </trkpt>
      <trkpt lat="42.02564" lon="13.730138">
        <ele>939</ele>
        <time>2025-10-12T08:38:00Z</time>
      </trkpt>
      <trkpt lat="42.025593" lon="13.73015">
        <ele>939</ele>
        <time>2025-10-12T08:38:02Z</time>
      </trkpt>
      <trkpt lat="42.025535" lon="13.730154">
        <ele>940</ele>
        <time>2025-10-12T08:38:04Z</time>
      </trkpt>
      <trkpt lat="42.025478" lon="13.730157">
        <ele>940</ele>
        <time>2025-10-12T08:38:06Z</time>
      </trkpt>
      <trkpt lat="42.025421" lon="13.730167">
        <ele>940</ele>
        <time>2025-10-12T08:38:08Z</time>
      </trkpt>
      <trkpt lat="42.025363" lon="13.730177">
        <ele>940</ele>
        <time>2025-10-12T08:38:10Z</time>
      </trkpt>
      <trkpt lat="42.025303" lon="13.730189">
        <ele>939.9</ele>
        <time>2025-10-12T08:38:12Z</time>
      </trkpt>
      <trkpt lat="42.02524" lon="13.730203">
        <ele>939.9</ele>
        <time>2025-10-12T08:38:14Z</time>
      </trkpt>
      <trkpt lat="42.025183" lon="13.730218">
        <ele>940</ele>
        <time>2025-10-12T08:38:16Z</time>
      </trkpt>
      <trkpt lat="42.02512" lon="13.730233">
        <ele>939.4</ele>
        <time>2025-10-12T08:38:18Z</time>
      </trkpt>
      <trkpt lat="42.025052" lon="13.730251">
        <ele>938.9</ele>
        <time>2025-10-12T08:38:20Z</time>
      </trkpt>
      <trkpt lat="42.02498" lon="13.730248">
        <ele>938.9</ele>
        <time>2025-10-12T08:38:22Z</time>
      </trkpt>
      <trkpt lat="42.024916" lon="13.730241">
        <ele>937.9</ele>
        <time>2025-10-12T08:38:24Z</time>
      </trkpt>
      <trkpt lat="42.024867" lon="13.730227">
        <ele>937.9</ele>
        <time>2025-10-12T08:38:25Z</time>
      </trkpt>
      <trkpt lat="42.0248" lon="13.730241">
        <ele>938.9</ele>
        <time>2025-10-12T08:38:27Z</time>
      </trkpt>
      <trkpt lat="42.02473" lon="13.730276">
        <ele>940.5</ele>
        <time>2025-10-12T08:38:29Z</time>
      </trkpt>
      <trkpt lat="42.02467" lon="13.730293">
        <ele>941.5</ele>
        <time>2025-10-12T08:38:31Z</time>
      </trkpt>
      <trkpt lat="42.024608" lon="13.730309">
        <ele>941.9</ele>
        <time>2025-10-12T08:38:33Z</time>
      </trkpt>
      <trkpt lat="42.024544" lon="13.730323">
        <ele>943</ele>
        <time>2025-10-12T08:38:35Z</time>
      </trkpt>
      <trkpt lat="42.024477" lon="13.730338">
        <ele>942.9</ele>
        <time>2025-10-12T08:38:37Z</time>
      </trkpt>
      <trkpt lat="42.02441" lon="13.730347">
        <ele>942.9</ele>
        <time>2025-10-12T08:38:39Z</time>
      </trkpt>
      <trkpt lat="42.024348" lon="13.730364">
        <ele>942.9</ele>
        <time>2025-10-12T08:38:41Z</time>
      </trkpt>
      <trkpt lat="42.024285" lon="13.730378">
        <ele>943</ele>
        <time>2025-10-12T08:38:43Z</time>
      </trkpt>
      <trkpt lat="42.024216" lon="13.730396">
        <ele>942.4</ele>
        <time>2025-10-12T08:38:45Z</time>
      </trkpt>
      <trkpt lat="42.024161" lon="13.730431">
        <ele>942.5</ele>
        <time>2025-10-12T08:38:47Z</time>
      </trkpt>
      <trkpt lat="42.024106" lon="13.73045">
        <ele>943</ele>
        <time>2025-10-12T08:38:49Z</time>
      </trkpt>
      <trkpt lat="42.024045" lon="13.730479">
        <ele>942.9</ele>
        <time>2025-10-12T08:38:51Z</time>
      </trkpt>
      <trkpt lat="42.023991" lon="13.730513">
        <ele>942.9</ele>
        <time>2025-10-12T08:38:53Z</time>
      </trkpt>
      <trkpt lat="42.023938" lon="13.73054">
        <ele>943</ele>
        <time>2025-10-12T08:38:55Z</time>
      </trkpt>
      <trkpt lat="42.023881" lon="13.73056">
        <ele>943.9</ele>
        <time>2025-10-12T08:38:57Z</time>
      </trkpt>
      <trkpt lat="42.023823" lon="13.730581">
        <ele>943.9</ele>
        <time>2025-10-12T08:38:59Z</time>
      </trkpt>
      <trkpt lat="42.023774" lon="13.7306">
        <ele>943.9</ele>
        <time>2025-10-12T08:39:01Z</time>
      </trkpt>
      <trkpt lat="42.023725" lon="13.730625">
        <ele>944</ele>
        <time>2025-10-12T08:39:03Z</time>
      </trkpt>
      <trkpt lat="42.023676" lon="13.730643">
        <ele>944</ele>
        <time>2025-10-12T08:39:05Z</time>
      </trkpt>
      <trkpt lat="42.02362" lon="13.730663">
        <ele>944</ele>
        <time>2025-10-12T08:39:07Z</time>
      </trkpt>
      <trkpt lat="42.023549" lon="13.73068">
        <ele>944</ele>
        <time>2025-10-12T08:39:09Z</time>
      </trkpt>
      <trkpt lat="42.023489" lon="13.730712">
        <ele>943.9</ele>
        <time>2025-10-12T08:39:11Z</time>
      </trkpt>
      <trkpt lat="42.023413" lon="13.73074">
        <ele>943.9</ele>
        <time>2025-10-12T08:39:13Z</time>
      </trkpt>
      <trkpt lat="42.023338" lon="13.730764">
        <ele>942.9</ele>
        <time>2025-10-12T08:39:15Z</time>
      </trkpt>
      <trkpt lat="42.02329" lon="13.730773">
        <ele>942.9</ele>
        <time>2025-10-12T08:39:16Z</time>
      </trkpt>
      <trkpt lat="42.023242" lon="13.730773">
        <ele>942.9</ele>
        <time>2025-10-12T08:39:17Z</time>
      </trkpt>
      <trkpt lat="42.023189" lon="13.730781">
        <ele>943</ele>
        <time>2025-10-12T08:39:18Z</time>
      </trkpt>
      <trkpt lat="42.023131" lon="13.73079">
        <ele>943</ele>
        <time>2025-10-12T08:39:19Z</time>
      </trkpt>
      <trkpt lat="42.02308" lon="13.730802">
        <ele>943</ele>
        <time>2025-10-12T08:39:20Z</time>
      </trkpt>
      <trkpt lat="42.023031" lon="13.730819">
        <ele>943</ele>
        <time>2025-10-12T08:39:21Z</time>
      </trkpt>
      <trkpt lat="42.022988" lon="13.730843">
        <ele>942.9</ele>
        <time>2025-10-12T08:39:22Z</time>
      </trkpt>
      <trkpt lat="42.022901" lon="13.73086">
        <ele>943</ele>
        <time>2025-10-12T08:39:24Z</time>
      </trkpt>
      <trkpt lat="42.022856" lon="13.730858">
        <ele>942.9</ele>
        <time>2025-10-12T08:39:25Z</time>
      </trkpt>
      <trkpt lat="42.022807" lon="13.730852">
        <ele>943</ele>
        <time>2025-10-12T08:39:26Z</time>
      </trkpt>
      <trkpt lat="42.022757" lon="13.730845">
        <ele>942.9</ele>
        <time>2025-10-12T08:39:27Z</time>
      </trkpt>
      <trkpt lat="42.022707" lon="13.730817">
        <ele>943</ele>
        <time>2025-10-12T08:39:28Z</time>
      </trkpt>
      <trkpt lat="42.022659" lon="13.730789">
        <ele>943</ele>
        <time>2025-10-12T08:39:29Z</time>
      </trkpt>
      <trkpt lat="42.022612" lon="13.730781">
        <ele>943</ele>
        <time>2025-10-12T08:39:30Z</time>
      </trkpt>
      <trkpt lat="42.022562" lon="13.730779">
        <ele>943</ele>
        <time>2025-10-12T08:39:31Z</time>
      </trkpt>
      <trkpt lat="42.02251" lon="13.730773">
        <ele>942.4</ele>
        <time>2025-10-12T08:39:32Z</time>
      </trkpt>
      <trkpt lat="42.022454" lon="13.730771">
        <ele>941.5</ele>
        <time>2025-10-12T08:39:33Z</time>
      </trkpt>
      <trkpt lat="42.022392" lon="13.730769">
        <ele>941</ele>
        <time>2025-10-12T08:39:34Z</time>
      </trkpt>
      <trkpt lat="42.022332" lon="13.730755">
        <ele>940.9</ele>
        <time>2025-10-12T08:39:35Z</time>
      </trkpt>
      <trkpt lat="42.022272" lon="13.730742">
        <ele>940.9</ele>
        <time>2025-10-12T08:39:36Z</time>
      </trkpt>
      <trkpt lat="42.022214" lon="13.730723">
        <ele>940</ele>
        <time>2025-10-12T08:39:37Z</time>
      </trkpt>
      <trkpt lat="42.02215" lon="13.730703">
        <ele>940</ele>
        <time>2025-10-12T08:39:38Z</time>
      </trkpt>
      <trkpt lat="42.022093" lon="13.73069">
        <ele>939</ele>
        <time>2025-10-12T08:39:39Z</time>
      </trkpt>
      <trkpt lat="42.022038" lon="13.73068">
        <ele>938.9</ele>
        <time>2025-10-12T08:39:40Z</time>
      </trkpt>
      <trkpt lat="42.02198" lon="13.730672">
        <ele>939</ele>
        <time>2025-10-12T08:39:41Z</time>
      </trkpt>
      <trkpt lat="42.021928" lon="13.730667">
        <ele>938</ele>
        <time>2025-10-12T08:39:42Z</time>
      </trkpt>
      <trkpt lat="42.021874" lon="13.730655">
        <ele>938</ele>
        <time>2025-10-12T08:39:43Z</time>
      </trkpt>
      <trkpt lat="42.02182" lon="13.730646">
        <ele>937.9</ele>
        <time>2025-10-12T08:39:44Z</time>
      </trkpt>
      <trkpt lat="42.021774" lon="13.730646">
        <ele>937.9</ele>
        <time>2025-10-12T08:39:45Z</time>
      </trkpt>
      <trkpt lat="42.021695" lon="13.730667">
        <ele>936.9</ele>
        <time>2025-10-12T08:39:47Z</time>
      </trkpt>
      <trkpt lat="42.021622" lon="13.7307">
        <ele>936.9</ele>
        <time>2025-10-12T08:39:49Z</time>
      </trkpt>
      <trkpt lat="42.021556" lon="13.730743">
        <ele>936.9</ele>
        <time>2025-10-12T08:39:51Z</time>
      </trkpt>
      <trkpt lat="42.021497" lon="13.730785">
        <ele>937</ele>
        <time>2025-10-12T08:39:53Z</time>
      </trkpt>
      <trkpt lat="42.021452" lon="13.730818">
        <ele>938.5</ele>
        <time>2025-10-12T08:39:55Z</time>
      </trkpt>
      <trkpt lat="42.021397" lon="13.730833">
        <ele>938.9</ele>
        <time>2025-10-12T08:39:58Z</time>
      </trkpt>
      <trkpt lat="42.021353" lon="13.730858">
        <ele>939.4</ele>
        <time>2025-10-12T08:40:01Z</time>
      </trkpt>
      <trkpt lat="42.021303" lon="13.730873">
        <ele>940.9</ele>
        <time>2025-10-12T08:40:04Z</time>
      </trkpt>
      <trkpt lat="42.021246" lon="13.730891">
        <ele>941</ele>
        <time>2025-10-12T08:40:07Z</time>
      </trkpt>
      <trkpt lat="42.021189" lon="13.730898">
        <ele>940.9</ele>
        <time>2025-10-12T08:40:10Z</time>
      </trkpt>
      <trkpt lat="42.021135" lon="13.730924">
        <ele>940.9</ele>
        <time>2025-10-12T08:40:13Z</time>
      </trkpt>
      <trkpt lat="42.021087" lon="13.730946">
        <ele>940.9</ele>
        <time>2025-10-12T08:40:16Z</time>
      </trkpt>
      <trkpt lat="42.021035" lon="13.73095">
        <ele>940.9</ele>
        <time>2025-10-12T08:40:19Z</time>
      </trkpt>
      <trkpt lat="42.020977" lon="13.730945">
        <ele>940.9</ele>
        <time>2025-10-12T08:40:22Z</time>
      </trkpt>
      <trkpt lat="42.020924" lon="13.730943">
        <ele>941</ele>
        <time>2025-10-12T08:40:25Z</time>
      </trkpt>
      <trkpt lat="42.020875" lon="13.73094">
        <ele>940.9</ele>
        <time>2025-10-12T08:40:28Z</time>
      </trkpt>
      <trkpt lat="42.020824" lon="13.730947">
        <ele>942</ele>
        <time>2025-10-12T08:40:31Z</time>
      </trkpt>
      <trkpt lat="42.020775" lon="13.730953">
        <ele>941.9</ele>
        <time>2025-10-12T08:40:34Z</time>
      </trkpt>
      <trkpt lat="42.020726" lon="13.730974">
        <ele>942</ele>
        <time>2025-10-12T08:40:37Z</time>
      </trkpt>
      <trkpt lat="42.020672" lon="13.730984">
        <ele>942.9</ele>
        <time>2025-10-12T08:40:40Z</time>
      </trkpt>
      <trkpt lat="42.020616" lon="13.730985">
        <ele>944</ele>
        <time>2025-10-12T08:40:43Z</time>
      </trkpt>
      <trkpt lat="42.02056" lon="13.730991">
        <ele>944</ele>
        <time>2025-10-12T08:40:46Z</time>
      </trkpt>
      <trkpt lat="42.020516" lon="13.731006">
        <ele>945</ele>
        <time>2025-10-12T08:40:49Z</time>
      </trkpt>
      <trkpt lat="42.02046" lon="13.731017">
        <ele>945.9</ele>
        <time>2025-10-12T08:40:53Z</time>
      </trkpt>
      <trkpt lat="42.020406" lon="13.73103">
        <ele>947.9</ele>
        <time>2025-10-12T08:40:57Z</time>
      </trkpt>
      <trkpt lat="42.02036" lon="13.731037">
        <ele>948.9</ele>
        <time>2025-10-12T08:40:59Z</time>
      </trkpt>
      <trkpt lat="42.020309" lon="13.731043">
        <ele>949</ele>
        <time>2025-10-12T08:41:02Z</time>
      </trkpt>
      <trkpt lat="42.020259" lon="13.731045">
        <ele>949.5</ele>
        <time>2025-10-12T08:41:05Z</time>
      </trkpt>
      <trkpt lat="42.020202" lon="13.731038">
        <ele>950</ele>
        <time>2025-10-12T08:41:08Z</time>
      </trkpt>
      <trkpt lat="42.02015" lon="13.731038">
        <ele>950.9</ele>
        <time>2025-10-12T08:41:11Z</time>
      </trkpt>
      <trkpt lat="42.020094" lon="13.731048">
        <ele>950.9</ele>
        <time>2025-10-12T08:41:14Z</time>
      </trkpt>
      <trkpt lat="42.020042" lon="13.731056">
        <ele>950.9</ele>
        <time>2025-10-12T08:41:17Z</time>
      </trkpt>
      <trkpt lat="42.019985" lon="13.731075">
        <ele>951</ele>
        <time>2025-10-12T08:41:21Z</time>
      </trkpt>
      <trkpt lat="42.01994" lon="13.731077">
        <ele>951.9</ele>
        <time>2025-10-12T08:41:24Z</time>
      </trkpt>
      <trkpt lat="42.019881" lon="13.731102">
        <ele>953</ele>
        <time>2025-10-12T08:41:28Z</time>
      </trkpt>
      <trkpt lat="42.019833" lon="13.731099">
        <ele>952.9</ele>
        <time>2025-10-12T08:41:31Z</time>
      </trkpt>
      <trkpt lat="42.019783" lon="13.731086">
        <ele>952.9</ele>
        <time>2025-10-12T08:41:34Z</time>
      </trkpt>
      <trkpt lat="42.019725" lon="13.731087">
        <ele>954</ele>
        <time>2025-10-12T08:41:38Z</time>
      </trkpt>
      <trkpt lat="42.019677" lon="13.731072">
        <ele>954.5</ele>
        <time>2025-10-12T08:41:41Z</time>
      </trkpt>
      <trkpt lat="42.019626" lon="13.731076">
        <ele>955.5</ele>
        <time>2025-10-12T08:41:45Z</time>
      </trkpt>
      <trkpt lat="42.019578" lon="13.731062">
        <ele>956</ele>
        <time>2025-10-12T08:41:49Z</time>
      </trkpt>
      <trkpt lat="42.019525" lon="13.731042">
        <ele>957</ele>
        <time>2025-10-12T08:41:53Z</time>
      </trkpt>
      <trkpt lat="42.019478" lon="13.731035">
        <ele>956.9</ele>
        <time>2025-10-12T08:41:57Z</time>
      </trkpt>
      <trkpt lat="42.019421" lon="13.731027">
        <ele>957</ele>
        <time>2025-10-12T08:42:01Z</time>
      </trkpt>
      <trkpt lat="42.019367" lon="13.731026">
        <ele>957</ele>
        <time>2025-10-12T08:42:04Z</time>
      </trkpt>
      <trkpt lat="42.019315" lon="13.731021">
        <ele>956.9</ele>
        <time>2025-10-12T08:42:07Z</time>
      </trkpt>
      <trkpt lat="42.019254" lon="13.73102">
        <ele>956.9</ele>
        <time>2025-10-12T08:42:10Z</time>
      </trkpt>
      <trkpt lat="42.019199" lon="13.731016">
        <ele>956.9</ele>
        <time>2025-10-12T08:42:13Z</time>
      </trkpt>
      <trkpt lat="42.019145" lon="13.731001">
        <ele>956.9</ele>
        <time>2025-10-12T08:42:16Z</time>
      </trkpt>
      <trkpt lat="42.019084" lon="13.730977">
        <ele>956.9</ele>
        <time>2025-10-12T08:42:19Z</time>
      </trkpt>
      <trkpt lat="42.019029" lon="13.730948">
        <ele>957</ele>
        <time>2025-10-12T08:42:22Z</time>
      </trkpt>
      <trkpt lat="42.018982" lon="13.730907">
        <ele>956.9</ele>
        <time>2025-10-12T08:42:25Z</time>
      </trkpt>
      <trkpt lat="42.018931" lon="13.730859">
        <ele>957</ele>
        <time>2025-10-12T08:42:28Z</time>
      </trkpt>
      <trkpt lat="42.018882" lon="13.730847">
        <ele>956.9</ele>
        <time>2025-10-12T08:42:31Z</time>
      </trkpt>
      <trkpt lat="42.018837" lon="13.730834">
        <ele>958</ele>
        <time>2025-10-12T08:43:01Z</time>
      </trkpt>
      <trkpt lat="42.01879" lon="13.730819">
        <ele>958</ele>
        <time>2025-10-12T08:43:42Z</time>
      </trkpt>
      <trkpt lat="42.018734" lon="13.730796">
        <ele>957.9</ele>
        <time>2025-10-12T08:43:45Z</time>
      </trkpt>
      <trkpt lat="42.018689" lon="13.73079">
        <ele>960</ele>
        <time>2025-10-12T08:43:47Z</time>
      </trkpt>
      <trkpt lat="42.018631" lon="13.730775">
        <ele>961</ele>
        <time>2025-10-12T08:43:50Z</time>
      </trkpt>
      <trkpt lat="42.018579" lon="13.730766">
        <ele>961</ele>
        <time>2025-10-12T08:43:53Z</time>
      </trkpt>
      <trkpt lat="42.01852" lon="13.73076">
        <ele>961.5</ele>
        <time>2025-10-12T08:43:56Z</time>
      </trkpt>
      <trkpt lat="42.018468" lon="13.730758">
        <ele>962.9</ele>
        <time>2025-10-12T08:43:59Z</time>
      </trkpt>
      <trkpt lat="42.018415" lon="13.730755">
        <ele>963.9</ele>
        <time>2025-10-12T08:44:03Z</time>
      </trkpt>
      <trkpt lat="42.018368" lon="13.730766">
        <ele>964.5</ele>
        <time>2025-10-12T08:44:06Z</time>
      </trkpt>
      <trkpt lat="42.018323" lon="13.730766">
        <ele>964.9</ele>
        <time>2025-10-12T08:44:09Z</time>
      </trkpt>
      <trkpt lat="42.018272" lon="13.730774">
        <ele>964.9</ele>
        <time>2025-10-12T08:44:12Z</time>
      </trkpt>
      <trkpt lat="42.018221" lon="13.730767">
        <ele>965.9</ele>
        <time>2025-10-12T08:44:15Z</time>
      </trkpt>
      <trkpt lat="42.018173" lon="13.730772">
        <ele>965.9</ele>
        <time>2025-10-12T08:44:18Z</time>
      </trkpt>
      <trkpt lat="42.018126" lon="13.730772">
        <ele>967</ele>
        <time>2025-10-12T08:44:21Z</time>
      </trkpt>
      <trkpt lat="42.018075" lon="13.73077">
        <ele>966.9</ele>
        <time>2025-10-12T08:44:24Z</time>
      </trkpt>
      <trkpt lat="42.018025" lon="13.730774">
        <ele>967</ele>
        <time>2025-10-12T08:44:27Z</time>
      </trkpt>
      <trkpt lat="42.017966" lon="13.730784">
        <ele>968</ele>
        <time>2025-10-12T08:44:30Z</time>
      </trkpt>
      <trkpt lat="42.017917" lon="13.730791">
        <ele>968</ele>
        <time>2025-10-12T08:44:32Z</time>
      </trkpt>
      <trkpt lat="42.017869" lon="13.730804">
        <ele>968</ele>
        <time>2025-10-12T08:44:34Z</time>
      </trkpt>
      <trkpt lat="42.017811" lon="13.73081">
        <ele>967.9</ele>
        <time>2025-10-12T08:44:36Z</time>
      </trkpt>
      <trkpt lat="42.017747" lon="13.730823">
        <ele>968.9</ele>
        <time>2025-10-12T08:44:38Z</time>
      </trkpt>
      <trkpt lat="42.017662" lon="13.730834">
        <ele>969</ele>
        <time>2025-10-12T08:44:40Z</time>
      </trkpt>
      <trkpt lat="42.01758" lon="13.730859">
        <ele>969</ele>
        <time>2025-10-12T08:44:42Z</time>
      </trkpt>
      <trkpt lat="42.017505" lon="13.730867">
        <ele>970.9</ele>
        <time>2025-10-12T08:44:44Z</time>
      </trkpt>
      <trkpt lat="42.017427" lon="13.730888">
        <ele>970.9</ele>
        <time>2025-10-12T08:44:46Z</time>
      </trkpt>
      <trkpt lat="42.017346" lon="13.730915">
        <ele>972</ele>
        <time>2025-10-12T08:44:48Z</time>
      </trkpt>
      <trkpt lat="42.017296" lon="13.730933">
        <ele>971.9</ele>
        <time>2025-10-12T08:44:49Z</time>
      </trkpt>
      <trkpt lat="42.017249" lon="13.730951">
        <ele>971.9</ele>
        <time>2025-10-12T08:44:50Z</time>
      </trkpt>
      <trkpt lat="42.017202" lon="13.730964">
        <ele>972</ele>
        <time>2025-10-12T08:44:51Z</time>
      </trkpt>
      <trkpt lat="42.017151" lon="13.730979">
        <ele>972</ele>
        <time>2025-10-12T08:44:52Z</time>
      </trkpt>
      <trkpt lat="42.017103" lon="13.730994">
        <ele>970.9</ele>
        <time>2025-10-12T08:44:53Z</time>
      </trkpt>
      <trkpt lat="42.017055" lon="13.731003">
        <ele>971</ele>
        <time>2025-10-12T08:44:54Z</time>
      </trkpt>
      <trkpt lat="42.016971" lon="13.73101">
        <ele>971</ele>
        <time>2025-10-12T08:44:56Z</time>
      </trkpt>
      <trkpt lat="42.016893" lon="13.731015">
        <ele>971</ele>
        <time>2025-10-12T08:44:58Z</time>
      </trkpt>
      <trkpt lat="42.016817" lon="13.731008">
        <ele>972</ele>
        <time>2025-10-12T08:45:00Z</time>
      </trkpt>
      <trkpt lat="42.016731" lon="13.731012">
        <ele>970.9</ele>
        <time>2025-10-12T08:45:02Z</time>
      </trkpt>
      <trkpt lat="42.016686" lon="13.731027">
        <ele>970.9</ele>
        <time>2025-10-12T08:45:03Z</time>
      </trkpt>
      <trkpt lat="42.016606" lon="13.731001">
        <ele>970.9</ele>
        <time>2025-10-12T08:45:05Z</time>
      </trkpt>
      <trkpt lat="42.016562" lon="13.730977">
        <ele>971</ele>
        <time>2025-10-12T08:45:06Z</time>
      </trkpt>
      <trkpt lat="42.016517" lon="13.730963">
        <ele>970.9</ele>
        <time>2025-10-12T08:45:07Z</time>
      </trkpt>
      <trkpt lat="42.016435" lon="13.730947">
        <ele>971.9</ele>
        <time>2025-10-12T08:45:09Z</time>
      </trkpt>
      <trkpt lat="42.016358" lon="13.730914">
        <ele>971.9</ele>
        <time>2025-10-12T08:45:11Z</time>
      </trkpt>
      <trkpt lat="42.016284" lon="13.730868">
        <ele>971.9</ele>
        <time>2025-10-12T08:45:13Z</time>
      </trkpt>
      <trkpt lat="42.016217" lon="13.730817">
        <ele>971.9</ele>
        <time>2025-10-12T08:45:15Z</time>
      </trkpt>
      <trkpt lat="42.016165" lon="13.730759">
        <ele>971.9</ele>
        <time>2025-10-12T08:45:17Z</time>
      </trkpt>
      <trkpt lat="42.016116" lon="13.73071">
        <ele>971.9</ele>
        <time>2025-10-12T08:45:19Z</time>
      </trkpt>
      <trkpt lat="42.016053" lon="13.730681">
        <ele>972</ele>
        <time>2025-10-12T08:45:21Z</time>
      </trkpt>
      <trkpt lat="42.015989" lon="13.730657">
        <ele>971.9</ele>
        <time>2025-10-12T08:45:23Z</time>
      </trkpt>
      <trkpt lat="42.015921" lon="13.730621">
        <ele>972</ele>
        <time>2025-10-12T08:45:25Z</time>
      </trkpt>
      <trkpt lat="42.015864" lon="13.73059">
        <ele>971.9</ele>
        <time>2025-10-12T08:45:27Z</time>
      </trkpt>
      <trkpt lat="42.015806" lon="13.730571">
        <ele>972</ele>
        <time>2025-10-12T08:45:29Z</time>
      </trkpt>
      <trkpt lat="42.015749" lon="13.730553">
        <ele>972</ele>
        <time>2025-10-12T08:45:31Z</time>
      </trkpt>
      <trkpt lat="42.015691" lon="13.730544">
        <ele>971.9</ele>
        <time>2025-10-12T08:45:33Z</time>
      </trkpt>
      <trkpt lat="42.015625" lon="13.730537">
        <ele>972</ele>
        <time>2025-10-12T08:45:35Z</time>
      </trkpt>
      <trkpt lat="42.015551" lon="13.73054">
        <ele>971</ele>
        <time>2025-10-12T08:45:37Z</time>
      </trkpt>
      <trkpt lat="42.015466" lon="13.730548">
        <ele>971</ele>
        <time>2025-10-12T08:45:39Z</time>
      </trkpt>
      <trkpt lat="42.015417" lon="13.73055">
        <ele>970.9</ele>
        <time>2025-10-12T08:45:40Z</time>
      </trkpt>
      <trkpt lat="42.015369" lon="13.730552">
        <ele>971</ele>
        <time>2025-10-12T08:45:41Z</time>
      </trkpt>
      <trkpt lat="42.015315" lon="13.730563">
        <ele>971</ele>
        <time>2025-10-12T08:45:42Z</time>
      </trkpt>
      <trkpt lat="42.01526" lon="13.730585">
        <ele>970.9</ele>
        <time>2025-10-12T08:45:43Z</time>
      </trkpt>
      <trkpt lat="42.015211" lon="13.730607">
        <ele>970.9</ele>
        <time>2025-10-12T08:45:44Z</time>
      </trkpt>
      <trkpt lat="42.01516" lon="13.730628">
        <ele>971</ele>
        <time>2025-10-12T08:45:45Z</time>
      </trkpt>
      <trkpt lat="42.015108" lon="13.73065">
        <ele>971</ele>
        <time>2025-10-12T08:45:46Z</time>
      </trkpt>
      <trkpt lat="42.015048" lon="13.730668">
        <ele>969.9</ele>
        <time>2025-10-12T08:45:47Z</time>
      </trkpt>
      <trkpt lat="42.014989" lon="13.730688">
        <ele>969.9</ele>
        <time>2025-10-12T08:45:48Z</time>
      </trkpt>
      <trkpt lat="42.014927" lon="13.730711">
        <ele>970</ele>
        <time>2025-10-12T08:45:49Z</time>
      </trkpt>
      <trkpt lat="42.01487" lon="13.730726">
        <ele>969</ele>
        <time>2025-10-12T08:45:50Z</time>
      </trkpt>
      <trkpt lat="42.014811" lon="13.730732">
        <ele>968.9</ele>
        <time>2025-10-12T08:45:51Z</time>
      </trkpt>
      <trkpt lat="42.014753" lon="13.730745">
        <ele>969</ele>
        <time>2025-10-12T08:45:52Z</time>
      </trkpt>
      <trkpt lat="42.014697" lon="13.730753">
        <ele>968.9</ele>
        <time>2025-10-12T08:45:53Z</time>
      </trkpt>
      <trkpt lat="42.014638" lon="13.730769">
        <ele>968.9</ele>
        <time>2025-10-12T08:45:54Z</time>
      </trkpt>
      <trkpt lat="42.014587" lon="13.73078">
        <ele>968</ele>
        <time>2025-10-12T08:45:55Z</time>
      </trkpt>
      <trkpt lat="42.014535" lon="13.730783">
        <ele>967.9</ele>
        <time>2025-10-12T08:45:56Z</time>
      </trkpt>
      <trkpt lat="42.014482" lon="13.730779">
        <ele>967.9</ele>
        <time>2025-10-12T08:45:57Z</time>
      </trkpt>
      <trkpt lat="42.014429" lon="13.730764">
        <ele>967.9</ele>
        <time>2025-10-12T08:45:58Z</time>
      </trkpt>
      <trkpt lat="42.014377" lon="13.730752">
        <ele>968</ele>
        <time>2025-10-12T08:45:59Z</time>
      </trkpt>
      <trkpt lat="42.014322" lon="13.73074">
        <ele>968</ele>
        <time>2025-10-12T08:46:00Z</time>
      </trkpt>
      <trkpt lat="42.014244" lon="13.730707">
        <ele>967.9</ele>
        <time>2025-10-12T08:46:02Z</time>
      </trkpt>
      <trkpt lat="42.014201" lon="13.730682">
        <ele>967.9</ele>
        <time>2025-10-12T08:46:03Z</time>
      </trkpt>
      <trkpt lat="42.014154" lon="13.730664">
        <ele>967.9</ele>
        <time>2025-10-12T08:46:04Z</time>
      </trkpt>
      <trkpt lat="42.014104" lon="13.730654">
        <ele>967.9</ele>
        <time>2025-10-12T08:46:05Z</time>
      </trkpt>
      <trkpt lat="42.014049" lon="13.730638">
        <ele>968</ele>
        <time>2025-10-12T08:46:06Z</time>
      </trkpt>
      <trkpt lat="42.014002" lon="13.730625">
        <ele>967</ele>
        <time>2025-10-12T08:46:07Z</time>
      </trkpt>
      <trkpt lat="42.013917" lon="13.730595">
        <ele>966.9</ele>
        <time>2025-10-12T08:46:09Z</time>
      </trkpt>
      <trkpt lat="42.013835" lon="13.730566">
        <ele>966.9</ele>
        <time>2025-10-12T08:46:11Z</time>
      </trkpt>
      <trkpt lat="42.013755" lon="13.730553">
        <ele>967</ele>
        <time>2025-10-12T08:46:13Z</time>
      </trkpt>
      <trkpt lat="42.013682" lon="13.730527">
        <ele>966.9</ele>
        <time>2025-10-12T08:46:15Z</time>
      </trkpt>
      <trkpt lat="42.013619" lon="13.730504">
        <ele>965.9</ele>
        <time>2025-10-12T08:46:26Z</time>
      </trkpt>
      <trkpt lat="42.013556" lon="13.73049">
        <ele>965.9</ele>
        <time>2025-10-12T08:46:28Z</time>
      </trkpt>
      <trkpt lat="42.013479" lon="13.730474">
        <ele>966</ele>
        <time>2025-10-12T08:46:30Z</time>
      </trkpt>
      <trkpt lat="42.013392" lon="13.730471">
        <ele>966</ele>
        <time>2025-10-12T08:46:32Z</time>
      </trkpt>
      <trkpt lat="42.013345" lon="13.730473">
        <ele>965.9</ele>
        <time>2025-10-12T08:46:33Z</time>
      </trkpt>
      <trkpt lat="42.013295" lon="13.730481">
        <ele>965.9</ele>
        <time>2025-10-12T08:46:34Z</time>
      </trkpt>
      <trkpt lat="42.01325" lon="13.730491">
        <ele>966</ele>
        <time>2025-10-12T08:46:35Z</time>
      </trkpt>
      <trkpt lat="42.0132" lon="13.730495">
        <ele>965.9</ele>
        <time>2025-10-12T08:46:36Z</time>
      </trkpt>
      <trkpt lat="42.013147" lon="13.730502">
        <ele>965.9</ele>
        <time>2025-10-12T08:46:37Z</time>
      </trkpt>
      <trkpt lat="42.01309" lon="13.730511">
        <ele>965.5</ele>
        <time>2025-10-12T08:46:38Z</time>
      </trkpt>
      <trkpt lat="42.013029" lon="13.730518">
        <ele>965</ele>
        <time>2025-10-12T08:46:39Z</time>
      </trkpt>
      <trkpt lat="42.01297" lon="13.730526">
        <ele>965</ele>
        <time>2025-10-12T08:46:40Z</time>
      </trkpt>
      <trkpt lat="42.012908" lon="13.730538">
        <ele>963.9</ele>
        <time>2025-10-12T08:46:41Z</time>
      </trkpt>
      <trkpt lat="42.012844" lon="13.730544">
        <ele>964</ele>
        <time>2025-10-12T08:46:42Z</time>
      </trkpt>
      <trkpt lat="42.012776" lon="13.730548">
        <ele>963.9</ele>
        <time>2025-10-12T08:46:43Z</time>
      </trkpt>
      <trkpt lat="42.012707" lon="13.730556">
        <ele>962.9</ele>
        <time>2025-10-12T08:46:44Z</time>
      </trkpt>
      <trkpt lat="42.012635" lon="13.730566">
        <ele>963</ele>
        <time>2025-10-12T08:46:45Z</time>
      </trkpt>
      <trkpt lat="42.012561" lon="13.730574">
        <ele>962.5</ele>
        <time>2025-10-12T08:46:46Z</time>
      </trkpt>
      <trkpt lat="42.012488" lon="13.730582">
        <ele>961.9</ele>
        <time>2025-10-12T08:46:47Z</time>
      </trkpt>
      <trkpt lat="42.012413" lon="13.730587">
        <ele>962</ele>
        <time>2025-10-12T08:46:48Z</time>
      </trkpt>
      <trkpt lat="42.012341" lon="13.73058">
        <ele>961.4</ele>
        <time>2025-10-12T08:46:49Z</time>
      </trkpt>
      <trkpt lat="42.012263" lon="13.730576">
        <ele>960.9</ele>
        <time>2025-10-12T08:46:50Z</time>
      </trkpt>
      <trkpt lat="42.012186" lon="13.730564">
        <ele>960.4</ele>
        <time>2025-10-12T08:46:51Z</time>
      </trkpt>
      <trkpt lat="42.01211" lon="13.730546">
        <ele>960</ele>
        <time>2025-10-12T08:46:52Z</time>
      </trkpt>
      <trkpt lat="42.012034" lon="13.730521">
        <ele>959.9</ele>
        <time>2025-10-12T08:46:53Z</time>
      </trkpt>
      <trkpt lat="42.011958" lon="13.730491">
        <ele>959.4</ele>
        <time>2025-10-12T08:46:54Z</time>
      </trkpt>
      <trkpt lat="42.011877" lon="13.730461">
        <ele>959</ele>
        <time>2025-10-12T08:46:55Z</time>
      </trkpt>
      <trkpt lat="42.011801" lon="13.730443">
        <ele>959</ele>
        <time>2025-10-12T08:46:56Z</time>
      </trkpt>
      <trkpt lat="42.011729" lon="13.730425">
        <ele>958.4</ele>
        <time>2025-10-12T08:46:57Z</time>
      </trkpt>
      <trkpt lat="42.011665" lon="13.730408">
        <ele>958</ele>
        <time>2025-10-12T08:46:58Z</time>
      </trkpt>
      <trkpt lat="42.011615" lon="13.730402">
        <ele>957.9</ele>
        <time>2025-10-12T08:46:59Z</time>
      </trkpt>
      <trkpt lat="42.011538" lon="13.73039">
        <ele>958</ele>
        <time>2025-10-12T08:47:01Z</time>
      </trkpt>
      <trkpt lat="42.011489" lon="13.730393">
        <ele>957.9</ele>
        <time>2025-10-12T08:47:03Z</time>
      </trkpt>
      <trkpt lat="42.011446" lon="13.730419">
        <ele>956.9</ele>
        <time>2025-10-12T08:47:05Z</time>
      </trkpt>
      <trkpt lat="42.011384" lon="13.730461">
        <ele>957</ele>
        <time>2025-10-12T08:47:08Z</time>
      </trkpt>
      <trkpt lat="42.01133" lon="13.730466">
        <ele>957</ele>
        <time>2025-10-12T08:47:10Z</time>
      </trkpt>
      <trkpt lat="42.011281" lon="13.730469">
        <ele>958</ele>
        <time>2025-10-12T08:47:12Z</time>
      </trkpt>
      <trkpt lat="42.011234" lon="13.730468">
        <ele>957.9</ele>
        <time>2025-10-12T08:47:14Z</time>
      </trkpt>
      <trkpt lat="42.011188" lon="13.73046">
        <ele>959.5</ele>
        <time>2025-10-12T08:47:16Z</time>
      </trkpt>
      <trkpt lat="42.011138" lon="13.730441">
        <ele>959.4</ele>
        <time>2025-10-12T08:47:18Z</time>
      </trkpt>
      <trkpt lat="42.01109" lon="13.730417">
        <ele>959.5</ele>
        <time>2025-10-12T08:47:20Z</time>
      </trkpt>
      <trkpt lat="42.011037" lon="13.730382">
        <ele>958.5</ele>
        <time>2025-10-12T08:47:22Z</time>
      </trkpt>
      <trkpt lat="42.010994" lon="13.730365">
        <ele>957.9</ele>
        <time>2025-10-12T08:47:24Z</time>
      </trkpt>
      <trkpt lat="42.010951" lon="13.730344">
        <ele>958</ele>
        <time>2025-10-12T08:47:26Z</time>
      </trkpt>
      <trkpt lat="42.010901" lon="13.730333">
        <ele>958</ele>
        <time>2025-10-12T08:47:28Z</time>
      </trkpt>
      <trkpt lat="42.010854" lon="13.730311">
        <ele>957</ele>
        <time>2025-10-12T08:47:30Z</time>
      </trkpt>
      <trkpt lat="42.010789" lon="13.730291">
        <ele>956.9</ele>
        <time>2025-10-12T08:47:33Z</time>
      </trkpt>
      <trkpt lat="42.010743" lon="13.730285">
        <ele>957</ele>
        <time>2025-10-12T08:47:35Z</time>
      </trkpt>
      <trkpt lat="42.01068" lon="13.730283">
        <ele>956.9</ele>
        <time>2025-10-12T08:47:38Z</time>
      </trkpt>
      <trkpt lat="42.010614" lon="13.730282">
        <ele>957</ele>
        <time>2025-10-12T08:47:41Z</time>
      </trkpt>
      <trkpt lat="42.010556" lon="13.730292">
        <ele>957</ele>
        <time>2025-10-12T08:47:44Z</time>
      </trkpt>
      <trkpt lat="42.010493" lon="13.730309">
        <ele>957</ele>
        <time>2025-10-12T08:47:47Z</time>
      </trkpt>
      <trkpt lat="42.010438" lon="13.730333">
        <ele>957</ele>
        <time>2025-10-12T08:47:50Z</time>
      </trkpt>
      <trkpt lat="42.010393" lon="13.730339">
        <ele>957.9</ele>
        <time>2025-10-12T08:47:52Z</time>
      </trkpt>
      <trkpt lat="42.01033" lon="13.730367">
        <ele>958</ele>
        <time>2025-10-12T08:47:55Z</time>
      </trkpt>
      <trkpt lat="42.010285" lon="13.73039">
        <ele>958</ele>
        <time>2025-10-12T08:47:57Z</time>
      </trkpt>
      <trkpt lat="42.010239" lon="13.730419">
        <ele>957.9</ele>
        <time>2025-10-12T08:47:59Z</time>
      </trkpt>
      <trkpt lat="42.010188" lon="13.730472">
        <ele>958.9</ele>
        <time>2025-10-12T08:48:02Z</time>
      </trkpt>
      <trkpt lat="42.010137" lon="13.73049">
        <ele>958.9</ele>
        <time>2025-10-12T08:48:05Z</time>
      </trkpt>
      <trkpt lat="42.010082" lon="13.730477">
        <ele>958.9</ele>
        <time>2025-10-12T08:48:08Z</time>
      </trkpt>
      <trkpt lat="42.01003" lon="13.730451">
        <ele>960</ele>
        <time>2025-10-12T08:48:11Z</time>
      </trkpt>
      <trkpt lat="42.009994" lon="13.730411">
        <ele>960</ele>
        <time>2025-10-12T08:48:14Z</time>
      </trkpt>
      <trkpt lat="42.009944" lon="13.730374">
        <ele>960.9</ele>
        <time>2025-10-12T08:48:17Z</time>
      </trkpt>
      <trkpt lat="42.009906" lon="13.730334">
        <ele>961.9</ele>
        <time>2025-10-12T08:48:20Z</time>
      </trkpt>
      <trkpt lat="42.009865" lon="13.730301">
        <ele>962.9</ele>
        <time>2025-10-12T08:48:23Z</time>
      </trkpt>
      <trkpt lat="42.009824" lon="13.730269">
        <ele>962.9</ele>
        <time>2025-10-12T08:48:26Z</time>
      </trkpt>
      <trkpt lat="42.009783" lon="13.730239">
        <ele>963.9</ele>
        <time>2025-10-12T08:48:29Z</time>
      </trkpt>
      <trkpt lat="42.009743" lon="13.730211">
        <ele>963.9</ele>
        <time>2025-10-12T08:48:32Z</time>
      </trkpt>
      <trkpt lat="42.0097" lon="13.730158">
        <ele>963.9</ele>
        <time>2025-10-12T08:48:36Z</time>
      </trkpt>
      <trkpt lat="42.009665" lon="13.730118">
        <ele>964.9</ele>
        <time>2025-10-12T08:48:39Z</time>
      </trkpt>
      <trkpt lat="42.009636" lon="13.730061">
        <ele>965.4</ele>
        <time>2025-10-12T08:48:42Z</time>
      </trkpt>
      <trkpt lat="42.009607" lon="13.730012">
        <ele>966.9</ele>
        <time>2025-10-12T08:48:45Z</time>
      </trkpt>
      <trkpt lat="42.009576" lon="13.729959">
        <ele>968</ele>
        <time>2025-10-12T08:48:48Z</time>
      </trkpt>
      <trkpt lat="42.009542" lon="13.729907">
        <ele>967.9</ele>
        <time>2025-10-12T08:48:51Z</time>
      </trkpt>
      <trkpt lat="42.0095" lon="13.729869">
        <ele>967</ele>
        <time>2025-10-12T08:48:54Z</time>
      </trkpt>
      <trkpt lat="42.009453" lon="13.729838">
        <ele>967</ele>
        <time>2025-10-12T08:48:57Z</time>
      </trkpt>
      <trkpt lat="42.009408" lon="13.729803">
        <ele>966.9</ele>
        <time>2025-10-12T08:49:00Z</time>
      </trkpt>
      <trkpt lat="42.009361" lon="13.729766">
        <ele>967</ele>
        <time>2025-10-12T08:49:04Z</time>
      </trkpt>
      <trkpt lat="42.009309" lon="13.729738">
        <ele>967.9</ele>
        <time>2025-10-12T08:49:07Z</time>
      </trkpt>
      <trkpt lat="42.009255" lon="13.729699">
        <ele>968</ele>
        <time>2025-10-12T08:49:10Z</time>
      </trkpt>
      <trkpt lat="42.009199" lon="13.729663">
        <ele>968.9</ele>
        <time>2025-10-12T08:49:13Z</time>
      </trkpt>
      <trkpt lat="42.009146" lon="13.72962">
        <ele>969</ele>
        <time>2025-10-12T08:49:16Z</time>
      </trkpt>
      <trkpt lat="42.009092" lon="13.729576">
        <ele>968.9</ele>
        <time>2025-10-12T08:49:19Z</time>
      </trkpt>
      <trkpt lat="42.009042" lon="13.729531">
        <ele>968.9</ele>
        <time>2025-10-12T08:49:22Z</time>
      </trkpt>
      <trkpt lat="42.008979" lon="13.729494">
        <ele>969</ele>
        <time>2025-10-12T08:49:25Z</time>
      </trkpt>
      <trkpt lat="42.008931" lon="13.729479">
        <ele>968.9</ele>
        <time>2025-10-12T08:49:27Z</time>
      </trkpt>
      <trkpt lat="42.008885" lon="13.729462">
        <ele>969</ele>
        <time>2025-10-12T08:49:29Z</time>
      </trkpt>
      <trkpt lat="42.008838" lon="13.729444">
        <ele>968.9</ele>
        <time>2025-10-12T08:49:31Z</time>
      </trkpt>
      <trkpt lat="42.00879" lon="13.729435">
        <ele>968.9</ele>
        <time>2025-10-12T08:49:33Z</time>
      </trkpt>
      <trkpt lat="42.008737" lon="13.729422">
        <ele>969</ele>
        <time>2025-10-12T08:49:35Z</time>
      </trkpt>
      <trkpt lat="42.00868" lon="13.72941">
        <ele>969</ele>
        <time>2025-10-12T08:49:37Z</time>
      </trkpt>
      <trkpt lat="42.00863" lon="13.729406">
        <ele>968.9</ele>
        <time>2025-10-12T08:49:39Z</time>
      </trkpt>
      <trkpt lat="42.008585" lon="13.729388">
        <ele>970</ele>
        <time>2025-10-12T08:49:41Z</time>
      </trkpt>
      <trkpt lat="42.008534" lon="13.729369">
        <ele>969.9</ele>
        <time>2025-10-12T08:49:44Z</time>
      </trkpt>
      <trkpt lat="42.008487" lon="13.729371">
        <ele>969.9</ele>
        <time>2025-10-12T08:49:47Z</time>
      </trkpt>
      <trkpt lat="42.008439" lon="13.72938">
        <ele>969.9</ele>
        <time>2025-10-12T08:49:50Z</time>
      </trkpt>
      <trkpt lat="42.008384" lon="13.729383">
        <ele>969.9</ele>
        <time>2025-10-12T08:49:53Z</time>
      </trkpt>
      <trkpt lat="42.008332" lon="13.72939">
        <ele>971</ele>
        <time>2025-10-12T08:49:56Z</time>
      </trkpt>
      <trkpt lat="42.00828" lon="13.729402">
        <ele>971</ele>
        <time>2025-10-12T08:49:59Z</time>
      </trkpt>
      <trkpt lat="42.008226" lon="13.729413">
        <ele>971</ele>
        <time>2025-10-12T08:50:02Z</time>
      </trkpt>
      <trkpt lat="42.008166" lon="13.729429">
        <ele>972</ele>
        <time>2025-10-12T08:50:05Z</time>
      </trkpt>
      <trkpt lat="42.0081" lon="13.729437">
        <ele>971.9</ele>
        <time>2025-10-12T08:50:08Z</time>
      </trkpt>
      <trkpt lat="42.008044" lon="13.729445">
        <ele>972</ele>
        <time>2025-10-12T08:50:10Z</time>
      </trkpt>
      <trkpt lat="42.007988" lon="13.729452">
        <ele>972</ele>
        <time>2025-10-12T08:50:12Z</time>
      </trkpt>
      <trkpt lat="42.007937" lon="13.729459">
        <ele>971.9</ele>
        <time>2025-10-12T08:50:14Z</time>
      </trkpt>
      <trkpt lat="42.007887" lon="13.729464">
        <ele>972</ele>
        <time>2025-10-12T08:50:16Z</time>
      </trkpt>
      <trkpt lat="42.007811" lon="13.729464">
        <ele>972</ele>
        <time>2025-10-12T08:50:18Z</time>
      </trkpt>
      <trkpt lat="42.00772" lon="13.729474">
        <ele>972.4</ele>
        <time>2025-10-12T08:50:20Z</time>
      </trkpt>
      <trkpt lat="42.007673" lon="13.729481">
        <ele>972.9</ele>
        <time>2025-10-12T08:50:21Z</time>
      </trkpt>
      <trkpt lat="42.007628" lon="13.729494">
        <ele>973</ele>
        <time>2025-10-12T08:50:22Z</time>
      </trkpt>
      <trkpt lat="42.007583" lon="13.729522">
        <ele>973</ele>
        <time>2025-10-12T08:50:23Z</time>
      </trkpt>
      <trkpt lat="42.007545" lon="13.729558">
        <ele>972.9</ele>
        <time>2025-10-12T08:50:24Z</time>
      </trkpt>
      <trkpt lat="42.007508" lon="13.729592">
        <ele>973</ele>
        <time>2025-10-12T08:50:25Z</time>
      </trkpt>
      <trkpt lat="42.007469" lon="13.729633">
        <ele>973.4</ele>
        <time>2025-10-12T08:50:26Z</time>
      </trkpt>
      <trkpt lat="42.007434" lon="13.729674">
        <ele>973.9</ele>
        <time>2025-10-12T08:50:27Z</time>
      </trkpt>
      <trkpt lat="42.007402" lon="13.729718">
        <ele>974</ele>
        <time>2025-10-12T08:50:28Z</time>
      </trkpt>
      <trkpt lat="42.007372" lon="13.729764">
        <ele>973.9</ele>
        <time>2025-10-12T08:50:29Z</time>
      </trkpt>
      <trkpt lat="42.007341" lon="13.729811">
        <ele>974.5</ele>
        <time>2025-10-12T08:50:30Z</time>
      </trkpt>
      <trkpt lat="42.007307" lon="13.729854">
        <ele>975.5</ele>
        <time>2025-10-12T08:50:31Z</time>
      </trkpt>
      <trkpt lat="42.007275" lon="13.7299">
        <ele>976</ele>
        <time>2025-10-12T08:50:32Z</time>
      </trkpt>
      <trkpt lat="42.007245" lon="13.729948">
        <ele>976</ele>
        <time>2025-10-12T08:50:33Z</time>
      </trkpt>
      <trkpt lat="42.007189" lon="13.730035">
        <ele>976</ele>
        <time>2025-10-12T08:50:35Z</time>
      </trkpt>
      <trkpt lat="42.007124" lon="13.73012">
        <ele>976.5</ele>
        <time>2025-10-12T08:50:37Z</time>
      </trkpt>
      <trkpt lat="42.007059" lon="13.7302">
        <ele>976.9</ele>
        <time>2025-10-12T08:50:39Z</time>
      </trkpt>
      <trkpt lat="42.00702" lon="13.730232">
        <ele>978</ele>
        <time>2025-10-12T08:50:40Z</time>
      </trkpt>
      <trkpt lat="42.006979" lon="13.730264">
        <ele>978</ele>
        <time>2025-10-12T08:50:41Z</time>
      </trkpt>
      <trkpt lat="42.00694" lon="13.730296">
        <ele>977.9</ele>
        <time>2025-10-12T08:50:42Z</time>
      </trkpt>
      <trkpt lat="42.006866" lon="13.730335">
        <ele>977.9</ele>
        <time>2025-10-12T08:50:44Z</time>
      </trkpt>
      <trkpt lat="42.006786" lon="13.730358">
        <ele>977.9</ele>
        <time>2025-10-12T08:50:46Z</time>
      </trkpt>
      <trkpt lat="42.006702" lon="13.730357">
        <ele>978</ele>
        <time>2025-10-12T08:50:48Z</time>
      </trkpt>
      <trkpt lat="42.006614" lon="13.730346">
        <ele>977.9</ele>
        <time>2025-10-12T08:50:50Z</time>
      </trkpt>
      <trkpt lat="42.006532" lon="13.730326">
        <ele>978</ele>
        <time>2025-10-12T08:50:52Z</time>
      </trkpt>
      <trkpt lat="42.006452" lon="13.730313">
        <ele>978</ele>
        <time>2025-10-12T08:50:54Z</time>
      </trkpt>
      <trkpt lat="42.006375" lon="13.730309">
        <ele>978</ele>
        <time>2025-10-12T08:50:56Z</time>
      </trkpt>
      <trkpt lat="42.006292" lon="13.730328">
        <ele>977.9</ele>
        <time>2025-10-12T08:50:58Z</time>
      </trkpt>
      <trkpt lat="42.006224" lon="13.730372">
        <ele>977.9</ele>
        <time>2025-10-12T08:51:00Z</time>
      </trkpt>
      <trkpt lat="42.006186" lon="13.730408">
        <ele>978</ele>
        <time>2025-10-12T08:51:01Z</time>
      </trkpt>
      <trkpt lat="42.006124" lon="13.730471">
        <ele>978.9</ele>
        <time>2025-10-12T08:51:03Z</time>
      </trkpt>
      <trkpt lat="42.006089" lon="13.730556">
        <ele>980</ele>
        <time>2025-10-12T08:51:05Z</time>
      </trkpt>
      <trkpt lat="42.006066" lon="13.730647">
        <ele>979.9</ele>
        <time>2025-10-12T08:51:07Z</time>
      </trkpt>
      <trkpt lat="42.006056" lon="13.730751">
        <ele>980</ele>
        <time>2025-10-12T08:51:09Z</time>
      </trkpt>
      <trkpt lat="42.006049" lon="13.730868">
        <ele>979.9</ele>
        <time>2025-10-12T08:51:11Z</time>
      </trkpt>
      <trkpt lat="42.006042" lon="13.73093">
        <ele>980</ele>
        <time>2025-10-12T08:51:12Z</time>
      </trkpt>
      <trkpt lat="42.006038" lon="13.730992">
        <ele>979.9</ele>
        <time>2025-10-12T08:51:13Z</time>
      </trkpt>
      <trkpt lat="42.006032" lon="13.731058">
        <ele>980</ele>
        <time>2025-10-12T08:51:14Z</time>
      </trkpt>
      <trkpt lat="42.006024" lon="13.731121">
        <ele>979.9</ele>
        <time>2025-10-12T08:51:15Z</time>
      </trkpt>
      <trkpt lat="42.006015" lon="13.731189">
        <ele>979</ele>
        <time>2025-10-12T08:51:16Z</time>
      </trkpt>
      <trkpt lat="42.006003" lon="13.731249">
        <ele>978.9</ele>
        <time>2025-10-12T08:51:17Z</time>
      </trkpt>
      <trkpt lat="42.005992" lon="13.731308">
        <ele>979</ele>
        <time>2025-10-12T08:51:18Z</time>
      </trkpt>
      <trkpt lat="42.005962" lon="13.731418">
        <ele>978.4</ele>
        <time>2025-10-12T08:51:20Z</time>
      </trkpt>
      <trkpt lat="42.005948" lon="13.731479">
        <ele>978</ele>
        <time>2025-10-12T08:51:21Z</time>
      </trkpt>
      <trkpt lat="42.005929" lon="13.731534">
        <ele>978</ele>
        <time>2025-10-12T08:51:22Z</time>
      </trkpt>
      <trkpt lat="42.005904" lon="13.731589">
        <ele>977.9</ele>
        <time>2025-10-12T08:51:23Z</time>
      </trkpt>
      <trkpt lat="42.005884" lon="13.731644">
        <ele>978</ele>
        <time>2025-10-12T08:51:24Z</time>
      </trkpt>
      <trkpt lat="42.005897" lon="13.731754">
        <ele>978</ele>
        <time>2025-10-12T08:51:26Z</time>
      </trkpt>
      <trkpt lat="42.005956" lon="13.731803">
        <ele>978.9</ele>
        <time>2025-10-12T08:51:28Z</time>
      </trkpt>
      <trkpt lat="42.006002" lon="13.731835">
        <ele>978.9</ele>
        <time>2025-10-12T08:51:30Z</time>
      </trkpt>
      <trkpt lat="42.00604" lon="13.731881">
        <ele>979.5</ele>
        <time>2025-10-12T08:51:32Z</time>
      </trkpt>
      <trkpt lat="42.00609" lon="13.731929">
        <ele>979.9</ele>
        <time>2025-10-12T08:51:36Z</time>
      </trkpt>
      <trkpt lat="42.006127" lon="13.731972">
        <ele>981</ele>
        <time>2025-10-12T08:51:39Z</time>
      </trkpt>
      <trkpt lat="42.006174" lon="13.732006">
        <ele>980.9</ele>
        <time>2025-10-12T08:51:43Z</time>
      </trkpt>
      <trkpt lat="42.006203" lon="13.732067">
        <ele>981.9</ele>
        <time>2025-10-12T08:51:47Z</time>
      </trkpt>
      <trkpt lat="42.006241" lon="13.732102">
        <ele>982</ele>
        <time>2025-10-12T08:51:50Z</time>
      </trkpt>
      <trkpt lat="42.006288" lon="13.732132">
        <ele>982.9</ele>
        <time>2025-10-12T08:51:53Z</time>
      </trkpt>
      <trkpt lat="42.006323" lon="13.732171">
        <ele>985</ele>
        <time>2025-10-12T08:51:58Z</time>
      </trkpt>
      <trkpt lat="42.006352" lon="13.73222">
        <ele>984.9</ele>
        <time>2025-10-12T08:52:02Z</time>
      </trkpt>
      <trkpt lat="42.006395" lon="13.732265">
        <ele>985.9</ele>
        <time>2025-10-12T08:52:11Z</time>
      </trkpt>
      <trkpt lat="42.006432" lon="13.732322">
        <ele>987</ele>
        <time>2025-10-12T08:52:17Z</time>
      </trkpt>
      <trkpt lat="42.006474" lon="13.732359">
        <ele>987.5</ele>
        <time>2025-10-12T08:52:23Z</time>
      </trkpt>
      <trkpt lat="42.006516" lon="13.732397">
        <ele>988.4</ele>
        <time>2025-10-12T08:52:29Z</time>
      </trkpt>
      <trkpt lat="42.006568" lon="13.732439">
        <ele>989.4</ele>
        <time>2025-10-12T08:52:35Z</time>
      </trkpt>
      <trkpt lat="42.006621" lon="13.732478">
        <ele>991</ele>
        <time>2025-10-12T08:52:43Z</time>
      </trkpt>
      <trkpt lat="42.006672" lon="13.732507">
        <ele>991</ele>
        <time>2025-10-12T08:52:46Z</time>
      </trkpt>
      <trkpt lat="42.006722" lon="13.732522">
        <ele>992.5</ele>
        <time>2025-10-12T08:52:50Z</time>
      </trkpt>
      <trkpt lat="42.006769" lon="13.732543">
        <ele>994</ele>
        <time>2025-10-12T08:52:54Z</time>
      </trkpt>
      <trkpt lat="42.006818" lon="13.73255">
        <ele>993.9</ele>
        <time>2025-10-12T08:52:58Z</time>
      </trkpt>
      <trkpt lat="42.006862" lon="13.732574">
        <ele>996</ele>
        <time>2025-10-12T08:53:02Z</time>
      </trkpt>
      <trkpt lat="42.006908" lon="13.732583">
        <ele>996.9</ele>
        <time>2025-10-12T08:53:06Z</time>
      </trkpt>
      <trkpt lat="42.006955" lon="13.732601">
        <ele>997.9</ele>
        <time>2025-10-12T08:53:10Z</time>
      </trkpt>
      <trkpt lat="42.006998" lon="13.732623">
        <ele>997.9</ele>
        <time>2025-10-12T08:53:13Z</time>
      </trkpt>
      <trkpt lat="42.007048" lon="13.732633">
        <ele>997.9</ele>
        <time>2025-10-12T08:53:17Z</time>
      </trkpt>
      <trkpt lat="42.007093" lon="13.732666">
        <ele>998.9</ele>
        <time>2025-10-12T08:53:21Z</time>
      </trkpt>
      <trkpt lat="42.007146" lon="13.732681">
        <ele>999.9</ele>
        <time>2025-10-12T08:53:25Z</time>
      </trkpt>
      <trkpt lat="42.007198" lon="13.7327">
        <ele>1000.9</ele>
        <time>2025-10-12T08:53:30Z</time>
      </trkpt>
      <trkpt lat="42.007252" lon="13.73272">
        <ele>1002</ele>
        <time>2025-10-12T08:53:35Z</time>
      </trkpt>
      <trkpt lat="42.007297" lon="13.732734">
        <ele>1002.9</ele>
        <time>2025-10-12T08:53:39Z</time>
      </trkpt>
      <trkpt lat="42.007343" lon="13.732739">
        <ele>1005</ele>
        <time>2025-10-12T08:53:43Z</time>
      </trkpt>
      <trkpt lat="42.007394" lon="13.732753">
        <ele>1005</ele>
        <time>2025-10-12T08:53:47Z</time>
      </trkpt>
      <trkpt lat="42.007443" lon="13.732766">
        <ele>1006</ele>
        <time>2025-10-12T08:53:51Z</time>
      </trkpt>
      <trkpt lat="42.007497" lon="13.732775">
        <ele>1006.9</ele>
        <time>2025-10-12T08:53:56Z</time>
      </trkpt>
      <trkpt lat="42.007548" lon="13.732783">
        <ele>1007</ele>
        <time>2025-10-12T08:54:01Z</time>
      </trkpt>
      <trkpt lat="42.00762" lon="13.732804">
        <ele>1007.9</ele>
        <time>2025-10-12T08:54:07Z</time>
      </trkpt>
      <trkpt lat="42.007665" lon="13.732826">
        <ele>1007.9</ele>
        <time>2025-10-12T08:54:11Z</time>
      </trkpt>
      <trkpt lat="42.007709" lon="13.732845">
        <ele>1008</ele>
        <time>2025-10-12T08:54:15Z</time>
      </trkpt>
      <trkpt lat="42.007761" lon="13.732862">
        <ele>1009</ele>
        <time>2025-10-12T08:54:20Z</time>
      </trkpt>
      <trkpt lat="42.007804" lon="13.732887">
        <ele>1010</ele>
        <time>2025-10-12T08:54:24Z</time>
      </trkpt>
      <trkpt lat="42.007855" lon="13.73291">
        <ele>1009.9</ele>
        <time>2025-10-12T08:54:28Z</time>
      </trkpt>
      <trkpt lat="42.0079" lon="13.732928">
        <ele>1011.9</ele>
        <time>2025-10-12T08:54:44Z</time>
      </trkpt>
      <trkpt lat="42.00795" lon="13.732935">
        <ele>1013</ele>
        <time>2025-10-12T08:54:52Z</time>
      </trkpt>
      <trkpt lat="42.007996" lon="13.73296">
        <ele>1014</ele>
        <time>2025-10-12T08:54:55Z</time>
      </trkpt>
      <trkpt lat="42.008041" lon="13.732975">
        <ele>1014</ele>
        <time>2025-10-12T08:54:57Z</time>
      </trkpt>
      <trkpt lat="42.008102" lon="13.733005">
        <ele>1013.9</ele>
        <time>2025-10-12T08:55:00Z</time>
      </trkpt>
      <trkpt lat="42.008147" lon="13.733027">
        <ele>1013.9</ele>
        <time>2025-10-12T08:55:02Z</time>
      </trkpt>
      <trkpt lat="42.008194" lon="13.733046">
        <ele>1015</ele>
        <time>2025-10-12T08:55:04Z</time>
      </trkpt>
      <trkpt lat="42.008244" lon="13.733075">
        <ele>1015</ele>
        <time>2025-10-12T08:55:06Z</time>
      </trkpt>
      <trkpt lat="42.008298" lon="13.733106">
        <ele>1015</ele>
        <time>2025-10-12T08:55:08Z</time>
      </trkpt>
      <trkpt lat="42.008356" lon="13.733148">
        <ele>1014.9</ele>
        <time>2025-10-12T08:55:10Z</time>
      </trkpt>
      <trkpt lat="42.008405" lon="13.733189">
        <ele>1014.9</ele>
        <time>2025-10-12T08:55:12Z</time>
      </trkpt>
      <trkpt lat="42.008451" lon="13.733233">
        <ele>1016</ele>
        <time>2025-10-12T08:55:15Z</time>
      </trkpt>
      <trkpt lat="42.008499" lon="13.733275">
        <ele>1015.9</ele>
        <time>2025-10-12T08:55:18Z</time>
      </trkpt>
      <trkpt lat="42.00854" lon="13.733325">
        <ele>1015.9</ele>
        <time>2025-10-12T08:55:20Z</time>
      </trkpt>
      <trkpt lat="42.00859" lon="13.733367">
        <ele>1016</ele>
        <time>2025-10-12T08:55:22Z</time>
      </trkpt>
      <trkpt lat="42.008644" lon="13.73342">
        <ele>1015.9</ele>
        <time>2025-10-12T08:55:24Z</time>
      </trkpt>
      <trkpt lat="42.008693" lon="13.733469">
        <ele>1015.9</ele>
        <time>2025-10-12T08:55:26Z</time>
      </trkpt>
      <trkpt lat="42.008738" lon="13.73352">
        <ele>1016</ele>
        <time>2025-10-12T08:55:28Z</time>
      </trkpt>
      <trkpt lat="42.00878" lon="13.733565">
        <ele>1015.9</ele>
        <time>2025-10-12T08:55:30Z</time>
      </trkpt>
      <trkpt lat="42.008824" lon="13.733615">
        <ele>1015.9</ele>
        <time>2025-10-12T08:55:32Z</time>
      </trkpt>
      <trkpt lat="42.008871" lon="13.73366">
        <ele>1015.9</ele>
        <time>2025-10-12T08:55:34Z</time>
      </trkpt>
      <trkpt lat="42.008919" lon="13.733705">
        <ele>1014.9</ele>
        <time>2025-10-12T08:55:36Z</time>
      </trkpt>
      <trkpt lat="42.008964" lon="13.733744">
        <ele>1014.9</ele>
        <time>2025-10-12T08:55:38Z</time>
      </trkpt>
      <trkpt lat="42.009006" lon="13.733782">
        <ele>1015</ele>
        <time>2025-10-12T08:55:40Z</time>
      </trkpt>
      <trkpt lat="42.009052" lon="13.733817">
        <ele>1015</ele>
        <time>2025-10-12T08:55:42Z</time>
      </trkpt>
      <trkpt lat="42.009106" lon="13.733863">
        <ele>1015</ele>
        <time>2025-10-12T08:55:45Z</time>
      </trkpt>
      <trkpt lat="42.009147" lon="13.73389">
        <ele>1015.9</ele>
        <time>2025-10-12T08:55:47Z</time>
      </trkpt>
      <trkpt lat="42.009194" lon="13.733914">
        <ele>1016</ele>
        <time>2025-10-12T08:55:49Z</time>
      </trkpt>
      <trkpt lat="42.009238" lon="13.733946">
        <ele>1015.9</ele>
        <time>2025-10-12T08:55:51Z</time>
      </trkpt>
      <trkpt lat="42.009281" lon="13.733975">
        <ele>1016</ele>
        <time>2025-10-12T08:55:53Z</time>
      </trkpt>
      <trkpt lat="42.009338" lon="13.734023">
        <ele>1017</ele>
        <time>2025-10-12T08:55:56Z</time>
      </trkpt>
      <trkpt lat="42.009377" lon="13.734053">
        <ele>1018</ele>
        <time>2025-10-12T08:55:58Z</time>
      </trkpt>
      <trkpt lat="42.009415" lon="13.734087">
        <ele>1017.9</ele>
        <time>2025-10-12T08:56:00Z</time>
      </trkpt>
      <trkpt lat="42.009463" lon="13.73413">
        <ele>1018</ele>
        <time>2025-10-12T08:56:03Z</time>
      </trkpt>
      <trkpt lat="42.009517" lon="13.734165">
        <ele>1019</ele>
        <time>2025-10-12T08:56:06Z</time>
      </trkpt>
      <trkpt lat="42.009571" lon="13.734213">
        <ele>1019.9</ele>
        <time>2025-10-12T08:56:09Z</time>
      </trkpt>
      <trkpt lat="42.009609" lon="13.734249">
        <ele>1019.9</ele>
        <time>2025-10-12T08:56:11Z</time>
      </trkpt>
      <trkpt lat="42.009664" lon="13.734302">
        <ele>1020.5</ele>
        <time>2025-10-12T08:56:14Z</time>
      </trkpt>
      <trkpt lat="42.009719" lon="13.734342">
        <ele>1021</ele>
        <time>2025-10-12T08:56:17Z</time>
      </trkpt>
      <trkpt lat="42.009779" lon="13.734384">
        <ele>1020.9</ele>
        <time>2025-10-12T08:56:20Z</time>
      </trkpt>
      <trkpt lat="42.009822" lon="13.734421">
        <ele>1021</ele>
        <time>2025-10-12T08:56:22Z</time>
      </trkpt>
      <trkpt lat="42.00988" lon="13.734458">
        <ele>1021.9</ele>
        <time>2025-10-12T08:56:25Z</time>
      </trkpt>
      <trkpt lat="42.009931" lon="13.734484">
        <ele>1023</ele>
        <time>2025-10-12T08:56:28Z</time>
      </trkpt>
      <trkpt lat="42.009982" lon="13.734515">
        <ele>1023.9</ele>
        <time>2025-10-12T08:56:31Z</time>
      </trkpt>
      <trkpt lat="42.010033" lon="13.734548">
        <ele>1024.4</ele>
        <time>2025-10-12T08:56:34Z</time>
      </trkpt>
      <trkpt lat="42.010084" lon="13.734588">
        <ele>1025</ele>
        <time>2025-10-12T08:56:37Z</time>
      </trkpt>
      <trkpt lat="42.010135" lon="13.734615">
        <ele>1026</ele>
        <time>2025-10-12T08:56:40Z</time>
      </trkpt>
      <trkpt lat="42.01019" lon="13.734649">
        <ele>1027</ele>
        <time>2025-10-12T08:56:43Z</time>
      </trkpt>
      <trkpt lat="42.010246" lon="13.734672">
        <ele>1026.9</ele>
        <time>2025-10-12T08:56:46Z</time>
      </trkpt>
      <trkpt lat="42.010299" lon="13.734689">
        <ele>1026.9</ele>
        <time>2025-10-12T08:56:49Z</time>
      </trkpt>
      <trkpt lat="42.010356" lon="13.734707">
        <ele>1027</ele>
        <time>2025-10-12T08:56:52Z</time>
      </trkpt>
      <trkpt lat="42.010417" lon="13.734728">
        <ele>1027</ele>
        <time>2025-10-12T08:56:55Z</time>
      </trkpt>
      <trkpt lat="42.010477" lon="13.734746">
        <ele>1027.9</ele>
        <time>2025-10-12T08:56:58Z</time>
      </trkpt>
      <trkpt lat="42.010532" lon="13.734773">
        <ele>1028.9</ele>
        <time>2025-10-12T08:57:01Z</time>
      </trkpt>
      <trkpt lat="42.010587" lon="13.734805">
        <ele>1030</ele>
        <time>2025-10-12T08:57:04Z</time>
      </trkpt>
      <trkpt lat="42.010641" lon="13.734827">
        <ele>1030</ele>
        <time>2025-10-12T08:57:07Z</time>
      </trkpt>
      <trkpt lat="42.010685" lon="13.734841">
        <ele>1030</ele>
        <time>2025-10-12T08:57:09Z</time>
      </trkpt>
      <trkpt lat="42.010743" lon="13.734842">
        <ele>1030</ele>
        <time>2025-10-12T08:57:11Z</time>
      </trkpt>
      <trkpt lat="42.010804" lon="13.734834">
        <ele>1029.9</ele>
        <time>2025-10-12T08:57:13Z</time>
      </trkpt>
      <trkpt lat="42.010871" lon="13.734824">
        <ele>1030</ele>
        <time>2025-10-12T08:57:15Z</time>
      </trkpt>
      <trkpt lat="42.010935" lon="13.734811">
        <ele>1030</ele>
        <time>2025-10-12T08:57:17Z</time>
      </trkpt>
      <trkpt lat="42.010993" lon="13.734797">
        <ele>1029.9</ele>
        <time>2025-10-12T08:57:19Z</time>
      </trkpt>
      <trkpt lat="42.011047" lon="13.734782">
        <ele>1029.9</ele>
        <time>2025-10-12T08:57:21Z</time>
      </trkpt>
      <trkpt lat="42.011098" lon="13.734779">
        <ele>1029.9</ele>
        <time>2025-10-12T08:57:23Z</time>
      </trkpt>
      <trkpt lat="42.011151" lon="13.734766">
        <ele>1030</ele>
        <time>2025-10-12T08:57:25Z</time>
      </trkpt>
      <trkpt lat="42.0112" lon="13.734752">
        <ele>1031</ele>
        <time>2025-10-12T08:57:27Z</time>
      </trkpt>
      <trkpt lat="42.011271" lon="13.734747">
        <ele>1031.9</ele>
        <time>2025-10-12T08:57:30Z</time>
      </trkpt>
      <trkpt lat="42.011328" lon="13.734741">
        <ele>1033</ele>
        <time>2025-10-12T08:57:33Z</time>
      </trkpt>
      <trkpt lat="42.011385" lon="13.734733">
        <ele>1033</ele>
        <time>2025-10-12T08:57:36Z</time>
      </trkpt>
      <trkpt lat="42.011439" lon="13.734728">
        <ele>1033</ele>
        <time>2025-10-12T08:57:39Z</time>
      </trkpt>
      <trkpt lat="42.01149" lon="13.734713">
        <ele>1033</ele>
        <time>2025-10-12T08:57:42Z</time>
      </trkpt>
      <trkpt lat="42.011545" lon="13.734697">
        <ele>1033.4</ele>
        <time>2025-10-12T08:57:46Z</time>
      </trkpt>
      <trkpt lat="42.011608" lon="13.734689">
        <ele>1034</ele>
        <time>2025-10-12T08:57:50Z</time>
      </trkpt>
      <trkpt lat="42.01167" lon="13.734671">
        <ele>1034</ele>
        <time>2025-10-12T08:57:53Z</time>
      </trkpt>
      <trkpt lat="42.011724" lon="13.73466">
        <ele>1034.9</ele>
        <time>2025-10-12T08:57:56Z</time>
      </trkpt>
      <trkpt lat="42.011771" lon="13.734649">
        <ele>1035.5</ele>
        <time>2025-10-12T08:57:59Z</time>
      </trkpt>
      <trkpt lat="42.011824" lon="13.734652">
        <ele>1037</ele>
        <time>2025-10-12T08:58:02Z</time>
      </trkpt>
      <trkpt lat="42.011879" lon="13.734663">
        <ele>1038</ele>
        <time>2025-10-12T08:58:05Z</time>
      </trkpt>
      <trkpt lat="42.011939" lon="13.734678">
        <ele>1038</ele>
        <time>2025-10-12T08:58:09Z</time>
      </trkpt>
      <trkpt lat="42.011988" lon="13.734675">
        <ele>1037.9</ele>
        <time>2025-10-12T08:58:12Z</time>
      </trkpt>
      <trkpt lat="42.012037" lon="13.734688">
        <ele>1039</ele>
        <time>2025-10-12T08:58:15Z</time>
      </trkpt>
      <trkpt lat="42.01208" lon="13.73471">
        <ele>1040</ele>
        <time>2025-10-12T08:58:19Z</time>
      </trkpt>
      <trkpt lat="42.012132" lon="13.734728">
        <ele>1040.9</ele>
        <time>2025-10-12T08:58:23Z</time>
      </trkpt>
      <trkpt lat="42.012177" lon="13.734754">
        <ele>1041.9</ele>
        <time>2025-10-12T08:58:29Z</time>
      </trkpt>
      <trkpt lat="42.012224" lon="13.734786">
        <ele>1042.9</ele>
        <time>2025-10-12T08:58:33Z</time>
      </trkpt>
      <trkpt lat="42.012273" lon="13.734825">
        <ele>1044</ele>
        <time>2025-10-12T08:58:36Z</time>
      </trkpt>
      <trkpt lat="42.012318" lon="13.734872">
        <ele>1044</ele>
        <time>2025-10-12T08:58:39Z</time>
      </trkpt>
      <trkpt lat="42.012355" lon="13.734913">
        <ele>1045</ele>
        <time>2025-10-12T08:58:44Z</time>
      </trkpt>
      <trkpt lat="42.012404" lon="13.734943">
        <ele>1041.9</ele>
        <time>2025-10-12T08:59:30Z</time>
      </trkpt>
      <trkpt lat="42.012453" lon="13.734953">
        <ele>1041.9</ele>
        <time>2025-10-12T08:59:38Z</time>
      </trkpt>
      <trkpt lat="42.012505" lon="13.73493">
        <ele>1042</ele>
        <time>2025-10-12T08:59:47Z</time>
      </trkpt>
      <trkpt lat="42.012564" lon="13.734941">
        <ele>1041</ele>
        <time>2025-10-12T08:59:51Z</time>
      </trkpt>
      <trkpt lat="42.012623" lon="13.734951">
        <ele>1040.4</ele>
        <time>2025-10-12T08:59:55Z</time>
      </trkpt>
      <trkpt lat="42.012671" lon="13.734935">
        <ele>1041</ele>
        <time>2025-10-12T08:59:58Z</time>
      </trkpt>
      <trkpt lat="42.012724" lon="13.73492">
        <ele>1041.9</ele>
        <time>2025-10-12T09:00:01Z</time>
      </trkpt>
      <trkpt lat="42.012775" lon="13.734914">
        <ele>1042.9</ele>
        <time>2025-10-12T09:00:04Z</time>
      </trkpt>
      <trkpt lat="42.012824" lon="13.734904">
        <ele>1043</ele>
        <time>2025-10-12T09:00:07Z</time>
      </trkpt>
      <trkpt lat="42.012873" lon="13.734908">
        <ele>1043</ele>
        <time>2025-10-12T09:00:10Z</time>
      </trkpt>
      <trkpt lat="42.012923" lon="13.734912">
        <ele>1044</ele>
        <time>2025-10-12T09:00:13Z</time>
      </trkpt>
      <trkpt lat="42.01298" lon="13.734901">
        <ele>1044</ele>
        <time>2025-10-12T09:00:16Z</time>
      </trkpt>
      <trkpt lat="42.013031" lon="13.734897">
        <ele>1044.9</ele>
        <time>2025-10-12T09:00:19Z</time>
      </trkpt>
      <trkpt lat="42.013088" lon="13.734914">
        <ele>1045.9</ele>
        <time>2025-10-12T09:00:23Z</time>
      </trkpt>
      <trkpt lat="42.013135" lon="13.734931">
        <ele>1046.9</ele>
        <time>2025-10-12T09:00:28Z</time>
      </trkpt>
      <trkpt lat="42.013186" lon="13.73496">
        <ele>1048</ele>
        <time>2025-10-12T09:00:33Z</time>
      </trkpt>
      <trkpt lat="42.013216" lon="13.735015">
        <ele>1047.9</ele>
        <time>2025-10-12T09:00:38Z</time>
      </trkpt>
      <trkpt lat="42.013198" lon="13.73508">
        <ele>1049.9</ele>
        <time>2025-10-12T09:00:46Z</time>
      </trkpt>
      <trkpt lat="42.013232" lon="13.735125">
        <ele>1051</ele>
        <time>2025-10-12T09:00:51Z</time>
      </trkpt>
      <trkpt lat="42.013253" lon="13.735183">
        <ele>1051</ele>
        <time>2025-10-12T09:00:56Z</time>
      </trkpt>
      <trkpt lat="42.013205" lon="13.735197">
        <ele>1051</ele>
        <time>2025-10-12T09:01:02Z</time>
      </trkpt>
      <trkpt lat="42.013158" lon="13.735215">
        <ele>1051.9</ele>
        <time>2025-10-12T09:01:07Z</time>
      </trkpt>
      <trkpt lat="42.013118" lon="13.735245">
        <ele>1051.9</ele>
        <time>2025-10-12T09:01:13Z</time>
      </trkpt>
      <trkpt lat="42.013078" lon="13.735282">
        <ele>1053</ele>
        <time>2025-10-12T09:01:19Z</time>
      </trkpt>
      <trkpt lat="42.013041" lon="13.735328">
        <ele>1053</ele>
        <time>2025-10-12T09:01:24Z</time>
      </trkpt>
      <trkpt lat="42.013006" lon="13.735381">
        <ele>1054</ele>
        <time>2025-10-12T09:01:30Z</time>
      </trkpt>
      <trkpt lat="42.012974" lon="13.735428">
        <ele>1055</ele>
        <time>2025-10-12T09:01:35Z</time>
      </trkpt>
      <trkpt lat="42.012926" lon="13.735433">
        <ele>1055.5</ele>
        <time>2025-10-12T09:01:39Z</time>
      </trkpt>
      <trkpt lat="42.012876" lon="13.735432">
        <ele>1056.9</ele>
        <time>2025-10-12T09:01:43Z</time>
      </trkpt>
      <trkpt lat="42.01283" lon="13.735425">
        <ele>1058.9</ele>
        <time>2025-10-12T09:01:47Z</time>
      </trkpt>
      <trkpt lat="42.012782" lon="13.735419">
        <ele>1061</ele>
        <time>2025-10-12T09:01:51Z</time>
      </trkpt>
      <trkpt lat="42.012728" lon="13.735419">
        <ele>1063</ele>
        <time>2025-10-12T09:01:56Z</time>
      </trkpt>
      <trkpt lat="42.012684" lon="13.735405">
        <ele>1064</ele>
        <time>2025-10-12T09:02:00Z</time>
      </trkpt>
      <trkpt lat="42.012637" lon="13.735391">
        <ele>1066</ele>
        <time>2025-10-12T09:02:04Z</time>
      </trkpt>
      <trkpt lat="42.012588" lon="13.735384">
        <ele>1066</ele>
        <time>2025-10-12T09:02:08Z</time>
      </trkpt>
      <trkpt lat="42.012536" lon="13.735375">
        <ele>1067</ele>
        <time>2025-10-12T09:02:12Z</time>
      </trkpt>
      <trkpt lat="42.012482" lon="13.735382">
        <ele>1067</ele>
        <time>2025-10-12T09:02:16Z</time>
      </trkpt>
      <trkpt lat="42.012435" lon="13.735399">
        <ele>1068.9</ele>
        <time>2025-10-12T09:02:20Z</time>
      </trkpt>
      <trkpt lat="42.012386" lon="13.735418">
        <ele>1069.9</ele>
        <time>2025-10-12T09:02:24Z</time>
      </trkpt>
      <trkpt lat="42.01234" lon="13.735437">
        <ele>1071</ele>
        <time>2025-10-12T09:02:28Z</time>
      </trkpt>
      <trkpt lat="42.012302" lon="13.735483">
        <ele>1072</ele>
        <time>2025-10-12T09:02:33Z</time>
      </trkpt>
      <trkpt lat="42.012243" lon="13.735509">
        <ele>1071.9</ele>
        <time>2025-10-12T09:02:39Z</time>
      </trkpt>
      <trkpt lat="42.012201" lon="13.735535">
        <ele>1071.4</ele>
        <time>2025-10-12T09:02:42Z</time>
      </trkpt>
      <trkpt lat="42.012156" lon="13.735544">
        <ele>1070.9</ele>
        <time>2025-10-12T09:02:45Z</time>
      </trkpt>
      <trkpt lat="42.012108" lon="13.735561">
        <ele>1070.9</ele>
        <time>2025-10-12T09:02:48Z</time>
      </trkpt>
      <trkpt lat="42.012066" lon="13.735598">
        <ele>1070.9</ele>
        <time>2025-10-12T09:02:52Z</time>
      </trkpt>
      <trkpt lat="42.012024" lon="13.735636">
        <ele>1070.9</ele>
        <time>2025-10-12T09:02:56Z</time>
      </trkpt>
      <trkpt lat="42.011975" lon="13.735671">
        <ele>1070</ele>
        <time>2025-10-12T09:03:00Z</time>
      </trkpt>
      <trkpt lat="42.011931" lon="13.735689">
        <ele>1069.9</ele>
        <time>2025-10-12T09:03:03Z</time>
      </trkpt>
      <trkpt lat="42.011874" lon="13.735711">
        <ele>1070.5</ele>
        <time>2025-10-12T09:03:07Z</time>
      </trkpt>
      <trkpt lat="42.011836" lon="13.735744">
        <ele>1071.4</ele>
        <time>2025-10-12T09:03:10Z</time>
      </trkpt>
      <trkpt lat="42.011801" lon="13.735784">
        <ele>1071.9</ele>
        <time>2025-10-12T09:03:13Z</time>
      </trkpt>
      <trkpt lat="42.011761" lon="13.73584">
        <ele>1072</ele>
        <time>2025-10-12T09:03:16Z</time>
      </trkpt>
      <trkpt lat="42.011717" lon="13.735897">
        <ele>1072.9</ele>
        <time>2025-10-12T09:03:19Z</time>
      </trkpt>
      <trkpt lat="42.011666" lon="13.735956">
        <ele>1074.9</ele>
        <time>2025-10-12T09:03:22Z</time>
      </trkpt>
      <trkpt lat="42.011634" lon="13.736007">
        <ele>1075</ele>
        <time>2025-10-12T09:03:24Z</time>
      </trkpt>
      <trkpt lat="42.011603" lon="13.736077">
        <ele>1075.9</ele>
        <time>2025-10-12T09:03:27Z</time>
      </trkpt>
      <trkpt lat="42.011583" lon="13.73615">
        <ele>1077</ele>
        <time>2025-10-12T09:03:30Z</time>
      </trkpt>
      <trkpt lat="42.011574" lon="13.736228">
        <ele>1078</ele>
        <time>2025-10-12T09:03:34Z</time>
      </trkpt>
      <trkpt lat="42.01154" lon="13.736314">
        <ele>1077.9</ele>
        <time>2025-10-12T09:03:37Z</time>
      </trkpt>
      <trkpt lat="42.01151" lon="13.736367">
        <ele>1077</ele>
        <time>2025-10-12T09:03:39Z</time>
      </trkpt>
      <trkpt lat="42.011477" lon="13.736444">
        <ele>1076.9</ele>
        <time>2025-10-12T09:03:42Z</time>
      </trkpt>
      <trkpt lat="42.011432" lon="13.736509">
        <ele>1076.9</ele>
        <time>2025-10-12T09:03:44Z</time>
      </trkpt>
      <trkpt lat="42.011383" lon="13.736571">
        <ele>1077</ele>
        <time>2025-10-12T09:03:46Z</time>
      </trkpt>
      <trkpt lat="42.011332" lon="13.736619">
        <ele>1077</ele>
        <time>2025-10-12T09:03:48Z</time>
      </trkpt>
      <trkpt lat="42.011278" lon="13.736658">
        <ele>1076.9</ele>
        <time>2025-10-12T09:03:50Z</time>
      </trkpt>
      <trkpt lat="42.011212" lon="13.736682">
        <ele>1076.9</ele>
        <time>2025-10-12T09:03:52Z</time>
      </trkpt>
      <trkpt lat="42.011154" lon="13.736694">
        <ele>1076.9</ele>
        <time>2025-10-12T09:03:53Z</time>
      </trkpt>
      <trkpt lat="42.0111" lon="13.736699">
        <ele>1077.5</ele>
        <time>2025-10-12T09:03:54Z</time>
      </trkpt>
      <trkpt lat="42.011053" lon="13.73669">
        <ele>1079</ele>
        <time>2025-10-12T09:03:55Z</time>
      </trkpt>
      <trkpt lat="42.010993" lon="13.736691">
        <ele>1078.9</ele>
        <time>2025-10-12T09:03:56Z</time>
      </trkpt>
      <trkpt lat="42.010939" lon="13.736684">
        <ele>1078.9</ele>
        <time>2025-10-12T09:03:57Z</time>
      </trkpt>
      <trkpt lat="42.010885" lon="13.736676">
        <ele>1078.9</ele>
        <time>2025-10-12T09:03:58Z</time>
      </trkpt>
      <trkpt lat="42.010834" lon="13.736682">
        <ele>1079</ele>
        <time>2025-10-12T09:03:59Z</time>
      </trkpt>
      <trkpt lat="42.010737" lon="13.736678">
        <ele>1078.4</ele>
        <time>2025-10-12T09:04:01Z</time>
      </trkpt>
      <trkpt lat="42.010683" lon="13.736684">
        <ele>1078</ele>
        <time>2025-10-12T09:04:02Z</time>
      </trkpt>
      <trkpt lat="42.010636" lon="13.736687">
        <ele>1078</ele>
        <time>2025-10-12T09:04:03Z</time>
      </trkpt>
      <trkpt lat="42.010563" lon="13.736685">
        <ele>1077.9</ele>
        <time>2025-10-12T09:04:05Z</time>
      </trkpt>
      <trkpt lat="42.010516" lon="13.736665">
        <ele>1078</ele>
        <time>2025-10-12T09:04:07Z</time>
      </trkpt>
      <trkpt lat="42.010462" lon="13.736661">
        <ele>1077.9</ele>
        <time>2025-10-12T09:04:09Z</time>
      </trkpt>
      <trkpt lat="42.010403" lon="13.736654">
        <ele>1077.9</ele>
        <time>2025-10-12T09:04:11Z</time>
      </trkpt>
      <trkpt lat="42.010336" lon="13.736658">
        <ele>1077.9</ele>
        <time>2025-10-12T09:04:13Z</time>
      </trkpt>
      <trkpt lat="42.010269" lon="13.736656">
        <ele>1077.9</ele>
        <time>2025-10-12T09:04:15Z</time>
      </trkpt>
      <trkpt lat="42.010207" lon="13.736656">
        <ele>1077.9</ele>
        <time>2025-10-12T09:04:17Z</time>
      </trkpt>
      <trkpt lat="42.010156" lon="13.736661">
        <ele>1078</ele>
        <time>2025-10-12T09:04:19Z</time>
      </trkpt>
      <trkpt lat="42.010103" lon="13.736656">
        <ele>1077.9</ele>
        <time>2025-10-12T09:04:21Z</time>
      </trkpt>
      <trkpt lat="42.010047" lon="13.736647">
        <ele>1077</ele>
        <time>2025-10-12T09:04:23Z</time>
      </trkpt>
      <trkpt lat="42.009984" lon="13.736648">
        <ele>1076.9</ele>
        <time>2025-10-12T09:04:25Z</time>
      </trkpt>
      <trkpt lat="42.009923" lon="13.736633">
        <ele>1076.9</ele>
        <time>2025-10-12T09:04:27Z</time>
      </trkpt>
      <trkpt lat="42.00986" lon="13.736619">
        <ele>1077</ele>
        <time>2025-10-12T09:04:29Z</time>
      </trkpt>
      <trkpt lat="42.009803" lon="13.736608">
        <ele>1075.9</ele>
        <time>2025-10-12T09:04:31Z</time>
      </trkpt>
      <trkpt lat="42.009748" lon="13.736591">
        <ele>1075.9</ele>
        <time>2025-10-12T09:04:33Z</time>
      </trkpt>
      <trkpt lat="42.009697" lon="13.736578">
        <ele>1076</ele>
        <time>2025-10-12T09:04:35Z</time>
      </trkpt>
      <trkpt lat="42.009641" lon="13.736569">
        <ele>1076</ele>
        <time>2025-10-12T09:04:37Z</time>
      </trkpt>
      <trkpt lat="42.009585" lon="13.736564">
        <ele>1075</ele>
        <time>2025-10-12T09:04:39Z</time>
      </trkpt>
      <trkpt lat="42.00953" lon="13.736569">
        <ele>1074.9</ele>
        <time>2025-10-12T09:04:41Z</time>
      </trkpt>
      <trkpt lat="42.009474" lon="13.736572">
        <ele>1074.9</ele>
        <time>2025-10-12T09:04:43Z</time>
      </trkpt>
      <trkpt lat="42.009422" lon="13.736577">
        <ele>1074.9</ele>
        <time>2025-10-12T09:04:45Z</time>
      </trkpt>
      <trkpt lat="42.009368" lon="13.736578">
        <ele>1075.9</ele>
        <time>2025-10-12T09:04:47Z</time>
      </trkpt>
      <trkpt lat="42.009315" lon="13.736572">
        <ele>1075.9</ele>
        <time>2025-10-12T09:04:49Z</time>
      </trkpt>
      <trkpt lat="42.009261" lon="13.736561">
        <ele>1076.5</ele>
        <time>2025-10-12T09:04:51Z</time>
      </trkpt>
      <trkpt lat="42.009202" lon="13.736548">
        <ele>1077</ele>
        <time>2025-10-12T09:04:53Z</time>
      </trkpt>
      <trkpt lat="42.009141" lon="13.736539">
        <ele>1077</ele>
        <time>2025-10-12T09:04:55Z</time>
      </trkpt>
      <trkpt lat="42.009074" lon="13.736523">
        <ele>1077</ele>
        <time>2025-10-12T09:04:57Z</time>
      </trkpt>
      <trkpt lat="42.008998" lon="13.73649">
        <ele>1077.5</ele>
        <time>2025-10-12T09:04:59Z</time>
      </trkpt>
      <trkpt lat="42.008927" lon="13.736439">
        <ele>1077.5</ele>
        <time>2025-10-12T09:05:01Z</time>
      </trkpt>
      <trkpt lat="42.008841" lon="13.736419">
        <ele>1077.9</ele>
        <time>2025-10-12T09:05:03Z</time>
      </trkpt>
      <trkpt lat="42.008783" lon="13.736471">
        <ele>1079</ele>
        <time>2025-10-12T09:05:05Z</time>
      </trkpt>
      <trkpt lat="42.008719" lon="13.736538">
        <ele>1078.9</ele>
        <time>2025-10-12T09:05:07Z</time>
      </trkpt>
      <trkpt lat="42.008677" lon="13.736563">
        <ele>1079.9</ele>
        <time>2025-10-12T09:05:08Z</time>
      </trkpt>
      <trkpt lat="42.008627" lon="13.73658">
        <ele>1080</ele>
        <time>2025-10-12T09:05:09Z</time>
      </trkpt>
      <trkpt lat="42.008572" lon="13.736601">
        <ele>1080</ele>
        <time>2025-10-12T09:05:10Z</time>
      </trkpt>
      <trkpt lat="42.008517" lon="13.736618">
        <ele>1080</ele>
        <time>2025-10-12T09:05:11Z</time>
      </trkpt>
      <trkpt lat="42.008457" lon="13.736627">
        <ele>1080</ele>
        <time>2025-10-12T09:05:12Z</time>
      </trkpt>
      <trkpt lat="42.008393" lon="13.736631">
        <ele>1079.9</ele>
        <time>2025-10-12T09:05:13Z</time>
      </trkpt>
      <trkpt lat="42.008328" lon="13.736627">
        <ele>1079.9</ele>
        <time>2025-10-12T09:05:14Z</time>
      </trkpt>
      <trkpt lat="42.008261" lon="13.73663">
        <ele>1080</ele>
        <time>2025-10-12T09:05:15Z</time>
      </trkpt>
      <trkpt lat="42.008195" lon="13.736634">
        <ele>1080</ele>
        <time>2025-10-12T09:05:16Z</time>
      </trkpt>
      <trkpt lat="42.008128" lon="13.736634">
        <ele>1080</ele>
        <time>2025-10-12T09:05:17Z</time>
      </trkpt>
      <trkpt lat="42.008061" lon="13.736632">
        <ele>1080</ele>
        <time>2025-10-12T09:05:18Z</time>
      </trkpt>
      <trkpt lat="42.007997" lon="13.736639">
        <ele>1079.9</ele>
        <time>2025-10-12T09:05:19Z</time>
      </trkpt>
      <trkpt lat="42.007933" lon="13.736646">
        <ele>1078.9</ele>
        <time>2025-10-12T09:05:20Z</time>
      </trkpt>
      <trkpt lat="42.007869" lon="13.736658">
        <ele>1078.9</ele>
        <time>2025-10-12T09:05:21Z</time>
      </trkpt>
      <trkpt lat="42.0078" lon="13.736678">
        <ele>1078.9</ele>
        <time>2025-10-12T09:05:22Z</time>
      </trkpt>
      <trkpt lat="42.00773" lon="13.736696">
        <ele>1077.9</ele>
        <time>2025-10-12T09:05:23Z</time>
      </trkpt>
      <trkpt lat="42.007659" lon="13.73672">
        <ele>1076.9</ele>
        <time>2025-10-12T09:05:24Z</time>
      </trkpt>
      <trkpt lat="42.007587" lon="13.736756">
        <ele>1076.4</ele>
        <time>2025-10-12T09:05:25Z</time>
      </trkpt>
      <trkpt lat="42.007521" lon="13.736789">
        <ele>1076.4</ele>
        <time>2025-10-12T09:05:26Z</time>
      </trkpt>
      <trkpt lat="42.00746" lon="13.736819">
        <ele>1076</ele>
        <time>2025-10-12T09:05:27Z</time>
      </trkpt>
      <trkpt lat="42.007398" lon="13.736855">
        <ele>1075.9</ele>
        <time>2025-10-12T09:05:28Z</time>
      </trkpt>
      <trkpt lat="42.007341" lon="13.736891">
        <ele>1076.5</ele>
        <time>2025-10-12T09:05:29Z</time>
      </trkpt>
      <trkpt lat="42.007289" lon="13.736921">
        <ele>1077</ele>
        <time>2025-10-12T09:05:30Z</time>
      </trkpt>
      <trkpt lat="42.007239" lon="13.736954">
        <ele>1077</ele>
        <time>2025-10-12T09:05:31Z</time>
      </trkpt>
      <trkpt lat="42.00719" lon="13.736984">
        <ele>1076.9</ele>
        <time>2025-10-12T09:05:32Z</time>
      </trkpt>
      <trkpt lat="42.007148" lon="13.737015">
        <ele>1076.9</ele>
        <time>2025-10-12T09:05:33Z</time>
      </trkpt>
      <trkpt lat="42.007097" lon="13.737047">
        <ele>1077</ele>
        <time>2025-10-12T09:05:34Z</time>
      </trkpt>
      <trkpt lat="42.007051" lon="13.737079">
        <ele>1075.9</ele>
        <time>2025-10-12T09:05:35Z</time>
      </trkpt>
      <trkpt lat="42.007008" lon="13.737112">
        <ele>1076</ele>
        <time>2025-10-12T09:05:36Z</time>
      </trkpt>
      <trkpt lat="42.006967" lon="13.737143">
        <ele>1075.9</ele>
        <time>2025-10-12T09:05:37Z</time>
      </trkpt>
      <trkpt lat="42.006924" lon="13.737169">
        <ele>1076</ele>
        <time>2025-10-12T09:05:38Z</time>
      </trkpt>
      <trkpt lat="42.006881" lon="13.737194">
        <ele>1076.5</ele>
        <time>2025-10-12T09:05:39Z</time>
      </trkpt>
      <trkpt lat="42.006807" lon="13.737236">
        <ele>1077</ele>
        <time>2025-10-12T09:05:41Z</time>
      </trkpt>
      <trkpt lat="42.006743" lon="13.737262">
        <ele>1077.5</ele>
        <time>2025-10-12T09:05:43Z</time>
      </trkpt>
      <trkpt lat="42.006678" lon="13.737281">
        <ele>1078</ele>
        <time>2025-10-12T09:05:45Z</time>
      </trkpt>
      <trkpt lat="42.006615" lon="13.73733">
        <ele>1077.9</ele>
        <time>2025-10-12T09:05:47Z</time>
      </trkpt>
      <trkpt lat="42.00653" lon="13.737393">
        <ele>1077.9</ele>
        <time>2025-10-12T09:05:49Z</time>
      </trkpt>
      <trkpt lat="42.006484" lon="13.737423">
        <ele>1078</ele>
        <time>2025-10-12T09:05:50Z</time>
      </trkpt>
      <trkpt lat="42.006433" lon="13.737451">
        <ele>1076.9</ele>
        <time>2025-10-12T09:05:51Z</time>
      </trkpt>
      <trkpt lat="42.006382" lon="13.737476">
        <ele>1077</ele>
        <time>2025-10-12T09:05:52Z</time>
      </trkpt>
      <trkpt lat="42.006328" lon="13.737495">
        <ele>1076.9</ele>
        <time>2025-10-12T09:05:53Z</time>
      </trkpt>
      <trkpt lat="42.006265" lon="13.737519">
        <ele>1076.9</ele>
        <time>2025-10-12T09:05:54Z</time>
      </trkpt>
      <trkpt lat="42.006205" lon="13.737546">
        <ele>1075.9</ele>
        <time>2025-10-12T09:05:55Z</time>
      </trkpt>
      <trkpt lat="42.006146" lon="13.737574">
        <ele>1075.9</ele>
        <time>2025-10-12T09:05:56Z</time>
      </trkpt>
      <trkpt lat="42.006087" lon="13.737597">
        <ele>1076</ele>
        <time>2025-10-12T09:05:57Z</time>
      </trkpt>
      <trkpt lat="42.006027" lon="13.737617">
        <ele>1075.9</ele>
        <time>2025-10-12T09:05:58Z</time>
      </trkpt>
      <trkpt lat="42.005967" lon="13.737638">
        <ele>1075.9</ele>
        <time>2025-10-12T09:05:59Z</time>
      </trkpt>
      <trkpt lat="42.005907" lon="13.737661">
        <ele>1075.9</ele>
        <time>2025-10-12T09:06:00Z</time>
      </trkpt>
      <trkpt lat="42.00584" lon="13.737686">
        <ele>1074.9</ele>
        <time>2025-10-12T09:06:01Z</time>
      </trkpt>
      <trkpt lat="42.005771" lon="13.737721">
        <ele>1074</ele>
        <time>2025-10-12T09:06:02Z</time>
      </trkpt>
      <trkpt lat="42.005705" lon="13.737757">
        <ele>1074</ele>
        <time>2025-10-12T09:06:03Z</time>
      </trkpt>
      <trkpt lat="42.005643" lon="13.737791">
        <ele>1073.5</ele>
        <time>2025-10-12T09:06:04Z</time>
      </trkpt>
      <trkpt lat="42.005595" lon="13.737812">
        <ele>1072.9</ele>
        <time>2025-10-12T09:06:05Z</time>
      </trkpt>
      <trkpt lat="42.005546" lon="13.737845">
        <ele>1072.9</ele>
        <time>2025-10-12T09:06:06Z</time>
      </trkpt>
      <trkpt lat="42.0055" lon="13.737881">
        <ele>1073</ele>
        <time>2025-10-12T09:06:07Z</time>
      </trkpt>
      <trkpt lat="42.005448" lon="13.73792">
        <ele>1073</ele>
        <time>2025-10-12T09:06:08Z</time>
      </trkpt>
      <trkpt lat="42.005403" lon="13.73796">
        <ele>1073</ele>
        <time>2025-10-12T09:06:09Z</time>
      </trkpt>
      <trkpt lat="42.005358" lon="13.738004">
        <ele>1072.9</ele>
        <time>2025-10-12T09:06:10Z</time>
      </trkpt>
      <trkpt lat="42.005314" lon="13.738034">
        <ele>1072.9</ele>
        <time>2025-10-12T09:06:11Z</time>
      </trkpt>
      <trkpt lat="42.005263" lon="13.738057">
        <ele>1072.9</ele>
        <time>2025-10-12T09:06:12Z</time>
      </trkpt>
      <trkpt lat="42.005212" lon="13.738071">
        <ele>1072.9</ele>
        <time>2025-10-12T09:06:13Z</time>
      </trkpt>
      <trkpt lat="42.005168" lon="13.738083">
        <ele>1072.9</ele>
        <time>2025-10-12T09:06:14Z</time>
      </trkpt>
      <trkpt lat="42.005095" lon="13.738097">
        <ele>1073</ele>
        <time>2025-10-12T09:06:16Z</time>
      </trkpt>
      <trkpt lat="42.005035" lon="13.738118">
        <ele>1073</ele>
        <time>2025-10-12T09:06:18Z</time>
      </trkpt>
      <trkpt lat="42.004981" lon="13.738134">
        <ele>1073</ele>
        <time>2025-10-12T09:06:20Z</time>
      </trkpt>
      <trkpt lat="42.004924" lon="13.738148">
        <ele>1073</ele>
        <time>2025-10-12T09:06:22Z</time>
      </trkpt>
      <trkpt lat="42.004861" lon="13.738157">
        <ele>1072.9</ele>
        <time>2025-10-12T09:06:24Z</time>
      </trkpt>
      <trkpt lat="42.004793" lon="13.738165">
        <ele>1072.9</ele>
        <time>2025-10-12T09:06:26Z</time>
      </trkpt>
      <trkpt lat="42.004721" lon="13.738162">
        <ele>1073</ele>
        <time>2025-10-12T09:06:28Z</time>
      </trkpt>
      <trkpt lat="42.004646" lon="13.738159">
        <ele>1073.4</ele>
        <time>2025-10-12T09:06:30Z</time>
      </trkpt>
      <trkpt lat="42.00456" lon="13.738141">
        <ele>1074</ele>
        <time>2025-10-12T09:06:32Z</time>
      </trkpt>
      <trkpt lat="42.00451" lon="13.738133">
        <ele>1073.9</ele>
        <time>2025-10-12T09:06:33Z</time>
      </trkpt>
      <trkpt lat="42.004458" lon="13.738127">
        <ele>1073.9</ele>
        <time>2025-10-12T09:06:34Z</time>
      </trkpt>
      <trkpt lat="42.004406" lon="13.738112">
        <ele>1074</ele>
        <time>2025-10-12T09:06:35Z</time>
      </trkpt>
      <trkpt lat="42.004351" lon="13.738104">
        <ele>1073.9</ele>
        <time>2025-10-12T09:06:36Z</time>
      </trkpt>
      <trkpt lat="42.00429" lon="13.738106">
        <ele>1073</ele>
        <time>2025-10-12T09:06:37Z</time>
      </trkpt>
      <trkpt lat="42.004229" lon="13.738106">
        <ele>1072.9</ele>
        <time>2025-10-12T09:06:38Z</time>
      </trkpt>
      <trkpt lat="42.004168" lon="13.738103">
        <ele>1071.9</ele>
        <time>2025-10-12T09:06:39Z</time>
      </trkpt>
      <trkpt lat="42.004107" lon="13.738097">
        <ele>1072</ele>
        <time>2025-10-12T09:06:40Z</time>
      </trkpt>
      <trkpt lat="42.004046" lon="13.738093">
        <ele>1071</ele>
        <time>2025-10-12T09:06:41Z</time>
      </trkpt>
      <trkpt lat="42.003983" lon="13.738088">
        <ele>1071</ele>
        <time>2025-10-12T09:06:42Z</time>
      </trkpt>
      <trkpt lat="42.003913" lon="13.738084">
        <ele>1069.9</ele>
        <time>2025-10-12T09:06:43Z</time>
      </trkpt>
      <trkpt lat="42.003844" lon="13.738084">
        <ele>1069.9</ele>
        <time>2025-10-12T09:06:44Z</time>
      </trkpt>
      <trkpt lat="42.003775" lon="13.738089">
        <ele>1068.9</ele>
        <time>2025-10-12T09:06:45Z</time>
      </trkpt>
      <trkpt lat="42.003706" lon="13.738097">
        <ele>1068.4</ele>
        <time>2025-10-12T09:06:46Z</time>
      </trkpt>
      <trkpt lat="42.003631" lon="13.738103">
        <ele>1067.4</ele>
        <time>2025-10-12T09:06:47Z</time>
      </trkpt>
      <trkpt lat="42.00356" lon="13.738111">
        <ele>1066.9</ele>
        <time>2025-10-12T09:06:48Z</time>
      </trkpt>
      <trkpt lat="42.00349" lon="13.738122">
        <ele>1066.5</ele>
        <time>2025-10-12T09:06:49Z</time>
      </trkpt>
      <trkpt lat="42.003416" lon="13.73813">
        <ele>1065.9</ele>
        <time>2025-10-12T09:06:50Z</time>
      </trkpt>
      <trkpt lat="42.003345" lon="13.738136">
        <ele>1065.4</ele>
        <time>2025-10-12T09:06:51Z</time>
      </trkpt>
      <trkpt lat="42.003276" lon="13.738139">
        <ele>1065</ele>
        <time>2025-10-12T09:06:52Z</time>
      </trkpt>
      <trkpt lat="42.003208" lon="13.738142">
        <ele>1064.4</ele>
        <time>2025-10-12T09:06:53Z</time>
      </trkpt>
      <trkpt lat="42.00314" lon="13.738145">
        <ele>1063.9</ele>
        <time>2025-10-12T09:06:54Z</time>
      </trkpt>
      <trkpt lat="42.003066" lon="13.738148">
        <ele>1063.9</ele>
        <time>2025-10-12T09:06:55Z</time>
      </trkpt>
      <trkpt lat="42.002992" lon="13.738156">
        <ele>1063.5</ele>
        <time>2025-10-12T09:06:56Z</time>
      </trkpt>
      <trkpt lat="42.002925" lon="13.738168">
        <ele>1063</ele>
        <time>2025-10-12T09:06:57Z</time>
      </trkpt>
      <trkpt lat="42.002868" lon="13.738179">
        <ele>1062.4</ele>
        <time>2025-10-12T09:06:58Z</time>
      </trkpt>
      <trkpt lat="42.002802" lon="13.738194">
        <ele>1061.4</ele>
        <time>2025-10-12T09:06:59Z</time>
      </trkpt>
      <trkpt lat="42.002735" lon="13.73821">
        <ele>1061</ele>
        <time>2025-10-12T09:07:00Z</time>
      </trkpt>
      <trkpt lat="42.002671" lon="13.738226">
        <ele>1060.9</ele>
        <time>2025-10-12T09:07:01Z</time>
      </trkpt>
      <trkpt lat="42.002608" lon="13.738238">
        <ele>1061</ele>
        <time>2025-10-12T09:07:02Z</time>
      </trkpt>
      <trkpt lat="42.002541" lon="13.73825">
        <ele>1061</ele>
        <time>2025-10-12T09:07:03Z</time>
      </trkpt>
      <trkpt lat="42.002478" lon="13.738268">
        <ele>1060.9</ele>
        <time>2025-10-12T09:07:04Z</time>
      </trkpt>
      <trkpt lat="42.002416" lon="13.738279">
        <ele>1060</ele>
        <time>2025-10-12T09:07:05Z</time>
      </trkpt>
      <trkpt lat="42.002345" lon="13.73829">
        <ele>1059.9</ele>
        <time>2025-10-12T09:07:06Z</time>
      </trkpt>
      <trkpt lat="42.002277" lon="13.738299">
        <ele>1059</ele>
        <time>2025-10-12T09:07:07Z</time>
      </trkpt>
      <trkpt lat="42.002208" lon="13.738301">
        <ele>1058.9</ele>
        <time>2025-10-12T09:07:08Z</time>
      </trkpt>
      <trkpt lat="42.002136" lon="13.738308">
        <ele>1057.9</ele>
        <time>2025-10-12T09:07:09Z</time>
      </trkpt>
      <trkpt lat="42.002066" lon="13.738311">
        <ele>1057.9</ele>
        <time>2025-10-12T09:07:10Z</time>
      </trkpt>
      <trkpt lat="42.001997" lon="13.738318">
        <ele>1058</ele>
        <time>2025-10-12T09:07:11Z</time>
      </trkpt>
      <trkpt lat="42.001923" lon="13.738323">
        <ele>1057.5</ele>
        <time>2025-10-12T09:07:12Z</time>
      </trkpt>
      <trkpt lat="42.001848" lon="13.738318">
        <ele>1056.5</ele>
        <time>2025-10-12T09:07:13Z</time>
      </trkpt>
      <trkpt lat="42.00177" lon="13.738306">
        <ele>1055.5</ele>
        <time>2025-10-12T09:07:14Z</time>
      </trkpt>
      <trkpt lat="42.001693" lon="13.73829">
        <ele>1054.9</ele>
        <time>2025-10-12T09:07:15Z</time>
      </trkpt>
      <trkpt lat="42.001622" lon="13.738276">
        <ele>1054.5</ele>
        <time>2025-10-12T09:07:16Z</time>
      </trkpt>
      <trkpt lat="42.001554" lon="13.73827">
        <ele>1054.5</ele>
        <time>2025-10-12T09:07:17Z</time>
      </trkpt>
      <trkpt lat="42.001487" lon="13.738265">
        <ele>1054.5</ele>
        <time>2025-10-12T09:07:18Z</time>
      </trkpt>
      <trkpt lat="42.001437" lon="13.738262">
        <ele>1055</ele>
        <time>2025-10-12T09:07:19Z</time>
      </trkpt>
      <trkpt lat="42.001363" lon="13.73824">
        <ele>1055</ele>
        <time>2025-10-12T09:07:21Z</time>
      </trkpt>
      <trkpt lat="42.001273" lon="13.73823">
        <ele>1054</ele>
        <time>2025-10-12T09:07:23Z</time>
      </trkpt>
      <trkpt lat="42.001224" lon="13.738223">
        <ele>1052.9</ele>
        <time>2025-10-12T09:07:24Z</time>
      </trkpt>
      <trkpt lat="42.001171" lon="13.738219">
        <ele>1052.9</ele>
        <time>2025-10-12T09:07:25Z</time>
      </trkpt>
      <trkpt lat="42.001118" lon="13.738218">
        <ele>1051.9</ele>
        <time>2025-10-12T09:07:26Z</time>
      </trkpt>
      <trkpt lat="42.001056" lon="13.738215">
        <ele>1052</ele>
        <time>2025-10-12T09:07:27Z</time>
      </trkpt>
      <trkpt lat="42.000988" lon="13.738212">
        <ele>1051</ele>
        <time>2025-10-12T09:07:28Z</time>
      </trkpt>
      <trkpt lat="42.000914" lon="13.738202">
        <ele>1050</ele>
        <time>2025-10-12T09:07:29Z</time>
      </trkpt>
      <trkpt lat="42.000834" lon="13.738193">
        <ele>1049.9</ele>
        <time>2025-10-12T09:07:30Z</time>
      </trkpt>
      <trkpt lat="42.000754" lon="13.738186">
        <ele>1049.9</ele>
        <time>2025-10-12T09:07:31Z</time>
      </trkpt>
      <trkpt lat="42.000677" lon="13.738173">
        <ele>1049.4</ele>
        <time>2025-10-12T09:07:32Z</time>
      </trkpt>
      <trkpt lat="42.000607" lon="13.738173">
        <ele>1048.4</ele>
        <time>2025-10-12T09:07:33Z</time>
      </trkpt>
      <trkpt lat="42.00054" lon="13.73817">
        <ele>1047.5</ele>
        <time>2025-10-12T09:07:34Z</time>
      </trkpt>
      <trkpt lat="42.000475" lon="13.738159">
        <ele>1046.4</ele>
        <time>2025-10-12T09:07:35Z</time>
      </trkpt>
      <trkpt lat="42.000413" lon="13.738146">
        <ele>1046</ele>
        <time>2025-10-12T09:07:36Z</time>
      </trkpt>
      <trkpt lat="42.000342" lon="13.738139">
        <ele>1045.9</ele>
        <time>2025-10-12T09:07:37Z</time>
      </trkpt>
      <trkpt lat="42.00027" lon="13.738134">
        <ele>1045</ele>
        <time>2025-10-12T09:07:38Z</time>
      </trkpt>
      <trkpt lat="42.000204" lon="13.738132">
        <ele>1043.5</ele>
        <time>2025-10-12T09:07:39Z</time>
      </trkpt>
      <trkpt lat="42.00014" lon="13.738133">
        <ele>1042.5</ele>
        <time>2025-10-12T09:07:40Z</time>
      </trkpt>
      <trkpt lat="42.000073" lon="13.738137">
        <ele>1041.5</ele>
        <time>2025-10-12T09:07:41Z</time>
      </trkpt>
      <trkpt lat="42.000002" lon="13.738134">
        <ele>1040.9</ele>
        <time>2025-10-12T09:07:42Z</time>
      </trkpt>
      <trkpt lat="41.999927" lon="13.738135">
        <ele>1039</ele>
        <time>2025-10-12T09:07:43Z</time>
      </trkpt>
      <trkpt lat="41.999845" lon="13.738136">
        <ele>1035.9</ele>
        <time>2025-10-12T09:07:44Z</time>
      </trkpt>
      <trkpt lat="41.999762" lon="13.738143">
        <ele>1034.8</ele>
        <time>2025-10-12T09:07:45Z</time>
      </trkpt>
      <trkpt lat="41.999682" lon="13.738151">
        <ele>1033.8</ele>
        <time>2025-10-12T09:07:46Z</time>
      </trkpt>
      <trkpt lat="41.999602" lon="13.738163">
        <ele>1032.8</ele>
        <time>2025-10-12T09:07:47Z</time>
      </trkpt>
      <trkpt lat="41.999528" lon="13.738182">
        <ele>1032.4</ele>
        <time>2025-10-12T09:07:48Z</time>
      </trkpt>
      <trkpt lat="41.99946" lon="13.738207">
        <ele>1031.9</ele>
        <time>2025-10-12T09:07:49Z</time>
      </trkpt>
      <trkpt lat="41.999394" lon="13.738241">
        <ele>1031.3</ele>
        <time>2025-10-12T09:07:50Z</time>
      </trkpt>
      <trkpt lat="41.999331" lon="13.738271">
        <ele>1031.4</ele>
        <time>2025-10-12T09:07:51Z</time>
      </trkpt>
      <trkpt lat="41.999265" lon="13.738301">
        <ele>1031.4</ele>
        <time>2025-10-12T09:07:52Z</time>
      </trkpt>
      <trkpt lat="41.999198" lon="13.738323">
        <ele>1031.3</ele>
        <time>2025-10-12T09:07:53Z</time>
      </trkpt>
      <trkpt lat="41.999137" lon="13.738347">
        <ele>1031.4</ele>
        <time>2025-10-12T09:07:54Z</time>
      </trkpt>
      <trkpt lat="41.999074" lon="13.738373">
        <ele>1031.3</ele>
        <time>2025-10-12T09:07:55Z</time>
      </trkpt>
      <trkpt lat="41.999005" lon="13.738397">
        <ele>1031.3</ele>
        <time>2025-10-12T09:07:56Z</time>
      </trkpt>
      <trkpt lat="41.99894" lon="13.738417">
        <ele>1031.4</ele>
        <time>2025-10-12T09:07:57Z</time>
      </trkpt>
      <trkpt lat="41.998878" lon="13.738438">
        <ele>1031.4</ele>
        <time>2025-10-12T09:07:58Z</time>
      </trkpt>
      <trkpt lat="41.998819" lon="13.738452">
        <ele>1031.3</ele>
        <time>2025-10-12T09:07:59Z</time>
      </trkpt>
      <trkpt lat="41.998762" lon="13.738458">
        <ele>1030.4</ele>
        <time>2025-10-12T09:08:00Z</time>
      </trkpt>
      <trkpt lat="41.998709" lon="13.738471">
        <ele>1030.4</ele>
        <time>2025-10-12T09:08:01Z</time>
      </trkpt>
      <trkpt lat="41.998656" lon="13.738487">
        <ele>1030.4</ele>
        <time>2025-10-12T09:08:02Z</time>
      </trkpt>
      <trkpt lat="41.998608" lon="13.738502">
        <ele>1030.3</ele>
        <time>2025-10-12T09:08:03Z</time>
      </trkpt>
      <trkpt lat="41.998517" lon="13.738521">
        <ele>1029.3</ele>
        <time>2025-10-12T09:08:05Z</time>
      </trkpt>
      <trkpt lat="41.998462" lon="13.738535">
        <ele>1029.4</ele>
        <time>2025-10-12T09:08:06Z</time>
      </trkpt>
      <trkpt lat="41.998422" lon="13.738567">
        <ele>1029.3</ele>
        <time>2025-10-12T09:08:07Z</time>
      </trkpt>
      <trkpt lat="41.998393" lon="13.738617">
        <ele>1029.4</ele>
        <time>2025-10-12T09:08:08Z</time>
      </trkpt>
      <trkpt lat="41.998358" lon="13.738664">
        <ele>1029.4</ele>
        <time>2025-10-12T09:08:09Z</time>
      </trkpt>
      <trkpt lat="41.99829" lon="13.738745">
        <ele>1028.9</ele>
        <time>2025-10-12T09:08:11Z</time>
      </trkpt>
      <trkpt lat="41.998228" lon="13.738833">
        <ele>1028.3</ele>
        <time>2025-10-12T09:08:13Z</time>
      </trkpt>
      <trkpt lat="41.998197" lon="13.738876">
        <ele>1028.8</ele>
        <time>2025-10-12T09:08:14Z</time>
      </trkpt>
      <trkpt lat="41.998141" lon="13.738947">
        <ele>1029.3</ele>
        <time>2025-10-12T09:08:16Z</time>
      </trkpt>
      <trkpt lat="41.998082" lon="13.739006">
        <ele>1031.3</ele>
        <time>2025-10-12T09:08:18Z</time>
      </trkpt>
      <trkpt lat="41.998023" lon="13.739067">
        <ele>1032.3</ele>
        <time>2025-10-12T09:08:20Z</time>
      </trkpt>
      <trkpt lat="41.997973" lon="13.739113">
        <ele>1032.3</ele>
        <time>2025-10-12T09:08:22Z</time>
      </trkpt>
      <trkpt lat="41.997933" lon="13.739163">
        <ele>1032.4</ele>
        <time>2025-10-12T09:08:24Z</time>
      </trkpt>
      <trkpt lat="41.997895" lon="13.73921">
        <ele>1032.4</ele>
        <time>2025-10-12T09:08:26Z</time>
      </trkpt>
      <trkpt lat="41.997852" lon="13.739271">
        <ele>1032.4</ele>
        <time>2025-10-12T09:08:29Z</time>
      </trkpt>
      <trkpt lat="41.99781" lon="13.739303">
        <ele>1032.4</ele>
        <time>2025-10-12T09:08:31Z</time>
      </trkpt>
      <trkpt lat="41.997771" lon="13.739341">
        <ele>1033.4</ele>
        <time>2025-10-12T09:08:33Z</time>
      </trkpt>
      <trkpt lat="41.997725" lon="13.739362">
        <ele>1033.3</ele>
        <time>2025-10-12T09:08:35Z</time>
      </trkpt>
      <trkpt lat="41.997665" lon="13.739393">
        <ele>1034.4</ele>
        <time>2025-10-12T09:08:38Z</time>
      </trkpt>
      <trkpt lat="41.997609" lon="13.739424">
        <ele>1035.4</ele>
        <time>2025-10-12T09:08:41Z</time>
      </trkpt>
      <trkpt lat="41.997551" lon="13.739441">
        <ele>1035.3</ele>
        <time>2025-10-12T09:08:45Z</time>
      </trkpt>
      <trkpt lat="41.997504" lon="13.739445">
        <ele>1035.4</ele>
        <time>2025-10-12T09:08:49Z</time>
      </trkpt>
      <trkpt lat="41.997455" lon="13.73946">
        <ele>1035.3</ele>
        <time>2025-10-12T09:08:53Z</time>
      </trkpt>
      <trkpt lat="41.997404" lon="13.739455">
        <ele>1035.4</ele>
        <time>2025-10-12T09:08:57Z</time>
      </trkpt>
      <trkpt lat="41.997424" lon="13.739523">
        <ele>1035.4</ele>
        <time>2025-10-12T09:09:14Z</time>
      </trkpt>
      <trkpt lat="41.997438" lon="13.739596">
        <ele>1035.4</ele>
        <time>2025-10-12T09:09:18Z</time>
      </trkpt>
      <trkpt lat="41.99743" lon="13.739673">
        <ele>1036.4</ele>
        <time>2025-10-12T09:09:21Z</time>
      </trkpt>
      <trkpt lat="41.99741" lon="13.739738">
        <ele>1037.4</ele>
        <time>2025-10-12T09:09:24Z</time>
      </trkpt>
      <trkpt lat="41.997403" lon="13.739798">
        <ele>1038.3</ele>
        <time>2025-10-12T09:09:27Z</time>
      </trkpt>
      <trkpt lat="41.997398" lon="13.73986">
        <ele>1040.3</ele>
        <time>2025-10-12T09:09:31Z</time>
      </trkpt>
      <trkpt lat="41.997383" lon="13.739917">
        <ele>1041.4</ele>
        <time>2025-10-12T09:09:36Z</time>
      </trkpt>
      <trkpt lat="41.997307" lon="13.739928">
        <ele>1043.4</ele>
        <time>2025-10-12T09:09:53Z</time>
      </trkpt>
      <trkpt lat="41.997246" lon="13.739943">
        <ele>1043.3</ele>
        <time>2025-10-12T09:09:55Z</time>
      </trkpt>
      <trkpt lat="41.997194" lon="13.739971">
        <ele>1045.3</ele>
        <time>2025-10-12T09:09:58Z</time>
      </trkpt>
      <trkpt lat="41.997141" lon="13.739996">
        <ele>1046.3</ele>
        <time>2025-10-12T09:10:09Z</time>
      </trkpt>
      <trkpt lat="41.997092" lon="13.74001">
        <ele>1046.4</ele>
        <time>2025-10-12T09:10:11Z</time>
      </trkpt>
      <trkpt lat="41.997025" lon="13.740015">
        <ele>1047.4</ele>
        <time>2025-10-12T09:10:13Z</time>
      </trkpt>
      <trkpt lat="41.996966" lon="13.740043">
        <ele>1047.4</ele>
        <time>2025-10-12T09:10:15Z</time>
      </trkpt>
      <trkpt lat="41.996907" lon="13.740067">
        <ele>1047.3</ele>
        <time>2025-10-12T09:10:17Z</time>
      </trkpt>
      <trkpt lat="41.996849" lon="13.740094">
        <ele>1046.9</ele>
        <time>2025-10-12T09:10:19Z</time>
      </trkpt>
      <trkpt lat="41.996794" lon="13.740125">
        <ele>1046.4</ele>
        <time>2025-10-12T09:10:21Z</time>
      </trkpt>
      <trkpt lat="41.996737" lon="13.740165">
        <ele>1046.3</ele>
        <time>2025-10-12T09:10:23Z</time>
      </trkpt>
      <trkpt lat="41.996677" lon="13.740208">
        <ele>1046.3</ele>
        <time>2025-10-12T09:10:25Z</time>
      </trkpt>
      <trkpt lat="41.996614" lon="13.74025">
        <ele>1046.9</ele>
        <time>2025-10-12T09:10:27Z</time>
      </trkpt>
      <trkpt lat="41.996554" lon="13.740299">
        <ele>1047.3</ele>
        <time>2025-10-12T09:10:29Z</time>
      </trkpt>
      <trkpt lat="41.9965" lon="13.740332">
        <ele>1047.4</ele>
        <time>2025-10-12T09:10:31Z</time>
      </trkpt>
      <trkpt lat="41.996441" lon="13.740382">
        <ele>1047.3</ele>
        <time>2025-10-12T09:10:33Z</time>
      </trkpt>
      <trkpt lat="41.9964" lon="13.740436">
        <ele>1047.3</ele>
        <time>2025-10-12T09:10:35Z</time>
      </trkpt>
      <trkpt lat="41.996364" lon="13.740506">
        <ele>1048.3</ele>
        <time>2025-10-12T09:10:38Z</time>
      </trkpt>
      <trkpt lat="41.996333" lon="13.74057">
        <ele>1048.4</ele>
        <time>2025-10-12T09:10:40Z</time>
      </trkpt>
      <trkpt lat="41.996293" lon="13.740628">
        <ele>1048.4</ele>
        <time>2025-10-12T09:10:42Z</time>
      </trkpt>
      <trkpt lat="41.996242" lon="13.740685">
        <ele>1048.4</ele>
        <time>2025-10-12T09:10:44Z</time>
      </trkpt>
      <trkpt lat="41.996172" lon="13.740738">
        <ele>1047.3</ele>
        <time>2025-10-12T09:10:46Z</time>
      </trkpt>
      <trkpt lat="41.996101" lon="13.740753">
        <ele>1047.4</ele>
        <time>2025-10-12T09:10:48Z</time>
      </trkpt>
      <trkpt lat="41.996041" lon="13.740736">
        <ele>1047.4</ele>
        <time>2025-10-12T09:10:50Z</time>
      </trkpt>
      <trkpt lat="41.995986" lon="13.740745">
        <ele>1046.3</ele>
        <time>2025-10-12T09:10:53Z</time>
      </trkpt>
      <trkpt lat="41.99594" lon="13.7408">
        <ele>1045.3</ele>
        <time>2025-10-12T09:10:55Z</time>
      </trkpt>
      <trkpt lat="41.995894" lon="13.740901">
        <ele>1045.4</ele>
        <time>2025-10-12T09:10:57Z</time>
      </trkpt>
      <trkpt lat="41.995859" lon="13.740994">
        <ele>1044.4</ele>
        <time>2025-10-12T09:10:59Z</time>
      </trkpt>
      <trkpt lat="41.995824" lon="13.741081">
        <ele>1044.4</ele>
        <time>2025-10-12T09:11:01Z</time>
      </trkpt>
      <trkpt lat="41.99578" lon="13.74118">
        <ele>1043.4</ele>
        <time>2025-10-12T09:11:03Z</time>
      </trkpt>
      <trkpt lat="41.995756" lon="13.741232">
        <ele>1043.4</ele>
        <time>2025-10-12T09:11:04Z</time>
      </trkpt>
      <trkpt lat="41.995709" lon="13.741323">
        <ele>1042.4</ele>
        <time>2025-10-12T09:11:06Z</time>
      </trkpt>
      <trkpt lat="41.995661" lon="13.741416">
        <ele>1042.3</ele>
        <time>2025-10-12T09:11:08Z</time>
      </trkpt>
      <trkpt lat="41.995626" lon="13.741504">
        <ele>1041.4</ele>
        <time>2025-10-12T09:11:10Z</time>
      </trkpt>
      <trkpt lat="41.995604" lon="13.741557">
        <ele>1041.3</ele>
        <time>2025-10-12T09:11:11Z</time>
      </trkpt>
      <trkpt lat="41.995545" lon="13.741637">
        <ele>1041.3</ele>
        <time>2025-10-12T09:11:13Z</time>
      </trkpt>
      <trkpt lat="41.995498" lon="13.741718">
        <ele>1041.4</ele>
        <time>2025-10-12T09:11:15Z</time>
      </trkpt>
      <trkpt lat="41.995447" lon="13.741779">
        <ele>1041.4</ele>
        <time>2025-10-12T09:11:17Z</time>
      </trkpt>
      <trkpt lat="41.995387" lon="13.741832">
        <ele>1041.3</ele>
        <time>2025-10-12T09:11:19Z</time>
      </trkpt>
      <trkpt lat="41.995326" lon="13.741893">
        <ele>1041.4</ele>
        <time>2025-10-12T09:11:21Z</time>
      </trkpt>
      <trkpt lat="41.995294" lon="13.741937">
        <ele>1041.4</ele>
        <time>2025-10-12T09:11:22Z</time>
      </trkpt>
      <trkpt lat="41.995243" lon="13.742031">
        <ele>1042.3</ele>
        <time>2025-10-12T09:11:24Z</time>
      </trkpt>
      <trkpt lat="41.995207" lon="13.742088">
        <ele>1043.3</ele>
        <time>2025-10-12T09:11:26Z</time>
      </trkpt>
      <trkpt lat="41.995163" lon="13.742113">
        <ele>1042.9</ele>
        <time>2025-10-12T09:11:29Z</time>
      </trkpt>
      <trkpt lat="41.995112" lon="13.742063">
        <ele>1042.4</ele>
        <time>2025-10-12T09:11:33Z</time>
      </trkpt>
      <trkpt lat="41.99506" lon="13.742015">
        <ele>1042.3</ele>
        <time>2025-10-12T09:11:35Z</time>
      </trkpt>
      <trkpt lat="41.994997" lon="13.741956">
        <ele>1041.3</ele>
        <time>2025-10-12T09:11:37Z</time>
      </trkpt>
      <trkpt lat="41.994948" lon="13.741885">
        <ele>1040.9</ele>
        <time>2025-10-12T09:11:39Z</time>
      </trkpt>
      <trkpt lat="41.994913" lon="13.74184">
        <ele>1039.4</ele>
        <time>2025-10-12T09:11:40Z</time>
      </trkpt>
      <trkpt lat="41.994871" lon="13.741801">
        <ele>1039.3</ele>
        <time>2025-10-12T09:11:41Z</time>
      </trkpt>
      <trkpt lat="41.994828" lon="13.741719">
        <ele>1036.9</ele>
        <time>2025-10-12T09:11:43Z</time>
      </trkpt>
      <trkpt lat="41.994778" lon="13.741638">
        <ele>1035.4</ele>
        <time>2025-10-12T09:11:45Z</time>
      </trkpt>
      <trkpt lat="41.994741" lon="13.741566">
        <ele>1032.9</ele>
        <time>2025-10-12T09:11:47Z</time>
      </trkpt>
      <trkpt lat="41.994709" lon="13.741516">
        <ele>1030.4</ele>
        <time>2025-10-12T09:11:49Z</time>
      </trkpt>
      <trkpt lat="41.99467" lon="13.741453">
        <ele>1028.8</ele>
        <time>2025-10-12T09:11:51Z</time>
      </trkpt>
      <trkpt lat="41.994636" lon="13.741395">
        <ele>1027.4</ele>
        <time>2025-10-12T09:11:53Z</time>
      </trkpt>
      <trkpt lat="41.994602" lon="13.741338">
        <ele>1025.3</ele>
        <time>2025-10-12T09:11:55Z</time>
      </trkpt>
      <trkpt lat="41.994569" lon="13.741285">
        <ele>1024.3</ele>
        <time>2025-10-12T09:11:57Z</time>
      </trkpt>
      <trkpt lat="41.994516" lon="13.741225">
        <ele>1023.4</ele>
        <time>2025-10-12T09:11:59Z</time>
      </trkpt>
      <trkpt lat="41.994464" lon="13.741166">
        <ele>1021.4</ele>
        <time>2025-10-12T09:12:01Z</time>
      </trkpt>
      <trkpt lat="41.994408" lon="13.741104">
        <ele>1019.9</ele>
        <time>2025-10-12T09:12:03Z</time>
      </trkpt>
      <trkpt lat="41.994354" lon="13.741041">
        <ele>1017.9</ele>
        <time>2025-10-12T09:12:05Z</time>
      </trkpt>
      <trkpt lat="41.994296" lon="13.740977">
        <ele>1015.3</ele>
        <time>2025-10-12T09:12:07Z</time>
      </trkpt>
      <trkpt lat="41.994232" lon="13.74093">
        <ele>1013.9</ele>
        <time>2025-10-12T09:12:09Z</time>
      </trkpt>
      <trkpt lat="41.994177" lon="13.740884">
        <ele>1011.8</ele>
        <time>2025-10-12T09:12:11Z</time>
      </trkpt>
      <trkpt lat="41.994118" lon="13.740823">
        <ele>1010.9</ele>
        <time>2025-10-12T09:12:13Z</time>
      </trkpt>
      <trkpt lat="41.994061" lon="13.740767">
        <ele>1010.3</ele>
        <time>2025-10-12T09:12:15Z</time>
      </trkpt>
      <trkpt lat="41.994022" lon="13.740708">
        <ele>1009.3</ele>
        <time>2025-10-12T09:12:17Z</time>
      </trkpt>
      <trkpt lat="41.993989" lon="13.740649">
        <ele>1008.8</ele>
        <time>2025-10-12T09:12:19Z</time>
      </trkpt>
      <trkpt lat="41.993942" lon="13.7406">
        <ele>1007.4</ele>
        <time>2025-10-12T09:12:22Z</time>
      </trkpt>
      <trkpt lat="41.993893" lon="13.740635">
        <ele>1006.3</ele>
        <time>2025-10-12T09:12:24Z</time>
      </trkpt>
      <trkpt lat="41.993848" lon="13.74068">
        <ele>1005.3</ele>
        <time>2025-10-12T09:12:25Z</time>
      </trkpt>
      <trkpt lat="41.993807" lon="13.740731">
        <ele>1005.4</ele>
        <time>2025-10-12T09:12:26Z</time>
      </trkpt>
      <trkpt lat="41.993761" lon="13.740774">
        <ele>1003.9</ele>
        <time>2025-10-12T09:12:27Z</time>
      </trkpt>
      <trkpt lat="41.993711" lon="13.740813">
        <ele>1002.8</ele>
        <time>2025-10-12T09:12:28Z</time>
      </trkpt>
      <trkpt lat="41.99366" lon="13.740856">
        <ele>1002.3</ele>
        <time>2025-10-12T09:12:29Z</time>
      </trkpt>
      <trkpt lat="41.993615" lon="13.740896">
        <ele>1001.4</ele>
        <time>2025-10-12T09:12:30Z</time>
      </trkpt>
      <trkpt lat="41.99357" lon="13.740922">
        <ele>1001.4</ele>
        <time>2025-10-12T09:12:31Z</time>
      </trkpt>
      <trkpt lat="41.993515" lon="13.740947">
        <ele>1001.3</ele>
        <time>2025-10-12T09:12:32Z</time>
      </trkpt>
      <trkpt lat="41.99346" lon="13.740977">
        <ele>1001.3</ele>
        <time>2025-10-12T09:12:33Z</time>
      </trkpt>
      <trkpt lat="41.993402" lon="13.741004">
        <ele>1000.4</ele>
        <time>2025-10-12T09:12:34Z</time>
      </trkpt>
      <trkpt lat="41.993347" lon="13.741029">
        <ele>1000.4</ele>
        <time>2025-10-12T09:12:35Z</time>
      </trkpt>
      <trkpt lat="41.993297" lon="13.741056">
        <ele>1000.3</ele>
        <time>2025-10-12T09:12:36Z</time>
      </trkpt>
      <trkpt lat="41.993248" lon="13.741084">
        <ele>1000.4</ele>
        <time>2025-10-12T09:12:37Z</time>
      </trkpt>
      <trkpt lat="41.993199" lon="13.741117">
        <ele>1000.4</ele>
        <time>2025-10-12T09:12:38Z</time>
      </trkpt>
      <trkpt lat="41.993153" lon="13.741146">
        <ele>1001.4</ele>
        <time>2025-10-12T09:12:39Z</time>
      </trkpt>
      <trkpt lat="41.993101" lon="13.741167">
        <ele>1001.4</ele>
        <time>2025-10-12T09:12:40Z</time>
      </trkpt>
      <trkpt lat="41.993047" lon="13.741188">
        <ele>1001.4</ele>
        <time>2025-10-12T09:12:41Z</time>
      </trkpt>
      <trkpt lat="41.993001" lon="13.741205">
        <ele>1001.3</ele>
        <time>2025-10-12T09:12:42Z</time>
      </trkpt>
      <trkpt lat="41.992958" lon="13.741224">
        <ele>1001.3</ele>
        <time>2025-10-12T09:12:43Z</time>
      </trkpt>
      <trkpt lat="41.992879" lon="13.741283">
        <ele>1001.3</ele>
        <time>2025-10-12T09:12:45Z</time>
      </trkpt>
      <trkpt lat="41.992802" lon="13.74133">
        <ele>1001.8</ele>
        <time>2025-10-12T09:12:47Z</time>
      </trkpt>
      <trkpt lat="41.992725" lon="13.741387">
        <ele>1002.4</ele>
        <time>2025-10-12T09:12:49Z</time>
      </trkpt>
      <trkpt lat="41.992679" lon="13.741428">
        <ele>1002.4</ele>
        <time>2025-10-12T09:12:50Z</time>
      </trkpt>
      <trkpt lat="41.992641" lon="13.741472">
        <ele>1002.3</ele>
        <time>2025-10-12T09:12:51Z</time>
      </trkpt>
      <trkpt lat="41.992604" lon="13.741508">
        <ele>1002.3</ele>
        <time>2025-10-12T09:12:52Z</time>
      </trkpt>
      <trkpt lat="41.992566" lon="13.741546">
        <ele>1002.4</ele>
        <time>2025-10-12T09:12:53Z</time>
      </trkpt>
      <trkpt lat="41.992526" lon="13.741585">
        <ele>1002.4</ele>
        <time>2025-10-12T09:12:54Z</time>
      </trkpt>
      <trkpt lat="41.992491" lon="13.741624">
        <ele>1002.3</ele>
        <time>2025-10-12T09:12:55Z</time>
      </trkpt>
      <trkpt lat="41.992418" lon="13.741692">
        <ele>1002.3</ele>
        <time>2025-10-12T09:12:57Z</time>
      </trkpt>
      <trkpt lat="41.99238" lon="13.741733">
        <ele>1002.4</ele>
        <time>2025-10-12T09:12:58Z</time>
      </trkpt>
      <trkpt lat="41.992344" lon="13.741771">
        <ele>1002.3</ele>
        <time>2025-10-12T09:12:59Z</time>
      </trkpt>
      <trkpt lat="41.992308" lon="13.741813">
        <ele>1002.3</ele>
        <time>2025-10-12T09:13:00Z</time>
      </trkpt>
      <trkpt lat="41.992268" lon="13.741848">
        <ele>1003.4</ele>
        <time>2025-10-12T09:13:01Z</time>
      </trkpt>
      <trkpt lat="41.99223" lon="13.741891">
        <ele>1003.4</ele>
        <time>2025-10-12T09:13:02Z</time>
      </trkpt>
      <trkpt lat="41.992195" lon="13.741938">
        <ele>1003.4</ele>
        <time>2025-10-12T09:13:03Z</time>
      </trkpt>
      <trkpt lat="41.992155" lon="13.741982">
        <ele>1003.4</ele>
        <time>2025-10-12T09:13:04Z</time>
      </trkpt>
      <trkpt lat="41.992107" lon="13.742025">
        <ele>1003.4</ele>
        <time>2025-10-12T09:13:05Z</time>
      </trkpt>
      <trkpt lat="41.992063" lon="13.74207">
        <ele>1003.3</ele>
        <time>2025-10-12T09:13:06Z</time>
      </trkpt>
      <trkpt lat="41.992023" lon="13.742114">
        <ele>1002.9</ele>
        <time>2025-10-12T09:13:07Z</time>
      </trkpt>
      <trkpt lat="41.991984" lon="13.742164">
        <ele>1002.3</ele>
        <time>2025-10-12T09:13:08Z</time>
      </trkpt>
      <trkpt lat="41.991941" lon="13.742209">
        <ele>1002.4</ele>
        <time>2025-10-12T09:13:09Z</time>
      </trkpt>
      <trkpt lat="41.991899" lon="13.742253">
        <ele>1002.4</ele>
        <time>2025-10-12T09:13:10Z</time>
      </trkpt>
      <trkpt lat="41.991853" lon="13.742301">
        <ele>1001.8</ele>
        <time>2025-10-12T09:13:11Z</time>
      </trkpt>
      <trkpt lat="41.991808" lon="13.742344">
        <ele>1001.3</ele>
        <time>2025-10-12T09:13:12Z</time>
      </trkpt>
      <trkpt lat="41.991767" lon="13.742393">
        <ele>1001.3</ele>
        <time>2025-10-12T09:13:13Z</time>
      </trkpt>
      <trkpt lat="41.991715" lon="13.74244">
        <ele>1001.4</ele>
        <time>2025-10-12T09:13:14Z</time>
      </trkpt>
      <trkpt lat="41.991669" lon="13.742491">
        <ele>1001.4</ele>
        <time>2025-10-12T09:13:15Z</time>
      </trkpt>
      <trkpt lat="41.991623" lon="13.742536">
        <ele>1001.4</ele>
        <time>2025-10-12T09:13:16Z</time>
      </trkpt>
      <trkpt lat="41.991579" lon="13.742588">
        <ele>1001.3</ele>
        <time>2025-10-12T09:13:17Z</time>
      </trkpt>
      <trkpt lat="41.991535" lon="13.742637">
        <ele>1001.3</ele>
        <time>2025-10-12T09:13:18Z</time>
      </trkpt>
      <trkpt lat="41.99149" lon="13.74269">
        <ele>1001.3</ele>
        <time>2025-10-12T09:13:19Z</time>
      </trkpt>
      <trkpt lat="41.991442" lon="13.742741">
        <ele>1001.3</ele>
        <time>2025-10-12T09:13:20Z</time>
      </trkpt>
      <trkpt lat="41.991396" lon="13.742796">
        <ele>1001.4</ele>
        <time>2025-10-12T09:13:21Z</time>
      </trkpt>
      <trkpt lat="41.991345" lon="13.742851">
        <ele>1001.4</ele>
        <time>2025-10-12T09:13:22Z</time>
      </trkpt>
      <trkpt lat="41.991292" lon="13.742911">
        <ele>1001.4</ele>
        <time>2025-10-12T09:13:23Z</time>
      </trkpt>
      <trkpt lat="41.991241" lon="13.742963">
        <ele>1001.3</ele>
        <time>2025-10-12T09:13:24Z</time>
      </trkpt>
      <trkpt lat="41.991186" lon="13.74301">
        <ele>1001.3</ele>
        <time>2025-10-12T09:13:25Z</time>
      </trkpt>
      <trkpt lat="41.991124" lon="13.743048">
        <ele>1001.4</ele>
        <time>2025-10-12T09:13:26Z</time>
      </trkpt>
      <trkpt lat="41.991065" lon="13.743091">
        <ele>1001.3</ele>
        <time>2025-10-12T09:13:27Z</time>
      </trkpt>
      <trkpt lat="41.991003" lon="13.743125">
        <ele>1001.4</ele>
        <time>2025-10-12T09:13:28Z</time>
      </trkpt>
      <trkpt lat="41.990944" lon="13.743157">
        <ele>1002.3</ele>
        <time>2025-10-12T09:13:29Z</time>
      </trkpt>
      <trkpt lat="41.990881" lon="13.743181">
        <ele>1001.4</ele>
        <time>2025-10-12T09:13:30Z</time>
      </trkpt>
      <trkpt lat="41.990816" lon="13.74319">
        <ele>1001.3</ele>
        <time>2025-10-12T09:13:31Z</time>
      </trkpt>
      <trkpt lat="41.990765" lon="13.743199">
        <ele>1001.4</ele>
        <time>2025-10-12T09:13:32Z</time>
      </trkpt>
      <trkpt lat="41.990709" lon="13.743208">
        <ele>1001.3</ele>
        <time>2025-10-12T09:13:33Z</time>
      </trkpt>
      <trkpt lat="41.99065" lon="13.743213">
        <ele>1001.4</ele>
        <time>2025-10-12T09:13:34Z</time>
      </trkpt>
      <trkpt lat="41.990591" lon="13.743221">
        <ele>1001.4</ele>
        <time>2025-10-12T09:13:35Z</time>
      </trkpt>
      <trkpt lat="41.990533" lon="13.743227">
        <ele>1001.3</ele>
        <time>2025-10-12T09:13:36Z</time>
      </trkpt>
      <trkpt lat="41.990476" lon="13.743237">
        <ele>1001.4</ele>
        <time>2025-10-12T09:13:37Z</time>
      </trkpt>
      <trkpt lat="41.990422" lon="13.743248">
        <ele>1001.3</ele>
        <time>2025-10-12T09:13:38Z</time>
      </trkpt>
      <trkpt lat="41.990332" lon="13.743275">
        <ele>1001.4</ele>
        <time>2025-10-12T09:13:40Z</time>
      </trkpt>
      <trkpt lat="41.990287" lon="13.743293">
        <ele>1001.4</ele>
        <time>2025-10-12T09:13:41Z</time>
      </trkpt>
      <trkpt lat="41.990213" lon="13.743319">
        <ele>1002.3</ele>
        <time>2025-10-12T09:13:43Z</time>
      </trkpt>
      <trkpt lat="41.990142" lon="13.743346">
        <ele>1002.4</ele>
        <time>2025-10-12T09:13:45Z</time>
      </trkpt>
      <trkpt lat="41.990082" lon="13.743378">
        <ele>1002.4</ele>
        <time>2025-10-12T09:13:47Z</time>
      </trkpt>
      <trkpt lat="41.99001" lon="13.743421">
        <ele>1002.4</ele>
        <time>2025-10-12T09:13:49Z</time>
      </trkpt>
      <trkpt lat="41.989948" lon="13.743468">
        <ele>1002.3</ele>
        <time>2025-10-12T09:13:51Z</time>
      </trkpt>
      <trkpt lat="41.989894" lon="13.743512">
        <ele>1002.9</ele>
        <time>2025-10-12T09:13:53Z</time>
      </trkpt>
      <trkpt lat="41.989848" lon="13.743566">
        <ele>1003.3</ele>
        <time>2025-10-12T09:13:55Z</time>
      </trkpt>
      <trkpt lat="41.989801" lon="13.743612">
        <ele>1003.4</ele>
        <time>2025-10-12T09:13:57Z</time>
      </trkpt>
      <trkpt lat="41.989761" lon="13.743659">
        <ele>1003.4</ele>
        <time>2025-10-12T09:13:59Z</time>
      </trkpt>
      <trkpt lat="41.989719" lon="13.74371">
        <ele>1004.3</ele>
        <time>2025-10-12T09:14:01Z</time>
      </trkpt>
      <trkpt lat="41.989677" lon="13.743765">
        <ele>1004.3</ele>
        <time>2025-10-12T09:14:03Z</time>
      </trkpt>
      <trkpt lat="41.989634" lon="13.743814">
        <ele>1004.4</ele>
        <time>2025-10-12T09:14:05Z</time>
      </trkpt>
      <trkpt lat="41.989585" lon="13.743863">
        <ele>1004.3</ele>
        <time>2025-10-12T09:14:07Z</time>
      </trkpt>
      <trkpt lat="41.989542" lon="13.743919">
        <ele>1004.4</ele>
        <time>2025-10-12T09:14:09Z</time>
      </trkpt>
      <trkpt lat="41.9895" lon="13.743979">
        <ele>1004.3</ele>
        <time>2025-10-12T09:14:11Z</time>
      </trkpt>
      <trkpt lat="41.989457" lon="13.74403">
        <ele>1004.3</ele>
        <time>2025-10-12T09:14:13Z</time>
      </trkpt>
      <trkpt lat="41.989411" lon="13.744071">
        <ele>1004.4</ele>
        <time>2025-10-12T09:14:15Z</time>
      </trkpt>
      <trkpt lat="41.989368" lon="13.744119">
        <ele>1004.3</ele>
        <time>2025-10-12T09:14:17Z</time>
      </trkpt>
      <trkpt lat="41.989324" lon="13.744169">
        <ele>1004.3</ele>
        <time>2025-10-12T09:14:19Z</time>
      </trkpt>
      <trkpt lat="41.98929" lon="13.744216">
        <ele>1004.3</ele>
        <time>2025-10-12T09:14:21Z</time>
      </trkpt>
      <trkpt lat="41.989251" lon="13.744264">
        <ele>1004.4</ele>
        <time>2025-10-12T09:14:23Z</time>
      </trkpt>
      <trkpt lat="41.989213" lon="13.744307">
        <ele>1004.3</ele>
        <time>2025-10-12T09:14:25Z</time>
      </trkpt>
      <trkpt lat="41.989172" lon="13.744353">
        <ele>1004.4</ele>
        <time>2025-10-12T09:14:27Z</time>
      </trkpt>
      <trkpt lat="41.989136" lon="13.744403">
        <ele>1004.4</ele>
        <time>2025-10-12T09:14:29Z</time>
      </trkpt>
      <trkpt lat="41.989097" lon="13.744452">
        <ele>1005.4</ele>
        <time>2025-10-12T09:14:31Z</time>
      </trkpt>
      <trkpt lat="41.989061" lon="13.744506">
        <ele>1005.3</ele>
        <time>2025-10-12T09:14:33Z</time>
      </trkpt>
      <trkpt lat="41.989024" lon="13.74456">
        <ele>1005.4</ele>
        <time>2025-10-12T09:14:35Z</time>
      </trkpt>
      <trkpt lat="41.988985" lon="13.744621">
        <ele>1005.3</ele>
        <time>2025-10-12T09:14:37Z</time>
      </trkpt>
      <trkpt lat="41.988942" lon="13.744669">
        <ele>1005.4</ele>
        <time>2025-10-12T09:14:39Z</time>
      </trkpt>
      <trkpt lat="41.98889" lon="13.744718">
        <ele>1005.3</ele>
        <time>2025-10-12T09:14:41Z</time>
      </trkpt>
      <trkpt lat="41.988844" lon="13.744762">
        <ele>1005.4</ele>
        <time>2025-10-12T09:14:43Z</time>
      </trkpt>
      <trkpt lat="41.988801" lon="13.744799">
        <ele>1005.4</ele>
        <time>2025-10-12T09:14:45Z</time>
      </trkpt>
      <trkpt lat="41.988755" lon="13.744837">
        <ele>1006.3</ele>
        <time>2025-10-12T09:14:47Z</time>
      </trkpt>
      <trkpt lat="41.988702" lon="13.744879">
        <ele>1007.4</ele>
        <time>2025-10-12T09:14:49Z</time>
      </trkpt>
      <trkpt lat="41.988652" lon="13.744919">
        <ele>1007.4</ele>
        <time>2025-10-12T09:14:51Z</time>
      </trkpt>
      <trkpt lat="41.988609" lon="13.744959">
        <ele>1007.3</ele>
        <time>2025-10-12T09:14:53Z</time>
      </trkpt>
      <trkpt lat="41.988568" lon="13.745">
        <ele>1008.3</ele>
        <time>2025-10-12T09:14:55Z</time>
      </trkpt>
      <trkpt lat="41.988522" lon="13.745034">
        <ele>1009.3</ele>
        <time>2025-10-12T09:14:57Z</time>
      </trkpt>
      <trkpt lat="41.988478" lon="13.745083">
        <ele>1009.4</ele>
        <time>2025-10-12T09:14:59Z</time>
      </trkpt>
      <trkpt lat="41.988435" lon="13.745133">
        <ele>1009.4</ele>
        <time>2025-10-12T09:15:01Z</time>
      </trkpt>
      <trkpt lat="41.988398" lon="13.745182">
        <ele>1010.3</ele>
        <time>2025-10-12T09:15:03Z</time>
      </trkpt>
      <trkpt lat="41.988352" lon="13.74523">
        <ele>1011.3</ele>
        <time>2025-10-12T09:15:05Z</time>
      </trkpt>
      <trkpt lat="41.988308" lon="13.745276">
        <ele>1011.4</ele>
        <time>2025-10-12T09:15:07Z</time>
      </trkpt>
      <trkpt lat="41.988263" lon="13.745324">
        <ele>1011.3</ele>
        <time>2025-10-12T09:15:09Z</time>
      </trkpt>
      <trkpt lat="41.988227" lon="13.745371">
        <ele>1011.3</ele>
        <time>2025-10-12T09:15:11Z</time>
      </trkpt>
      <trkpt lat="41.988184" lon="13.745433">
        <ele>1011.4</ele>
        <time>2025-10-12T09:15:13Z</time>
      </trkpt>
      <trkpt lat="41.988145" lon="13.74549">
        <ele>1011.4</ele>
        <time>2025-10-12T09:15:15Z</time>
      </trkpt>
      <trkpt lat="41.988107" lon="13.745561">
        <ele>1011.3</ele>
        <time>2025-10-12T09:15:17Z</time>
      </trkpt>
      <trkpt lat="41.988069" lon="13.74563">
        <ele>1012.3</ele>
        <time>2025-10-12T09:15:19Z</time>
      </trkpt>
      <trkpt lat="41.988036" lon="13.7457">
        <ele>1012.3</ele>
        <time>2025-10-12T09:15:21Z</time>
      </trkpt>
      <trkpt lat="41.988002" lon="13.745771">
        <ele>1011.9</ele>
        <time>2025-10-12T09:15:23Z</time>
      </trkpt>
      <trkpt lat="41.987975" lon="13.745846">
        <ele>1011.3</ele>
        <time>2025-10-12T09:15:25Z</time>
      </trkpt>
      <trkpt lat="41.98795" lon="13.745914">
        <ele>1011.3</ele>
        <time>2025-10-12T09:15:27Z</time>
      </trkpt>
      <trkpt lat="41.987923" lon="13.745983">
        <ele>1011.9</ele>
        <time>2025-10-12T09:15:29Z</time>
      </trkpt>
      <trkpt lat="41.987896" lon="13.746046">
        <ele>1012.3</ele>
        <time>2025-10-12T09:15:31Z</time>
      </trkpt>
      <trkpt lat="41.987853" lon="13.74611">
        <ele>1013.3</ele>
        <time>2025-10-12T09:15:33Z</time>
      </trkpt>
      <trkpt lat="41.987805" lon="13.746168">
        <ele>1013.4</ele>
        <time>2025-10-12T09:15:35Z</time>
      </trkpt>
      <trkpt lat="41.987755" lon="13.746216">
        <ele>1014.4</ele>
        <time>2025-10-12T09:15:37Z</time>
      </trkpt>
      <trkpt lat="41.987703" lon="13.746259">
        <ele>1014.3</ele>
        <time>2025-10-12T09:15:39Z</time>
      </trkpt>
      <trkpt lat="41.987642" lon="13.746288">
        <ele>1014.3</ele>
        <time>2025-10-12T09:15:41Z</time>
      </trkpt>
      <trkpt lat="41.98758" lon="13.746326">
        <ele>1014.3</ele>
        <time>2025-10-12T09:15:43Z</time>
      </trkpt>
      <trkpt lat="41.987525" lon="13.746354">
        <ele>1014.3</ele>
        <time>2025-10-12T09:15:45Z</time>
      </trkpt>
      <trkpt lat="41.987472" lon="13.746381">
        <ele>1015.3</ele>
        <time>2025-10-12T09:15:47Z</time>
      </trkpt>
      <trkpt lat="41.98742" lon="13.746405">
        <ele>1015.3</ele>
        <time>2025-10-12T09:15:49Z</time>
      </trkpt>
      <trkpt lat="41.987366" lon="13.746435">
        <ele>1016.3</ele>
        <time>2025-10-12T09:15:51Z</time>
      </trkpt>
      <trkpt lat="41.987309" lon="13.746468">
        <ele>1016.4</ele>
        <time>2025-10-12T09:15:53Z</time>
      </trkpt>
      <trkpt lat="41.987253" lon="13.746516">
        <ele>1016.4</ele>
        <time>2025-10-12T09:15:55Z</time>
      </trkpt>
      <trkpt lat="41.987202" lon="13.746568">
        <ele>1016.3</ele>
        <time>2025-10-12T09:15:57Z</time>
      </trkpt>
      <trkpt lat="41.987152" lon="13.746625">
        <ele>1016.4</ele>
        <time>2025-10-12T09:15:59Z</time>
      </trkpt>
      <trkpt lat="41.987098" lon="13.746681">
        <ele>1016.3</ele>
        <time>2025-10-12T09:16:01Z</time>
      </trkpt>
      <trkpt lat="41.987052" lon="13.746742">
        <ele>1016.3</ele>
        <time>2025-10-12T09:16:03Z</time>
      </trkpt>
      <trkpt lat="41.987002" lon="13.746798">
        <ele>1017.3</ele>
        <time>2025-10-12T09:16:05Z</time>
      </trkpt>
      <trkpt lat="41.986952" lon="13.74685">
        <ele>1017.9</ele>
        <time>2025-10-12T09:16:07Z</time>
      </trkpt>
      <trkpt lat="41.986899" lon="13.7469">
        <ele>1018.3</ele>
        <time>2025-10-12T09:16:09Z</time>
      </trkpt>
      <trkpt lat="41.986842" lon="13.746939">
        <ele>1018.4</ele>
        <time>2025-10-12T09:16:11Z</time>
      </trkpt>
      <trkpt lat="41.986787" lon="13.746984">
        <ele>1019.3</ele>
        <time>2025-10-12T09:16:13Z</time>
      </trkpt>
      <trkpt lat="41.98673" lon="13.747032">
        <ele>1019.3</ele>
        <time>2025-10-12T09:16:15Z</time>
      </trkpt>
      <trkpt lat="41.986645" lon="13.74707">
        <ele>1019.4</ele>
        <time>2025-10-12T09:16:17Z</time>
      </trkpt>
      <trkpt lat="41.986577" lon="13.747108">
        <ele>1020.3</ele>
        <time>2025-10-12T09:16:19Z</time>
      </trkpt>
      <trkpt lat="41.986512" lon="13.747158">
        <ele>1021.3</ele>
        <time>2025-10-12T09:16:21Z</time>
      </trkpt>
      <trkpt lat="41.986453" lon="13.747212">
        <ele>1021.9</ele>
        <time>2025-10-12T09:16:23Z</time>
      </trkpt>
      <trkpt lat="41.986382" lon="13.747247">
        <ele>1022.4</ele>
        <time>2025-10-12T09:16:25Z</time>
      </trkpt>
      <trkpt lat="41.986313" lon="13.747288">
        <ele>1022.9</ele>
        <time>2025-10-12T09:16:27Z</time>
      </trkpt>
      <trkpt lat="41.986253" lon="13.747344">
        <ele>1023.4</ele>
        <time>2025-10-12T09:16:29Z</time>
      </trkpt>
      <trkpt lat="41.986193" lon="13.747383">
        <ele>1023.4</ele>
        <time>2025-10-12T09:16:31Z</time>
      </trkpt>
      <trkpt lat="41.986124" lon="13.747425">
        <ele>1023.3</ele>
        <time>2025-10-12T09:16:33Z</time>
      </trkpt>
      <trkpt lat="41.986049" lon="13.747473">
        <ele>1023.3</ele>
        <time>2025-10-12T09:16:35Z</time>
      </trkpt>
      <trkpt lat="41.985976" lon="13.747512">
        <ele>1023.3</ele>
        <time>2025-10-12T09:16:37Z</time>
      </trkpt>
      <trkpt lat="41.985905" lon="13.74754">
        <ele>1024.3</ele>
        <time>2025-10-12T09:16:39Z</time>
      </trkpt>
      <trkpt lat="41.985837" lon="13.747582">
        <ele>1024.3</ele>
        <time>2025-10-12T09:16:41Z</time>
      </trkpt>
      <trkpt lat="41.985773" lon="13.747618">
        <ele>1024.4</ele>
        <time>2025-10-12T09:16:43Z</time>
      </trkpt>
      <trkpt lat="41.985711" lon="13.747655">
        <ele>1024.4</ele>
        <time>2025-10-12T09:16:45Z</time>
      </trkpt>
      <trkpt lat="41.985641" lon="13.747691">
        <ele>1024.3</ele>
        <time>2025-10-12T09:16:47Z</time>
      </trkpt>
      <trkpt lat="41.985586" lon="13.747732">
        <ele>1024.3</ele>
        <time>2025-10-12T09:16:49Z</time>
      </trkpt>
      <trkpt lat="41.985528" lon="13.747773">
        <ele>1024.3</ele>
        <time>2025-10-12T09:16:51Z</time>
      </trkpt>
      <trkpt lat="41.985467" lon="13.747814">
        <ele>1024.3</ele>
        <time>2025-10-12T09:16:53Z</time>
      </trkpt>
      <trkpt lat="41.985399" lon="13.74786">
        <ele>1024.4</ele>
        <time>2025-10-12T09:16:55Z</time>
      </trkpt>
      <trkpt lat="41.985339" lon="13.747912">
        <ele>1024.3</ele>
        <time>2025-10-12T09:16:57Z</time>
      </trkpt>
      <trkpt lat="41.985277" lon="13.747968">
        <ele>1024.3</ele>
        <time>2025-10-12T09:16:59Z</time>
      </trkpt>
      <trkpt lat="41.985211" lon="13.748014">
        <ele>1024.4</ele>
        <time>2025-10-12T09:17:01Z</time>
      </trkpt>
      <trkpt lat="41.985153" lon="13.748073">
        <ele>1025.3</ele>
        <time>2025-10-12T09:17:03Z</time>
      </trkpt>
      <trkpt lat="41.985089" lon="13.748138">
        <ele>1025.3</ele>
        <time>2025-10-12T09:17:05Z</time>
      </trkpt>
      <trkpt lat="41.985029" lon="13.748197">
        <ele>1025.4</ele>
        <time>2025-10-12T09:17:07Z</time>
      </trkpt>
      <trkpt lat="41.984968" lon="13.748262">
        <ele>1025.4</ele>
        <time>2025-10-12T09:17:09Z</time>
      </trkpt>
      <trkpt lat="41.984907" lon="13.748319">
        <ele>1025.4</ele>
        <time>2025-10-12T09:17:11Z</time>
      </trkpt>
      <trkpt lat="41.984846" lon="13.748368">
        <ele>1025.4</ele>
        <time>2025-10-12T09:17:13Z</time>
      </trkpt>
      <trkpt lat="41.984793" lon="13.748415">
        <ele>1025.4</ele>
        <time>2025-10-12T09:17:15Z</time>
      </trkpt>
      <trkpt lat="41.984734" lon="13.74845">
        <ele>1025.3</ele>
        <time>2025-10-12T09:17:17Z</time>
      </trkpt>
      <trkpt lat="41.984685" lon="13.748488">
        <ele>1025.3</ele>
        <time>2025-10-12T09:17:19Z</time>
      </trkpt>
      <trkpt lat="41.984633" lon="13.748518">
        <ele>1025.3</ele>
        <time>2025-10-12T09:17:21Z</time>
      </trkpt>
      <trkpt lat="41.984569" lon="13.748536">
        <ele>1025.3</ele>
        <time>2025-10-12T09:17:23Z</time>
      </trkpt>
      <trkpt lat="41.984506" lon="13.748548">
        <ele>1025.3</ele>
        <time>2025-10-12T09:17:25Z</time>
      </trkpt>
      <trkpt lat="41.984446" lon="13.748568">
        <ele>1024.9</ele>
        <time>2025-10-12T09:17:27Z</time>
      </trkpt>
      <trkpt lat="41.984382" lon="13.748568">
        <ele>1024.3</ele>
        <time>2025-10-12T09:17:29Z</time>
      </trkpt>
      <trkpt lat="41.98432" lon="13.748569">
        <ele>1023.9</ele>
        <time>2025-10-12T09:17:31Z</time>
      </trkpt>
      <trkpt lat="41.984247" lon="13.748581">
        <ele>1023.3</ele>
        <time>2025-10-12T09:17:33Z</time>
      </trkpt>
      <trkpt lat="41.984177" lon="13.748591">
        <ele>1023.4</ele>
        <time>2025-10-12T09:17:35Z</time>
      </trkpt>
      <trkpt lat="41.984112" lon="13.748611">
        <ele>1023.3</ele>
        <time>2025-10-12T09:17:37Z</time>
      </trkpt>
      <trkpt lat="41.984057" lon="13.748643">
        <ele>1023.9</ele>
        <time>2025-10-12T09:17:39Z</time>
      </trkpt>
      <trkpt lat="41.984" lon="13.748683">
        <ele>1024.4</ele>
        <time>2025-10-12T09:17:41Z</time>
      </trkpt>
      <trkpt lat="41.983949" lon="13.748723">
        <ele>1025.3</ele>
        <time>2025-10-12T09:17:43Z</time>
      </trkpt>
      <trkpt lat="41.9839" lon="13.748757">
        <ele>1025.4</ele>
        <time>2025-10-12T09:17:45Z</time>
      </trkpt>
      <trkpt lat="41.983854" lon="13.748798">
        <ele>1026.4</ele>
        <time>2025-10-12T09:17:47Z</time>
      </trkpt>
      <trkpt lat="41.983805" lon="13.748849">
        <ele>1026.4</ele>
        <time>2025-10-12T09:17:50Z</time>
      </trkpt>
      <trkpt lat="41.983768" lon="13.748888">
        <ele>1027.4</ele>
        <time>2025-10-12T09:17:52Z</time>
      </trkpt>
      <trkpt lat="41.983717" lon="13.748916">
        <ele>1027.3</ele>
        <time>2025-10-12T09:17:54Z</time>
      </trkpt>
      <trkpt lat="41.983659" lon="13.74896">
        <ele>1027.4</ele>
        <time>2025-10-12T09:17:56Z</time>
      </trkpt>
      <trkpt lat="41.98359" lon="13.749002">
        <ele>1027.3</ele>
        <time>2025-10-12T09:17:58Z</time>
      </trkpt>
      <trkpt lat="41.983533" lon="13.74904">
        <ele>1027.3</ele>
        <time>2025-10-12T09:18:00Z</time>
      </trkpt>
      <trkpt lat="41.983478" lon="13.749083">
        <ele>1027.3</ele>
        <time>2025-10-12T09:18:02Z</time>
      </trkpt>
      <trkpt lat="41.983418" lon="13.749129">
        <ele>1027.9</ele>
        <time>2025-10-12T09:18:04Z</time>
      </trkpt>
      <trkpt lat="41.983368" lon="13.749171">
        <ele>1028.4</ele>
        <time>2025-10-12T09:18:06Z</time>
      </trkpt>
      <trkpt lat="41.98332" lon="13.74921">
        <ele>1029.3</ele>
        <time>2025-10-12T09:18:08Z</time>
      </trkpt>
      <trkpt lat="41.983266" lon="13.749241">
        <ele>1029.8</ele>
        <time>2025-10-12T09:18:10Z</time>
      </trkpt>
      <trkpt lat="41.983218" lon="13.749277">
        <ele>1030.3</ele>
        <time>2025-10-12T09:18:12Z</time>
      </trkpt>
      <trkpt lat="41.983172" lon="13.749326">
        <ele>1030.4</ele>
        <time>2025-10-12T09:18:14Z</time>
      </trkpt>
      <trkpt lat="41.983126" lon="13.749364">
        <ele>1031.3</ele>
        <time>2025-10-12T09:18:16Z</time>
      </trkpt>
      <trkpt lat="41.983086" lon="13.749402">
        <ele>1031.3</ele>
        <time>2025-10-12T09:18:18Z</time>
      </trkpt>
      <trkpt lat="41.983045" lon="13.74943">
        <ele>1031.9</ele>
        <time>2025-10-12T09:18:20Z</time>
      </trkpt>
      <trkpt lat="41.983002" lon="13.749455">
        <ele>1032.4</ele>
        <time>2025-10-12T09:18:22Z</time>
      </trkpt>
      <trkpt lat="41.982948" lon="13.749501">
        <ele>1033.3</ele>
        <time>2025-10-12T09:18:25Z</time>
      </trkpt>
      <trkpt lat="41.982902" lon="13.749519">
        <ele>1034.4</ele>
        <time>2025-10-12T09:18:27Z</time>
      </trkpt>
      <trkpt lat="41.982851" lon="13.749537">
        <ele>1034.4</ele>
        <time>2025-10-12T09:18:29Z</time>
      </trkpt>
      <trkpt lat="41.982805" lon="13.74955">
        <ele>1034.4</ele>
        <time>2025-10-12T09:18:31Z</time>
      </trkpt>
      <trkpt lat="41.98276" lon="13.749552">
        <ele>1034.4</ele>
        <time>2025-10-12T09:18:33Z</time>
      </trkpt>
      <trkpt lat="41.982715" lon="13.749552">
        <ele>1034.4</ele>
        <time>2025-10-12T09:18:35Z</time>
      </trkpt>
      <trkpt lat="41.982646" lon="13.749561">
        <ele>1034.8</ele>
        <time>2025-10-12T09:18:38Z</time>
      </trkpt>
      <trkpt lat="41.982585" lon="13.749572">
        <ele>1035.3</ele>
        <time>2025-10-12T09:18:41Z</time>
      </trkpt>
      <trkpt lat="41.982525" lon="13.749572">
        <ele>1035.3</ele>
        <time>2025-10-12T09:18:44Z</time>
      </trkpt>
      <trkpt lat="41.982464" lon="13.749571">
        <ele>1035.4</ele>
        <time>2025-10-12T09:18:47Z</time>
      </trkpt>
      <trkpt lat="41.982418" lon="13.749568">
        <ele>1035.3</ele>
        <time>2025-10-12T09:18:49Z</time>
      </trkpt>
      <trkpt lat="41.982368" lon="13.749567">
        <ele>1035.3</ele>
        <time>2025-10-12T09:18:51Z</time>
      </trkpt>
      <trkpt lat="41.982304" lon="13.749573">
        <ele>1035.4</ele>
        <time>2025-10-12T09:18:54Z</time>
      </trkpt>
      <trkpt lat="41.982233" lon="13.749559">
        <ele>1036.4</ele>
        <time>2025-10-12T09:18:57Z</time>
      </trkpt>
      <trkpt lat="41.982177" lon="13.749563">
        <ele>1038.4</ele>
        <time>2025-10-12T09:18:59Z</time>
      </trkpt>
      <trkpt lat="41.982122" lon="13.74956">
        <ele>1038.3</ele>
        <time>2025-10-12T09:19:01Z</time>
      </trkpt>
      <trkpt lat="41.982078" lon="13.749574">
        <ele>1039.3</ele>
        <time>2025-10-12T09:19:03Z</time>
      </trkpt>
      <trkpt lat="41.982031" lon="13.749589">
        <ele>1039.3</ele>
        <time>2025-10-12T09:19:05Z</time>
      </trkpt>
      <trkpt lat="41.981983" lon="13.749606">
        <ele>1039.4</ele>
        <time>2025-10-12T09:19:07Z</time>
      </trkpt>
      <trkpt lat="41.981935" lon="13.749626">
        <ele>1040.4</ele>
        <time>2025-10-12T09:19:09Z</time>
      </trkpt>
      <trkpt lat="41.981868" lon="13.749653">
        <ele>1041.4</ele>
        <time>2025-10-12T09:19:12Z</time>
      </trkpt>
      <trkpt lat="41.98181" lon="13.74968">
        <ele>1041.4</ele>
        <time>2025-10-12T09:19:15Z</time>
      </trkpt>
      <trkpt lat="41.981746" lon="13.749698">
        <ele>1041.4</ele>
        <time>2025-10-12T09:19:18Z</time>
      </trkpt>
      <trkpt lat="41.981697" lon="13.74973">
        <ele>1042.4</ele>
        <time>2025-10-12T09:19:21Z</time>
      </trkpt>
      <trkpt lat="41.98164" lon="13.749755">
        <ele>1042.4</ele>
        <time>2025-10-12T09:19:24Z</time>
      </trkpt>
      <trkpt lat="41.98159" lon="13.749782">
        <ele>1043.3</ele>
        <time>2025-10-12T09:19:27Z</time>
      </trkpt>
      <trkpt lat="41.981543" lon="13.749814">
        <ele>1043.3</ele>
        <time>2025-10-12T09:19:30Z</time>
      </trkpt>
      <trkpt lat="41.981491" lon="13.74985">
        <ele>1044.3</ele>
        <time>2025-10-12T09:19:33Z</time>
      </trkpt>
      <trkpt lat="41.981433" lon="13.749905">
        <ele>1044.4</ele>
        <time>2025-10-12T09:19:36Z</time>
      </trkpt>
      <trkpt lat="41.981386" lon="13.749953">
        <ele>1045.3</ele>
        <time>2025-10-12T09:19:38Z</time>
      </trkpt>
      <trkpt lat="41.981347" lon="13.750003">
        <ele>1045.4</ele>
        <time>2025-10-12T09:19:40Z</time>
      </trkpt>
      <trkpt lat="41.981312" lon="13.750057">
        <ele>1046.3</ele>
        <time>2025-10-12T09:19:42Z</time>
      </trkpt>
      <trkpt lat="41.981279" lon="13.750115">
        <ele>1046.4</ele>
        <time>2025-10-12T09:19:44Z</time>
      </trkpt>
      <trkpt lat="41.981249" lon="13.750169">
        <ele>1046.4</ele>
        <time>2025-10-12T09:19:46Z</time>
      </trkpt>
      <trkpt lat="41.981214" lon="13.750217">
        <ele>1047.3</ele>
        <time>2025-10-12T09:19:48Z</time>
      </trkpt>
      <trkpt lat="41.981176" lon="13.750264">
        <ele>1048.4</ele>
        <time>2025-10-12T09:19:50Z</time>
      </trkpt>
      <trkpt lat="41.981141" lon="13.750308">
        <ele>1049.3</ele>
        <time>2025-10-12T09:19:52Z</time>
      </trkpt>
      <trkpt lat="41.981102" lon="13.750365">
        <ele>1049.4</ele>
        <time>2025-10-12T09:19:54Z</time>
      </trkpt>
      <trkpt lat="41.981058" lon="13.750413">
        <ele>1049.8</ele>
        <time>2025-10-12T09:19:56Z</time>
      </trkpt>
      <trkpt lat="41.981003" lon="13.750453">
        <ele>1050.3</ele>
        <time>2025-10-12T09:19:58Z</time>
      </trkpt>
      <trkpt lat="41.980949" lon="13.750498">
        <ele>1050.3</ele>
        <time>2025-10-12T09:20:00Z</time>
      </trkpt>
      <trkpt lat="41.980885" lon="13.750529">
        <ele>1050.9</ele>
        <time>2025-10-12T09:20:02Z</time>
      </trkpt>
      <trkpt lat="41.980822" lon="13.750548">
        <ele>1050.9</ele>
        <time>2025-10-12T09:20:04Z</time>
      </trkpt>
      <trkpt lat="41.980761" lon="13.750561">
        <ele>1050.3</ele>
        <time>2025-10-12T09:20:06Z</time>
      </trkpt>
      <trkpt lat="41.980695" lon="13.750575">
        <ele>1050.8</ele>
        <time>2025-10-12T09:20:08Z</time>
      </trkpt>
      <trkpt lat="41.980632" lon="13.750603">
        <ele>1051.4</ele>
        <time>2025-10-12T09:20:10Z</time>
      </trkpt>
      <trkpt lat="41.98056" lon="13.750614">
        <ele>1051.8</ele>
        <time>2025-10-12T09:20:12Z</time>
      </trkpt>
      <trkpt lat="41.980494" lon="13.750626">
        <ele>1052.8</ele>
        <time>2025-10-12T09:20:14Z</time>
      </trkpt>
      <trkpt lat="41.980439" lon="13.750648">
        <ele>1053.3</ele>
        <time>2025-10-12T09:20:16Z</time>
      </trkpt>
      <trkpt lat="41.980382" lon="13.75066">
        <ele>1053.3</ele>
        <time>2025-10-12T09:20:18Z</time>
      </trkpt>
      <trkpt lat="41.980317" lon="13.750674">
        <ele>1053.3</ele>
        <time>2025-10-12T09:20:21Z</time>
      </trkpt>
      <trkpt lat="41.980255" lon="13.750677">
        <ele>1054.4</ele>
        <time>2025-10-12T09:20:24Z</time>
      </trkpt>
      <trkpt lat="41.980201" lon="13.750689">
        <ele>1054.4</ele>
        <time>2025-10-12T09:20:27Z</time>
      </trkpt>
      <trkpt lat="41.980146" lon="13.750713">
        <ele>1054.3</ele>
        <time>2025-10-12T09:20:30Z</time>
      </trkpt>
      <trkpt lat="41.980098" lon="13.750753">
        <ele>1055.3</ele>
        <time>2025-10-12T09:20:34Z</time>
      </trkpt>
      <trkpt lat="41.980048" lon="13.750771">
        <ele>1055.4</ele>
        <time>2025-10-12T09:20:37Z</time>
      </trkpt>
      <trkpt lat="41.979991" lon="13.750775">
        <ele>1055.4</ele>
        <time>2025-10-12T09:20:40Z</time>
      </trkpt>
      <trkpt lat="41.979937" lon="13.75079">
        <ele>1055.8</ele>
        <time>2025-10-12T09:20:43Z</time>
      </trkpt>
      <trkpt lat="41.979898" lon="13.750839">
        <ele>1056.3</ele>
        <time>2025-10-12T09:20:46Z</time>
      </trkpt>
      <trkpt lat="41.979855" lon="13.750883">
        <ele>1056.4</ele>
        <time>2025-10-12T09:20:49Z</time>
      </trkpt>
      <trkpt lat="41.979809" lon="13.75093">
        <ele>1057.3</ele>
        <time>2025-10-12T09:20:52Z</time>
      </trkpt>
      <trkpt lat="41.97977" lon="13.750976">
        <ele>1058.8</ele>
        <time>2025-10-12T09:20:55Z</time>
      </trkpt>
      <trkpt lat="41.979725" lon="13.751028">
        <ele>1060.3</ele>
        <time>2025-10-12T09:20:58Z</time>
      </trkpt>
      <trkpt lat="41.979688" lon="13.751083">
        <ele>1060.4</ele>
        <time>2025-10-12T09:21:01Z</time>
      </trkpt>
      <trkpt lat="41.97966" lon="13.751135">
        <ele>1060.8</ele>
        <time>2025-10-12T09:21:04Z</time>
      </trkpt>
      <trkpt lat="41.979629" lon="13.75119">
        <ele>1061.4</ele>
        <time>2025-10-12T09:21:07Z</time>
      </trkpt>
      <trkpt lat="41.979595" lon="13.751249">
        <ele>1061.4</ele>
        <time>2025-10-12T09:21:10Z</time>
      </trkpt>
      <trkpt lat="41.979544" lon="13.751309">
        <ele>1062.8</ele>
        <time>2025-10-12T09:21:13Z</time>
      </trkpt>
      <trkpt lat="41.979499" lon="13.751363">
        <ele>1063.4</ele>
        <time>2025-10-12T09:21:16Z</time>
      </trkpt>
      <trkpt lat="41.979455" lon="13.751412">
        <ele>1063.4</ele>
        <time>2025-10-12T09:21:19Z</time>
      </trkpt>
      <trkpt lat="41.979421" lon="13.751469">
        <ele>1063.3</ele>
        <time>2025-10-12T09:21:22Z</time>
      </trkpt>
      <trkpt lat="41.979398" lon="13.751525">
        <ele>1064.4</ele>
        <time>2025-10-12T09:21:25Z</time>
      </trkpt>
      <trkpt lat="41.979371" lon="13.751574">
        <ele>1065.3</ele>
        <time>2025-10-12T09:21:28Z</time>
      </trkpt>
      <trkpt lat="41.979346" lon="13.751631">
        <ele>1065.3</ele>
        <time>2025-10-12T09:21:31Z</time>
      </trkpt>
      <trkpt lat="41.979317" lon="13.751699">
        <ele>1065.3</ele>
        <time>2025-10-12T09:21:34Z</time>
      </trkpt>
      <trkpt lat="41.979289" lon="13.751766">
        <ele>1066.3</ele>
        <time>2025-10-12T09:21:37Z</time>
      </trkpt>
      <trkpt lat="41.979257" lon="13.751811">
        <ele>1066.4</ele>
        <time>2025-10-12T09:21:40Z</time>
      </trkpt>
      <trkpt lat="41.979216" lon="13.751868">
        <ele>1068.4</ele>
        <time>2025-10-12T09:21:44Z</time>
      </trkpt>
      <trkpt lat="41.979175" lon="13.7519">
        <ele>1068.8</ele>
        <time>2025-10-12T09:21:47Z</time>
      </trkpt>
      <trkpt lat="41.979135" lon="13.75194">
        <ele>1069.9</ele>
        <time>2025-10-12T09:21:50Z</time>
      </trkpt>
      <trkpt lat="41.979096" lon="13.751973">
        <ele>1072.4</ele>
        <time>2025-10-12T09:21:53Z</time>
      </trkpt>
      <trkpt lat="41.979053" lon="13.752003">
        <ele>1073.3</ele>
        <time>2025-10-12T09:21:56Z</time>
      </trkpt>
      <trkpt lat="41.979006" lon="13.752002">
        <ele>1073.3</ele>
        <time>2025-10-12T09:21:59Z</time>
      </trkpt>
      <trkpt lat="41.978953" lon="13.752009">
        <ele>1074.4</ele>
        <time>2025-10-12T09:22:02Z</time>
      </trkpt>
      <trkpt lat="41.9789" lon="13.752022">
        <ele>1074.3</ele>
        <time>2025-10-12T09:22:05Z</time>
      </trkpt>
      <trkpt lat="41.978843" lon="13.752037">
        <ele>1072.8</ele>
        <time>2025-10-12T09:22:08Z</time>
      </trkpt>
      <trkpt lat="41.978792" lon="13.75206">
        <ele>1072.4</ele>
        <time>2025-10-12T09:22:13Z</time>
      </trkpt>
      <trkpt lat="41.978786" lon="13.752126">
        <ele>1073.4</ele>
        <time>2025-10-12T09:23:38Z</time>
      </trkpt>
      <trkpt lat="41.978729" lon="13.752162">
        <ele>1072.4</ele>
        <time>2025-10-12T09:23:51Z</time>
      </trkpt>
      <trkpt lat="41.978674" lon="13.752191">
        <ele>1072.4</ele>
        <time>2025-10-12T09:23:54Z</time>
      </trkpt>
      <trkpt lat="41.978629" lon="13.752204">
        <ele>1072.4</ele>
        <time>2025-10-12T09:23:57Z</time>
      </trkpt>
      <trkpt lat="41.978587" lon="13.752233">
        <ele>1072.3</ele>
        <time>2025-10-12T09:24:00Z</time>
      </trkpt>
      <trkpt lat="41.978523" lon="13.752265">
        <ele>1072.4</ele>
        <time>2025-10-12T09:24:03Z</time>
      </trkpt>
      <trkpt lat="41.978475" lon="13.752292">
        <ele>1072.3</ele>
        <time>2025-10-12T09:24:05Z</time>
      </trkpt>
      <trkpt lat="41.978429" lon="13.752311">
        <ele>1072.4</ele>
        <time>2025-10-12T09:24:07Z</time>
      </trkpt>
      <trkpt lat="41.978379" lon="13.752326">
        <ele>1072.3</ele>
        <time>2025-10-12T09:24:09Z</time>
      </trkpt>
      <trkpt lat="41.978334" lon="13.752351">
        <ele>1072.4</ele>
        <time>2025-10-12T09:24:11Z</time>
      </trkpt>
      <trkpt lat="41.978292" lon="13.75238">
        <ele>1072.4</ele>
        <time>2025-10-12T09:24:13Z</time>
      </trkpt>
      <trkpt lat="41.978252" lon="13.752414">
        <ele>1072.3</ele>
        <time>2025-10-12T09:24:15Z</time>
      </trkpt>
      <trkpt lat="41.978211" lon="13.752445">
        <ele>1073.3</ele>
        <time>2025-10-12T09:24:17Z</time>
      </trkpt>
      <trkpt lat="41.978168" lon="13.752481">
        <ele>1073.3</ele>
        <time>2025-10-12T09:24:19Z</time>
      </trkpt>
      <trkpt lat="41.978119" lon="13.752512">
        <ele>1073.4</ele>
        <time>2025-10-12T09:24:21Z</time>
      </trkpt>
      <trkpt lat="41.97807" lon="13.752542">
        <ele>1073.8</ele>
        <time>2025-10-12T09:24:23Z</time>
      </trkpt>
      <trkpt lat="41.978026" lon="13.75258">
        <ele>1074.3</ele>
        <time>2025-10-12T09:24:25Z</time>
      </trkpt>
      <trkpt lat="41.977974" lon="13.752615">
        <ele>1074.3</ele>
        <time>2025-10-12T09:24:27Z</time>
      </trkpt>
      <trkpt lat="41.977919" lon="13.752621">
        <ele>1073.4</ele>
        <time>2025-10-12T09:24:29Z</time>
      </trkpt>
      <trkpt lat="41.977871" lon="13.752636">
        <ele>1073.4</ele>
        <time>2025-10-12T09:24:31Z</time>
      </trkpt>
      <trkpt lat="41.977823" lon="13.752652">
        <ele>1073.4</ele>
        <time>2025-10-12T09:24:33Z</time>
      </trkpt>
      <trkpt lat="41.977777" lon="13.752674">
        <ele>1073.3</ele>
        <time>2025-10-12T09:24:35Z</time>
      </trkpt>
      <trkpt lat="41.977726" lon="13.752705">
        <ele>1073.4</ele>
        <time>2025-10-12T09:24:37Z</time>
      </trkpt>
      <trkpt lat="41.977674" lon="13.752744">
        <ele>1073.4</ele>
        <time>2025-10-12T09:24:39Z</time>
      </trkpt>
      <trkpt lat="41.977629" lon="13.752789">
        <ele>1073.4</ele>
        <time>2025-10-12T09:24:41Z</time>
      </trkpt>
      <trkpt lat="41.977586" lon="13.752832">
        <ele>1074.4</ele>
        <time>2025-10-12T09:24:43Z</time>
      </trkpt>
      <trkpt lat="41.97754" lon="13.752874">
        <ele>1074.4</ele>
        <time>2025-10-12T09:24:45Z</time>
      </trkpt>
      <trkpt lat="41.977503" lon="13.75293">
        <ele>1074.4</ele>
        <time>2025-10-12T09:24:47Z</time>
      </trkpt>
      <trkpt lat="41.977476" lon="13.752983">
        <ele>1074.3</ele>
        <time>2025-10-12T09:24:49Z</time>
      </trkpt>
      <trkpt lat="41.97744" lon="13.75303">
        <ele>1074.4</ele>
        <time>2025-10-12T09:24:51Z</time>
      </trkpt>
      <trkpt lat="41.977406" lon="13.753072">
        <ele>1074.3</ele>
        <time>2025-10-12T09:24:53Z</time>
      </trkpt>
      <trkpt lat="41.977379" lon="13.753123">
        <ele>1074.9</ele>
        <time>2025-10-12T09:24:55Z</time>
      </trkpt>
      <trkpt lat="41.977351" lon="13.753182">
        <ele>1075.3</ele>
        <time>2025-10-12T09:24:57Z</time>
      </trkpt>
      <trkpt lat="41.977322" lon="13.75324">
        <ele>1076.4</ele>
        <time>2025-10-12T09:24:59Z</time>
      </trkpt>
      <trkpt lat="41.977308" lon="13.753305">
        <ele>1076.3</ele>
        <time>2025-10-12T09:25:01Z</time>
      </trkpt>
      <trkpt lat="41.977303" lon="13.753378">
        <ele>1076.3</ele>
        <time>2025-10-12T09:25:03Z</time>
      </trkpt>
      <trkpt lat="41.977288" lon="13.753437">
        <ele>1077.3</ele>
        <time>2025-10-12T09:25:05Z</time>
      </trkpt>
      <trkpt lat="41.977252" lon="13.753506">
        <ele>1078.4</ele>
        <time>2025-10-12T09:25:08Z</time>
      </trkpt>
      <trkpt lat="41.97723" lon="13.753571">
        <ele>1078.8</ele>
        <time>2025-10-12T09:25:11Z</time>
      </trkpt>
      <trkpt lat="41.977208" lon="13.753645">
        <ele>1079.4</ele>
        <time>2025-10-12T09:25:14Z</time>
      </trkpt>
      <trkpt lat="41.977193" lon="13.75371">
        <ele>1079.4</ele>
        <time>2025-10-12T09:25:17Z</time>
      </trkpt>
      <trkpt lat="41.977168" lon="13.75377">
        <ele>1079.4</ele>
        <time>2025-10-12T09:25:20Z</time>
      </trkpt>
      <trkpt lat="41.977148" lon="13.753841">
        <ele>1079.8</ele>
        <time>2025-10-12T09:25:22Z</time>
      </trkpt>
      <trkpt lat="41.977122" lon="13.753917">
        <ele>1080.3</ele>
        <time>2025-10-12T09:25:24Z</time>
      </trkpt>
      <trkpt lat="41.977086" lon="13.753983">
        <ele>1080.4</ele>
        <time>2025-10-12T09:25:26Z</time>
      </trkpt>
      <trkpt lat="41.977041" lon="13.754049">
        <ele>1080.4</ele>
        <time>2025-10-12T09:25:28Z</time>
      </trkpt>
      <trkpt lat="41.976991" lon="13.754113">
        <ele>1081.3</ele>
        <time>2025-10-12T09:25:30Z</time>
      </trkpt>
      <trkpt lat="41.976926" lon="13.754196">
        <ele>1081.4</ele>
        <time>2025-10-12T09:25:32Z</time>
      </trkpt>
      <trkpt lat="41.976865" lon="13.754281">
        <ele>1080.3</ele>
        <time>2025-10-12T09:25:34Z</time>
      </trkpt>
      <trkpt lat="41.97683" lon="13.75434">
        <ele>1079.4</ele>
        <time>2025-10-12T09:25:35Z</time>
      </trkpt>
      <trkpt lat="41.976792" lon="13.754389">
        <ele>1079.4</ele>
        <time>2025-10-12T09:25:36Z</time>
      </trkpt>
      <trkpt lat="41.976757" lon="13.754433">
        <ele>1079.4</ele>
        <time>2025-10-12T09:25:37Z</time>
      </trkpt>
      <trkpt lat="41.976724" lon="13.754476">
        <ele>1079.3</ele>
        <time>2025-10-12T09:25:38Z</time>
      </trkpt>
      <trkpt lat="41.976686" lon="13.754524">
        <ele>1079.3</ele>
        <time>2025-10-12T09:25:39Z</time>
      </trkpt>
      <trkpt lat="41.976652" lon="13.754568">
        <ele>1079.3</ele>
        <time>2025-10-12T09:25:40Z</time>
      </trkpt>
      <trkpt lat="41.976622" lon="13.754617">
        <ele>1079.3</ele>
        <time>2025-10-12T09:25:41Z</time>
      </trkpt>
      <trkpt lat="41.97659" lon="13.754664">
        <ele>1079.4</ele>
        <time>2025-10-12T09:25:42Z</time>
      </trkpt>
      <trkpt lat="41.976533" lon="13.754757">
        <ele>1079.3</ele>
        <time>2025-10-12T09:25:44Z</time>
      </trkpt>
      <trkpt lat="41.976508" lon="13.75481">
        <ele>1079.4</ele>
        <time>2025-10-12T09:25:45Z</time>
      </trkpt>
      <trkpt lat="41.976471" lon="13.754891">
        <ele>1079.3</ele>
        <time>2025-10-12T09:25:47Z</time>
      </trkpt>
      <trkpt lat="41.976446" lon="13.754989">
        <ele>1079.3</ele>
        <time>2025-10-12T09:25:49Z</time>
      </trkpt>
      <trkpt lat="41.976416" lon="13.755083">
        <ele>1078.4</ele>
        <time>2025-10-12T09:25:51Z</time>
      </trkpt>
      <trkpt lat="41.976368" lon="13.755146">
        <ele>1077.4</ele>
        <time>2025-10-12T09:25:53Z</time>
      </trkpt>
      <trkpt lat="41.976311" lon="13.755194">
        <ele>1076.3</ele>
        <time>2025-10-12T09:25:55Z</time>
      </trkpt>
      <trkpt lat="41.976243" lon="13.755249">
        <ele>1075.3</ele>
        <time>2025-10-12T09:25:57Z</time>
      </trkpt>
      <trkpt lat="41.976161" lon="13.75531">
        <ele>1074.9</ele>
        <time>2025-10-12T09:25:59Z</time>
      </trkpt>
      <trkpt lat="41.976081" lon="13.755344">
        <ele>1074.4</ele>
        <time>2025-10-12T09:26:01Z</time>
      </trkpt>
      <trkpt lat="41.976003" lon="13.755346">
        <ele>1074.4</ele>
        <time>2025-10-12T09:26:03Z</time>
      </trkpt>
      <trkpt lat="41.975906" lon="13.755328">
        <ele>1074.4</ele>
        <time>2025-10-12T09:26:05Z</time>
      </trkpt>
      <trkpt lat="41.975859" lon="13.755323">
        <ele>1073.3</ele>
        <time>2025-10-12T09:26:06Z</time>
      </trkpt>
      <trkpt lat="41.975804" lon="13.755313">
        <ele>1073.3</ele>
        <time>2025-10-12T09:26:07Z</time>
      </trkpt>
      <trkpt lat="41.975753" lon="13.75531">
        <ele>1073.4</ele>
        <time>2025-10-12T09:26:08Z</time>
      </trkpt>
      <trkpt lat="41.975704" lon="13.7553">
        <ele>1073.3</ele>
        <time>2025-10-12T09:26:09Z</time>
      </trkpt>
      <trkpt lat="41.975656" lon="13.755283">
        <ele>1074.4</ele>
        <time>2025-10-12T09:26:10Z</time>
      </trkpt>
      <trkpt lat="41.975612" lon="13.755268">
        <ele>1074.4</ele>
        <time>2025-10-12T09:26:11Z</time>
      </trkpt>
      <trkpt lat="41.975568" lon="13.755253">
        <ele>1074.4</ele>
        <time>2025-10-12T09:26:12Z</time>
      </trkpt>
      <trkpt lat="41.975522" lon="13.755239">
        <ele>1074.4</ele>
        <time>2025-10-12T09:26:13Z</time>
      </trkpt>
      <trkpt lat="41.975475" lon="13.755223">
        <ele>1074.4</ele>
        <time>2025-10-12T09:26:14Z</time>
      </trkpt>
      <trkpt lat="41.975428" lon="13.755204">
        <ele>1074.3</ele>
        <time>2025-10-12T09:26:15Z</time>
      </trkpt>
      <trkpt lat="41.975381" lon="13.75518">
        <ele>1074.3</ele>
        <time>2025-10-12T09:26:16Z</time>
      </trkpt>
      <trkpt lat="41.975331" lon="13.755157">
        <ele>1074.4</ele>
        <time>2025-10-12T09:26:17Z</time>
      </trkpt>
      <trkpt lat="41.975284" lon="13.755139">
        <ele>1073.8</ele>
        <time>2025-10-12T09:26:18Z</time>
      </trkpt>
      <trkpt lat="41.975235" lon="13.75512">
        <ele>1073.3</ele>
        <time>2025-10-12T09:26:19Z</time>
      </trkpt>
      <trkpt lat="41.975179" lon="13.755106">
        <ele>1073.4</ele>
        <time>2025-10-12T09:26:20Z</time>
      </trkpt>
      <trkpt lat="41.97512" lon="13.755087">
        <ele>1073.4</ele>
        <time>2025-10-12T09:26:21Z</time>
      </trkpt>
      <trkpt lat="41.975059" lon="13.755078">
        <ele>1073.4</ele>
        <time>2025-10-12T09:26:22Z</time>
      </trkpt>
      <trkpt lat="41.974991" lon="13.755071">
        <ele>1072.4</ele>
        <time>2025-10-12T09:26:23Z</time>
      </trkpt>
      <trkpt lat="41.974916" lon="13.755072">
        <ele>1072.3</ele>
        <time>2025-10-12T09:26:24Z</time>
      </trkpt>
      <trkpt lat="41.974849" lon="13.755073">
        <ele>1072.4</ele>
        <time>2025-10-12T09:26:25Z</time>
      </trkpt>
      <trkpt lat="41.97479" lon="13.755077">
        <ele>1071.3</ele>
        <time>2025-10-12T09:26:26Z</time>
      </trkpt>
      <trkpt lat="41.974734" lon="13.75508">
        <ele>1071.3</ele>
        <time>2025-10-12T09:26:27Z</time>
      </trkpt>
      <trkpt lat="41.974681" lon="13.755081">
        <ele>1071.4</ele>
        <time>2025-10-12T09:26:28Z</time>
      </trkpt>
      <trkpt lat="41.97463" lon="13.75509">
        <ele>1070.4</ele>
        <time>2025-10-12T09:26:29Z</time>
      </trkpt>
      <trkpt lat="41.974577" lon="13.755102">
        <ele>1070.3</ele>
        <time>2025-10-12T09:26:30Z</time>
      </trkpt>
      <trkpt lat="41.974531" lon="13.755114">
        <ele>1070.4</ele>
        <time>2025-10-12T09:26:31Z</time>
      </trkpt>
      <trkpt lat="41.974486" lon="13.755132">
        <ele>1070.3</ele>
        <time>2025-10-12T09:26:32Z</time>
      </trkpt>
      <trkpt lat="41.97444" lon="13.755149">
        <ele>1070.3</ele>
        <time>2025-10-12T09:26:33Z</time>
      </trkpt>
      <trkpt lat="41.97439" lon="13.755163">
        <ele>1070.3</ele>
        <time>2025-10-12T09:26:34Z</time>
      </trkpt>
      <trkpt lat="41.974338" lon="13.755173">
        <ele>1070.4</ele>
        <time>2025-10-12T09:26:35Z</time>
      </trkpt>
      <trkpt lat="41.974278" lon="13.755185">
        <ele>1070.4</ele>
        <time>2025-10-12T09:26:36Z</time>
      </trkpt>
      <trkpt lat="41.974227" lon="13.755198">
        <ele>1069.8</ele>
        <time>2025-10-12T09:26:37Z</time>
      </trkpt>
      <trkpt lat="41.974174" lon="13.755208">
        <ele>1068.9</ele>
        <time>2025-10-12T09:26:38Z</time>
      </trkpt>
      <trkpt lat="41.974121" lon="13.755211">
        <ele>1068.3</ele>
        <time>2025-10-12T09:26:39Z</time>
      </trkpt>
      <trkpt lat="41.974027" lon="13.755199">
        <ele>1067.3</ele>
        <time>2025-10-12T09:26:41Z</time>
      </trkpt>
      <trkpt lat="41.973975" lon="13.755187">
        <ele>1067.3</ele>
        <time>2025-10-12T09:26:42Z</time>
      </trkpt>
      <trkpt lat="41.973922" lon="13.755171">
        <ele>1067.4</ele>
        <time>2025-10-12T09:26:43Z</time>
      </trkpt>
      <trkpt lat="41.973877" lon="13.755157">
        <ele>1067.4</ele>
        <time>2025-10-12T09:26:44Z</time>
      </trkpt>
      <trkpt lat="41.973795" lon="13.755135">
        <ele>1065.4</ele>
        <time>2025-10-12T09:26:46Z</time>
      </trkpt>
      <trkpt lat="41.973712" lon="13.755106">
        <ele>1065.4</ele>
        <time>2025-10-12T09:26:48Z</time>
      </trkpt>
      <trkpt lat="41.973632" lon="13.755076">
        <ele>1065.4</ele>
        <time>2025-10-12T09:26:50Z</time>
      </trkpt>
      <trkpt lat="41.973552" lon="13.75505">
        <ele>1064.3</ele>
        <time>2025-10-12T09:26:52Z</time>
      </trkpt>
      <trkpt lat="41.973507" lon="13.755038">
        <ele>1064.3</ele>
        <time>2025-10-12T09:26:53Z</time>
      </trkpt>
      <trkpt lat="41.973451" lon="13.755019">
        <ele>1064.3</ele>
        <time>2025-10-12T09:26:54Z</time>
      </trkpt>
      <trkpt lat="41.973396" lon="13.755002">
        <ele>1064.4</ele>
        <time>2025-10-12T09:26:55Z</time>
      </trkpt>
      <trkpt lat="41.973343" lon="13.754981">
        <ele>1063.3</ele>
        <time>2025-10-12T09:26:56Z</time>
      </trkpt>
      <trkpt lat="41.97328" lon="13.754968">
        <ele>1063.3</ele>
        <time>2025-10-12T09:26:57Z</time>
      </trkpt>
      <trkpt lat="41.973219" lon="13.754969">
        <ele>1063.3</ele>
        <time>2025-10-12T09:26:58Z</time>
      </trkpt>
      <trkpt lat="41.973158" lon="13.754969">
        <ele>1062.4</ele>
        <time>2025-10-12T09:26:59Z</time>
      </trkpt>
      <trkpt lat="41.973095" lon="13.754965">
        <ele>1062.3</ele>
        <time>2025-10-12T09:27:00Z</time>
      </trkpt>
      <trkpt lat="41.973039" lon="13.754959">
        <ele>1061.3</ele>
        <time>2025-10-12T09:27:01Z</time>
      </trkpt>
      <trkpt lat="41.972983" lon="13.754961">
        <ele>1061.3</ele>
        <time>2025-10-12T09:27:02Z</time>
      </trkpt>
      <trkpt lat="41.972927" lon="13.754962">
        <ele>1061.3</ele>
        <time>2025-10-12T09:27:03Z</time>
      </trkpt>
      <trkpt lat="41.972866" lon="13.754964">
        <ele>1061.3</ele>
        <time>2025-10-12T09:27:04Z</time>
      </trkpt>
      <trkpt lat="41.972804" lon="13.754958">
        <ele>1060.4</ele>
        <time>2025-10-12T09:27:05Z</time>
      </trkpt>
      <trkpt lat="41.97274" lon="13.754947">
        <ele>1060.4</ele>
        <time>2025-10-12T09:27:06Z</time>
      </trkpt>
      <trkpt lat="41.972674" lon="13.75494">
        <ele>1059.4</ele>
        <time>2025-10-12T09:27:07Z</time>
      </trkpt>
      <trkpt lat="41.972616" lon="13.754942">
        <ele>1059.4</ele>
        <time>2025-10-12T09:27:08Z</time>
      </trkpt>
      <trkpt lat="41.972556" lon="13.754942">
        <ele>1058.3</ele>
        <time>2025-10-12T09:27:09Z</time>
      </trkpt>
      <trkpt lat="41.972499" lon="13.754947">
        <ele>1058.3</ele>
        <time>2025-10-12T09:27:10Z</time>
      </trkpt>
      <trkpt lat="41.97244" lon="13.754954">
        <ele>1057.4</ele>
        <time>2025-10-12T09:27:11Z</time>
      </trkpt>
      <trkpt lat="41.972384" lon="13.75496">
        <ele>1057.4</ele>
        <time>2025-10-12T09:27:12Z</time>
      </trkpt>
      <trkpt lat="41.97233" lon="13.754962">
        <ele>1056.3</ele>
        <time>2025-10-12T09:27:13Z</time>
      </trkpt>
      <trkpt lat="41.972281" lon="13.754965">
        <ele>1056.3</ele>
        <time>2025-10-12T09:27:14Z</time>
      </trkpt>
      <trkpt lat="41.972233" lon="13.754962">
        <ele>1056.3</ele>
        <time>2025-10-12T09:27:15Z</time>
      </trkpt>
      <trkpt lat="41.972186" lon="13.754957">
        <ele>1055.9</ele>
        <time>2025-10-12T09:27:16Z</time>
      </trkpt>
      <trkpt lat="41.972141" lon="13.754957">
        <ele>1055.4</ele>
        <time>2025-10-12T09:27:17Z</time>
      </trkpt>
      <trkpt lat="41.972057" lon="13.754947">
        <ele>1055.3</ele>
        <time>2025-10-12T09:27:19Z</time>
      </trkpt>
      <trkpt lat="41.971978" lon="13.754942">
        <ele>1054.9</ele>
        <time>2025-10-12T09:27:21Z</time>
      </trkpt>
      <trkpt lat="41.971896" lon="13.754953">
        <ele>1054.3</ele>
        <time>2025-10-12T09:27:23Z</time>
      </trkpt>
      <trkpt lat="41.971832" lon="13.754967">
        <ele>1054.3</ele>
        <time>2025-10-12T09:27:25Z</time>
      </trkpt>
      <trkpt lat="41.971765" lon="13.754969">
        <ele>1054.3</ele>
        <time>2025-10-12T09:27:27Z</time>
      </trkpt>
      <trkpt lat="41.971706" lon="13.754958">
        <ele>1054.3</ele>
        <time>2025-10-12T09:27:29Z</time>
      </trkpt>
      <trkpt lat="41.971656" lon="13.754955">
        <ele>1054.3</ele>
        <time>2025-10-12T09:27:31Z</time>
      </trkpt>
      <trkpt lat="41.97159" lon="13.754948">
        <ele>1054.4</ele>
        <time>2025-10-12T09:27:34Z</time>
      </trkpt>
      <trkpt lat="41.971543" lon="13.754957">
        <ele>1054.3</ele>
        <time>2025-10-12T09:27:36Z</time>
      </trkpt>
      <trkpt lat="41.971488" lon="13.754948">
        <ele>1053.3</ele>
        <time>2025-10-12T09:27:39Z</time>
      </trkpt>
      <trkpt lat="41.971433" lon="13.754939">
        <ele>1053.3</ele>
        <time>2025-10-12T09:27:42Z</time>
      </trkpt>
      <trkpt lat="41.971373" lon="13.754938">
        <ele>1052.3</ele>
        <time>2025-10-12T09:27:45Z</time>
      </trkpt>
      <trkpt lat="41.971306" lon="13.754925">
        <ele>1052.3</ele>
        <time>2025-10-12T09:27:48Z</time>
      </trkpt>
      <trkpt lat="41.971255" lon="13.754914">
        <ele>1052.4</ele>
        <time>2025-10-12T09:27:50Z</time>
      </trkpt>
      <trkpt lat="41.971188" lon="13.754903">
        <ele>1053.3</ele>
        <time>2025-10-12T09:27:54Z</time>
      </trkpt>
      <trkpt lat="41.971141" lon="13.754898">
        <ele>1053.3</ele>
        <time>2025-10-12T09:27:56Z</time>
      </trkpt>
      <trkpt lat="41.971074" lon="13.754885">
        <ele>1053.3</ele>
        <time>2025-10-12T09:27:59Z</time>
      </trkpt>
      <trkpt lat="41.971018" lon="13.754879">
        <ele>1053.4</ele>
        <time>2025-10-12T09:28:01Z</time>
      </trkpt>
      <trkpt lat="41.970963" lon="13.754871">
        <ele>1053.3</ele>
        <time>2025-10-12T09:28:03Z</time>
      </trkpt>
      <trkpt lat="41.970908" lon="13.754856">
        <ele>1053.4</ele>
        <time>2025-10-12T09:28:05Z</time>
      </trkpt>
      <trkpt lat="41.970841" lon="13.754839">
        <ele>1053.4</ele>
        <time>2025-10-12T09:28:08Z</time>
      </trkpt>
      <trkpt lat="41.970777" lon="13.754828">
        <ele>1053.4</ele>
        <time>2025-10-12T09:28:11Z</time>
      </trkpt>
      <trkpt lat="41.970708" lon="13.754812">
        <ele>1053.3</ele>
        <time>2025-10-12T09:28:14Z</time>
      </trkpt>
      <trkpt lat="41.97065" lon="13.754797">
        <ele>1053.4</ele>
        <time>2025-10-12T09:28:16Z</time>
      </trkpt>
      <trkpt lat="41.970591" lon="13.754791">
        <ele>1053.4</ele>
        <time>2025-10-12T09:28:18Z</time>
      </trkpt>
      <trkpt lat="41.970526" lon="13.754779">
        <ele>1053.4</ele>
        <time>2025-10-12T09:28:20Z</time>
      </trkpt>
      <trkpt lat="41.970457" lon="13.754768">
        <ele>1054.4</ele>
        <time>2025-10-12T09:28:22Z</time>
      </trkpt>
      <trkpt lat="41.970376" lon="13.754768">
        <ele>1054.4</ele>
        <time>2025-10-12T09:28:24Z</time>
      </trkpt>
      <trkpt lat="41.970323" lon="13.754777">
        <ele>1054.3</ele>
        <time>2025-10-12T09:28:25Z</time>
      </trkpt>
      <trkpt lat="41.970264" lon="13.754787">
        <ele>1054.4</ele>
        <time>2025-10-12T09:28:26Z</time>
      </trkpt>
      <trkpt lat="41.970205" lon="13.754794">
        <ele>1056.4</ele>
        <time>2025-10-12T09:28:27Z</time>
      </trkpt>
      <trkpt lat="41.970152" lon="13.754805">
        <ele>1056.4</ele>
        <time>2025-10-12T09:28:28Z</time>
      </trkpt>
      <trkpt lat="41.970099" lon="13.754818">
        <ele>1057.4</ele>
        <time>2025-10-12T09:28:29Z</time>
      </trkpt>
      <trkpt lat="41.970041" lon="13.754832">
        <ele>1057.3</ele>
        <time>2025-10-12T09:28:30Z</time>
      </trkpt>
      <trkpt lat="41.969991" lon="13.75485">
        <ele>1057.4</ele>
        <time>2025-10-12T09:28:31Z</time>
      </trkpt>
      <trkpt lat="41.969946" lon="13.754865">
        <ele>1058.3</ele>
        <time>2025-10-12T09:28:32Z</time>
      </trkpt>
      <trkpt lat="41.969886" lon="13.754872">
        <ele>1057.8</ele>
        <time>2025-10-12T09:28:33Z</time>
      </trkpt>
      <trkpt lat="41.969831" lon="13.754878">
        <ele>1058.3</ele>
        <time>2025-10-12T09:28:34Z</time>
      </trkpt>
      <trkpt lat="41.969779" lon="13.754884">
        <ele>1058.4</ele>
        <time>2025-10-12T09:28:35Z</time>
      </trkpt>
      <trkpt lat="41.969715" lon="13.754881">
        <ele>1057.8</ele>
        <time>2025-10-12T09:28:36Z</time>
      </trkpt>
      <trkpt lat="41.969649" lon="13.754881">
        <ele>1057.3</ele>
        <time>2025-10-12T09:28:37Z</time>
      </trkpt>
      <trkpt lat="41.9696" lon="13.754883">
        <ele>1057.4</ele>
        <time>2025-10-12T09:28:38Z</time>
      </trkpt>
      <trkpt lat="41.969549" lon="13.754873">
        <ele>1057.4</ele>
        <time>2025-10-12T09:28:39Z</time>
      </trkpt>
      <trkpt lat="41.96949" lon="13.754851">
        <ele>1057.4</ele>
        <time>2025-10-12T09:28:40Z</time>
      </trkpt>
      <trkpt lat="41.969433" lon="13.754815">
        <ele>1057.3</ele>
        <time>2025-10-12T09:28:41Z</time>
      </trkpt>
      <trkpt lat="41.969383" lon="13.754772">
        <ele>1057.3</ele>
        <time>2025-10-12T09:28:42Z</time>
      </trkpt>
      <trkpt lat="41.969328" lon="13.754731">
        <ele>1056.3</ele>
        <time>2025-10-12T09:28:43Z</time>
      </trkpt>
      <trkpt lat="41.969276" lon="13.754687">
        <ele>1056.4</ele>
        <time>2025-10-12T09:28:44Z</time>
      </trkpt>
      <trkpt lat="41.969227" lon="13.754645">
        <ele>1056.3</ele>
        <time>2025-10-12T09:28:45Z</time>
      </trkpt>
      <trkpt lat="41.969183" lon="13.7546">
        <ele>1056.4</ele>
        <time>2025-10-12T09:28:46Z</time>
      </trkpt>
      <trkpt lat="41.969142" lon="13.754562">
        <ele>1056.4</ele>
        <time>2025-10-12T09:28:47Z</time>
      </trkpt>
      <trkpt lat="41.969102" lon="13.754531">
        <ele>1056.3</ele>
        <time>2025-10-12T09:28:48Z</time>
      </trkpt>
      <trkpt lat="41.969028" lon="13.754488">
        <ele>1055.4</ele>
        <time>2025-10-12T09:28:50Z</time>
      </trkpt>
      <trkpt lat="41.968959" lon="13.754432">
        <ele>1054.3</ele>
        <time>2025-10-12T09:28:52Z</time>
      </trkpt>
      <trkpt lat="41.968875" lon="13.7544">
        <ele>1053.4</ele>
        <time>2025-10-12T09:28:54Z</time>
      </trkpt>
      <trkpt lat="41.968829" lon="13.754379">
        <ele>1053.4</ele>
        <time>2025-10-12T09:28:55Z</time>
      </trkpt>
      <trkpt lat="41.968764" lon="13.754329">
        <ele>1053.4</ele>
        <time>2025-10-12T09:28:57Z</time>
      </trkpt>
      <trkpt lat="41.968694" lon="13.754283">
        <ele>1053.3</ele>
        <time>2025-10-12T09:28:59Z</time>
      </trkpt>
      <trkpt lat="41.968626" lon="13.754235">
        <ele>1053.3</ele>
        <time>2025-10-12T09:29:01Z</time>
      </trkpt>
      <trkpt lat="41.968572" lon="13.754165">
        <ele>1052.8</ele>
        <time>2025-10-12T09:29:03Z</time>
      </trkpt>
      <trkpt lat="41.968534" lon="13.754089">
        <ele>1052.3</ele>
        <time>2025-10-12T09:29:05Z</time>
      </trkpt>
      <trkpt lat="41.968494" lon="13.754024">
        <ele>1052.3</ele>
        <time>2025-10-12T09:29:07Z</time>
      </trkpt>
      <trkpt lat="41.968448" lon="13.753975">
        <ele>1052.4</ele>
        <time>2025-10-12T09:29:09Z</time>
      </trkpt>
      <trkpt lat="41.968395" lon="13.75393">
        <ele>1052.4</ele>
        <time>2025-10-12T09:29:11Z</time>
      </trkpt>
      <trkpt lat="41.968339" lon="13.75392">
        <ele>1052.3</ele>
        <time>2025-10-12T09:29:13Z</time>
      </trkpt>
      <trkpt lat="41.968288" lon="13.753943">
        <ele>1052.4</ele>
        <time>2025-10-12T09:29:15Z</time>
      </trkpt>
      <trkpt lat="41.96823" lon="13.753976">
        <ele>1052.4</ele>
        <time>2025-10-12T09:29:17Z</time>
      </trkpt>
      <trkpt lat="41.968142" lon="13.754024">
        <ele>1052.3</ele>
        <time>2025-10-12T09:29:19Z</time>
      </trkpt>
      <trkpt lat="41.968096" lon="13.754043">
        <ele>1052.4</ele>
        <time>2025-10-12T09:29:20Z</time>
      </trkpt>
      <trkpt lat="41.968048" lon="13.754067">
        <ele>1052.3</ele>
        <time>2025-10-12T09:29:21Z</time>
      </trkpt>
      <trkpt lat="41.967993" lon="13.754089">
        <ele>1053.3</ele>
        <time>2025-10-12T09:29:22Z</time>
      </trkpt>
      <trkpt lat="41.967943" lon="13.754108">
        <ele>1053.4</ele>
        <time>2025-10-12T09:29:23Z</time>
      </trkpt>
      <trkpt lat="41.967887" lon="13.754127">
        <ele>1053.4</ele>
        <time>2025-10-12T09:29:24Z</time>
      </trkpt>
      <trkpt lat="41.96783" lon="13.75414">
        <ele>1053.3</ele>
        <time>2025-10-12T09:29:25Z</time>
      </trkpt>
      <trkpt lat="41.967774" lon="13.754152">
        <ele>1053.3</ele>
        <time>2025-10-12T09:29:26Z</time>
      </trkpt>
      <trkpt lat="41.967724" lon="13.754152">
        <ele>1053.4</ele>
        <time>2025-10-12T09:29:27Z</time>
      </trkpt>
      <trkpt lat="41.967648" lon="13.754148">
        <ele>1053.4</ele>
        <time>2025-10-12T09:29:29Z</time>
      </trkpt>
      <trkpt lat="41.96758" lon="13.754136">
        <ele>1053.4</ele>
        <time>2025-10-12T09:29:31Z</time>
      </trkpt>
      <trkpt lat="41.967495" lon="13.754143">
        <ele>1052.9</ele>
        <time>2025-10-12T09:29:33Z</time>
      </trkpt>
      <trkpt lat="41.967447" lon="13.754152">
        <ele>1052.4</ele>
        <time>2025-10-12T09:29:34Z</time>
      </trkpt>
      <trkpt lat="41.9674" lon="13.754155">
        <ele>1052.3</ele>
        <time>2025-10-12T09:29:35Z</time>
      </trkpt>
      <trkpt lat="41.967321" lon="13.754161">
        <ele>1052.4</ele>
        <time>2025-10-12T09:29:37Z</time>
      </trkpt>
      <trkpt lat="41.967236" lon="13.754174">
        <ele>1052.4</ele>
        <time>2025-10-12T09:29:39Z</time>
      </trkpt>
      <trkpt lat="41.967167" lon="13.754184">
        <ele>1051.3</ele>
        <time>2025-10-12T09:29:41Z</time>
      </trkpt>
      <trkpt lat="41.967097" lon="13.7542">
        <ele>1050.8</ele>
        <time>2025-10-12T09:29:43Z</time>
      </trkpt>
      <trkpt lat="41.967036" lon="13.754216">
        <ele>1050.8</ele>
        <time>2025-10-12T09:29:45Z</time>
      </trkpt>
      <trkpt lat="41.966985" lon="13.754227">
        <ele>1051.4</ele>
        <time>2025-10-12T09:29:47Z</time>
      </trkpt>
      <trkpt lat="41.96692" lon="13.75424">
        <ele>1050.3</ele>
        <time>2025-10-12T09:29:50Z</time>
      </trkpt>
      <trkpt lat="41.966872" lon="13.754258">
        <ele>1050.3</ele>
        <time>2025-10-12T09:29:53Z</time>
      </trkpt>
      <trkpt lat="41.966828" lon="13.754291">
        <ele>1050.3</ele>
        <time>2025-10-12T09:29:56Z</time>
      </trkpt>
      <trkpt lat="41.966786" lon="13.754322">
        <ele>1050.4</ele>
        <time>2025-10-12T09:29:59Z</time>
      </trkpt>
      <trkpt lat="41.966741" lon="13.754349">
        <ele>1051.4</ele>
        <time>2025-10-12T09:30:02Z</time>
      </trkpt>
      <trkpt lat="41.96668" lon="13.754361">
        <ele>1052.3</ele>
        <time>2025-10-12T09:30:06Z</time>
      </trkpt>
      <trkpt lat="41.966617" lon="13.754373">
        <ele>1053.3</ele>
        <time>2025-10-12T09:30:10Z</time>
      </trkpt>
      <trkpt lat="41.966562" lon="13.75439">
        <ele>1053.8</ele>
        <time>2025-10-12T09:30:13Z</time>
      </trkpt>
      <trkpt lat="41.966503" lon="13.7544">
        <ele>1054.3</ele>
        <time>2025-10-12T09:30:16Z</time>
      </trkpt>
      <trkpt lat="41.966452" lon="13.754417">
        <ele>1054.3</ele>
        <time>2025-10-12T09:30:19Z</time>
      </trkpt>
      <trkpt lat="41.966397" lon="13.75443">
        <ele>1054.4</ele>
        <time>2025-10-12T09:30:22Z</time>
      </trkpt>
      <trkpt lat="41.966346" lon="13.754447">
        <ele>1054.4</ele>
        <time>2025-10-12T09:30:25Z</time>
      </trkpt>
      <trkpt lat="41.966291" lon="13.754458">
        <ele>1054.4</ele>
        <time>2025-10-12T09:30:28Z</time>
      </trkpt>
      <trkpt lat="41.966232" lon="13.754437">
        <ele>1054.3</ele>
        <time>2025-10-12T09:30:31Z</time>
      </trkpt>
      <trkpt lat="41.96618" lon="13.754405">
        <ele>1054.4</ele>
        <time>2025-10-12T09:30:33Z</time>
      </trkpt>
      <trkpt lat="41.966122" lon="13.754387">
        <ele>1054.4</ele>
        <time>2025-10-12T09:30:35Z</time>
      </trkpt>
      <trkpt lat="41.966055" lon="13.754379">
        <ele>1053.4</ele>
        <time>2025-10-12T09:30:37Z</time>
      </trkpt>
      <trkpt lat="41.965982" lon="13.754406">
        <ele>1053.3</ele>
        <time>2025-10-12T09:30:39Z</time>
      </trkpt>
      <trkpt lat="41.965898" lon="13.754429">
        <ele>1053.4</ele>
        <time>2025-10-12T09:30:41Z</time>
      </trkpt>
      <trkpt lat="41.965847" lon="13.754441">
        <ele>1053.3</ele>
        <time>2025-10-12T09:30:42Z</time>
      </trkpt>
      <trkpt lat="41.965798" lon="13.754453">
        <ele>1053.4</ele>
        <time>2025-10-12T09:30:43Z</time>
      </trkpt>
      <trkpt lat="41.965715" lon="13.754471">
        <ele>1055.3</ele>
        <time>2025-10-12T09:30:45Z</time>
      </trkpt>
      <trkpt lat="41.965634" lon="13.754482">
        <ele>1055.4</ele>
        <time>2025-10-12T09:30:47Z</time>
      </trkpt>
      <trkpt lat="41.965566" lon="13.754505">
        <ele>1056.4</ele>
        <time>2025-10-12T09:30:49Z</time>
      </trkpt>
      <trkpt lat="41.965503" lon="13.754515">
        <ele>1056.4</ele>
        <time>2025-10-12T09:30:51Z</time>
      </trkpt>
      <trkpt lat="41.965449" lon="13.754519">
        <ele>1056.3</ele>
        <time>2025-10-12T09:30:53Z</time>
      </trkpt>
      <trkpt lat="41.965395" lon="13.754518">
        <ele>1055.3</ele>
        <time>2025-10-12T09:30:55Z</time>
      </trkpt>
      <trkpt lat="41.965332" lon="13.754521">
        <ele>1055.4</ele>
        <time>2025-10-12T09:30:57Z</time>
      </trkpt>
      <trkpt lat="41.965266" lon="13.754562">
        <ele>1055.4</ele>
        <time>2025-10-12T09:30:59Z</time>
      </trkpt>
      <trkpt lat="41.965205" lon="13.754611">
        <ele>1054.3</ele>
        <time>2025-10-12T09:31:01Z</time>
      </trkpt>
      <trkpt lat="41.965159" lon="13.754672">
        <ele>1054.3</ele>
        <time>2025-10-12T09:31:04Z</time>
      </trkpt>
      <trkpt lat="41.965122" lon="13.754723">
        <ele>1054.4</ele>
        <time>2025-10-12T09:31:06Z</time>
      </trkpt>
      <trkpt lat="41.965084" lon="13.754762">
        <ele>1055.4</ele>
        <time>2025-10-12T09:31:08Z</time>
      </trkpt>
      <trkpt lat="41.965039" lon="13.754789">
        <ele>1055.4</ele>
        <time>2025-10-12T09:31:10Z</time>
      </trkpt>
      <trkpt lat="41.964995" lon="13.754824">
        <ele>1055.3</ele>
        <time>2025-10-12T09:31:12Z</time>
      </trkpt>
      <trkpt lat="41.964955" lon="13.754865">
        <ele>1055.3</ele>
        <time>2025-10-12T09:31:14Z</time>
      </trkpt>
      <trkpt lat="41.964917" lon="13.7549">
        <ele>1055.4</ele>
        <time>2025-10-12T09:31:16Z</time>
      </trkpt>
      <trkpt lat="41.96487" lon="13.754936">
        <ele>1055.4</ele>
        <time>2025-10-12T09:31:18Z</time>
      </trkpt>
      <trkpt lat="41.964808" lon="13.754979">
        <ele>1055.4</ele>
        <time>2025-10-12T09:31:20Z</time>
      </trkpt>
      <trkpt lat="41.964735" lon="13.755023">
        <ele>1056.3</ele>
        <time>2025-10-12T09:31:22Z</time>
      </trkpt>
      <trkpt lat="41.96467" lon="13.755059">
        <ele>1056.3</ele>
        <time>2025-10-12T09:31:24Z</time>
      </trkpt>
      <trkpt lat="41.964612" lon="13.755095">
        <ele>1056.3</ele>
        <time>2025-10-12T09:31:26Z</time>
      </trkpt>
      <trkpt lat="41.964551" lon="13.755121">
        <ele>1056.3</ele>
        <time>2025-10-12T09:31:28Z</time>
      </trkpt>
      <trkpt lat="41.964487" lon="13.755125">
        <ele>1056.3</ele>
        <time>2025-10-12T09:31:30Z</time>
      </trkpt>
      <trkpt lat="41.964428" lon="13.755134">
        <ele>1056.3</ele>
        <time>2025-10-12T09:31:32Z</time>
      </trkpt>
      <trkpt lat="41.964364" lon="13.755134">
        <ele>1056.3</ele>
        <time>2025-10-12T09:31:34Z</time>
      </trkpt>
      <trkpt lat="41.964303" lon="13.755142">
        <ele>1056.4</ele>
        <time>2025-10-12T09:31:36Z</time>
      </trkpt>
      <trkpt lat="41.964243" lon="13.755155">
        <ele>1055.8</ele>
        <time>2025-10-12T09:31:38Z</time>
      </trkpt>
      <trkpt lat="41.964194" lon="13.755168">
        <ele>1055.4</ele>
        <time>2025-10-12T09:31:40Z</time>
      </trkpt>
      <trkpt lat="41.964143" lon="13.755176">
        <ele>1055.3</ele>
        <time>2025-10-12T09:31:42Z</time>
      </trkpt>
      <trkpt lat="41.96409" lon="13.755179">
        <ele>1056.3</ele>
        <time>2025-10-12T09:31:44Z</time>
      </trkpt>
      <trkpt lat="41.964034" lon="13.755184">
        <ele>1056.4</ele>
        <time>2025-10-12T09:31:46Z</time>
      </trkpt>
      <trkpt lat="41.963983" lon="13.755186">
        <ele>1056.3</ele>
        <time>2025-10-12T09:31:48Z</time>
      </trkpt>
      <trkpt lat="41.963931" lon="13.755183">
        <ele>1056.4</ele>
        <time>2025-10-12T09:31:50Z</time>
      </trkpt>
      <trkpt lat="41.963881" lon="13.75519">
        <ele>1057.4</ele>
        <time>2025-10-12T09:31:52Z</time>
      </trkpt>
      <trkpt lat="41.96382" lon="13.755192">
        <ele>1058.4</ele>
        <time>2025-10-12T09:31:55Z</time>
      </trkpt>
      <trkpt lat="41.963754" lon="13.755193">
        <ele>1059.8</ele>
        <time>2025-10-12T09:31:58Z</time>
      </trkpt>
      <trkpt lat="41.963706" lon="13.75519">
        <ele>1061.3</ele>
        <time>2025-10-12T09:32:00Z</time>
      </trkpt>
      <trkpt lat="41.963655" lon="13.755189">
        <ele>1061.3</ele>
        <time>2025-10-12T09:32:02Z</time>
      </trkpt>
      <trkpt lat="41.963601" lon="13.755186">
        <ele>1061.3</ele>
        <time>2025-10-12T09:32:04Z</time>
      </trkpt>
      <trkpt lat="41.963555" lon="13.755185">
        <ele>1061.4</ele>
        <time>2025-10-12T09:32:06Z</time>
      </trkpt>
      <trkpt lat="41.963486" lon="13.755191">
        <ele>1061.4</ele>
        <time>2025-10-12T09:32:09Z</time>
      </trkpt>
      <trkpt lat="41.963429" lon="13.755197">
        <ele>1061.4</ele>
        <time>2025-10-12T09:32:11Z</time>
      </trkpt>
      <trkpt lat="41.963377" lon="13.755198">
        <ele>1061.3</ele>
        <time>2025-10-12T09:32:13Z</time>
      </trkpt>
      <trkpt lat="41.963321" lon="13.755204">
        <ele>1062.3</ele>
        <time>2025-10-12T09:32:15Z</time>
      </trkpt>
      <trkpt lat="41.963262" lon="13.755217">
        <ele>1062.4</ele>
        <time>2025-10-12T09:32:17Z</time>
      </trkpt>
      <trkpt lat="41.963216" lon="13.755227">
        <ele>1062.3</ele>
        <time>2025-10-12T09:32:19Z</time>
      </trkpt>
      <trkpt lat="41.963164" lon="13.755243">
        <ele>1062.3</ele>
        <time>2025-10-12T09:32:21Z</time>
      </trkpt>
      <trkpt lat="41.96311" lon="13.755261">
        <ele>1062.3</ele>
        <time>2025-10-12T09:32:23Z</time>
      </trkpt>
      <trkpt lat="41.963061" lon="13.755276">
        <ele>1062.3</ele>
        <time>2025-10-12T09:32:25Z</time>
      </trkpt>
      <trkpt lat="41.963009" lon="13.755288">
        <ele>1062.3</ele>
        <time>2025-10-12T09:32:27Z</time>
      </trkpt>
      <trkpt lat="41.962957" lon="13.755302">
        <ele>1062.3</ele>
        <time>2025-10-12T09:32:29Z</time>
      </trkpt>
      <trkpt lat="41.962898" lon="13.75531">
        <ele>1062.9</ele>
        <time>2025-10-12T09:32:31Z</time>
      </trkpt>
      <trkpt lat="41.962846" lon="13.755318">
        <ele>1063.3</ele>
        <time>2025-10-12T09:32:33Z</time>
      </trkpt>
      <trkpt lat="41.9628" lon="13.755335">
        <ele>1063.4</ele>
        <time>2025-10-12T09:32:35Z</time>
      </trkpt>
      <trkpt lat="41.962741" lon="13.755345">
        <ele>1063.4</ele>
        <time>2025-10-12T09:32:37Z</time>
      </trkpt>
      <trkpt lat="41.962672" lon="13.755356">
        <ele>1063.4</ele>
        <time>2025-10-12T09:32:40Z</time>
      </trkpt>
      <trkpt lat="41.962614" lon="13.755391">
        <ele>1063.3</ele>
        <time>2025-10-12T09:32:43Z</time>
      </trkpt>
      <trkpt lat="41.962567" lon="13.755427">
        <ele>1062.4</ele>
        <time>2025-10-12T09:32:46Z</time>
      </trkpt>
      <trkpt lat="41.962521" lon="13.755487">
        <ele>1063.4</ele>
        <time>2025-10-12T09:32:49Z</time>
      </trkpt>
      <trkpt lat="41.962468" lon="13.755527">
        <ele>1063.3</ele>
        <time>2025-10-12T09:32:52Z</time>
      </trkpt>
      <trkpt lat="41.962416" lon="13.75555">
        <ele>1063.4</ele>
        <time>2025-10-12T09:32:55Z</time>
      </trkpt>
      <trkpt lat="41.962356" lon="13.755566">
        <ele>1063.4</ele>
        <time>2025-10-12T09:32:58Z</time>
      </trkpt>
      <trkpt lat="41.962303" lon="13.755574">
        <ele>1063.3</ele>
        <time>2025-10-12T09:33:00Z</time>
      </trkpt>
      <trkpt lat="41.962248" lon="13.755578">
        <ele>1063.4</ele>
        <time>2025-10-12T09:33:02Z</time>
      </trkpt>
      <trkpt lat="41.962201" lon="13.755579">
        <ele>1063.3</ele>
        <time>2025-10-12T09:33:04Z</time>
      </trkpt>
      <trkpt lat="41.962131" lon="13.755565">
        <ele>1063.4</ele>
        <time>2025-10-12T09:33:07Z</time>
      </trkpt>
      <trkpt lat="41.962083" lon="13.755553">
        <ele>1063.3</ele>
        <time>2025-10-12T09:33:09Z</time>
      </trkpt>
      <trkpt lat="41.961977" lon="13.755519">
        <ele>1063.3</ele>
        <time>2025-10-12T09:33:11Z</time>
      </trkpt>
      <trkpt lat="41.961931" lon="13.75552">
        <ele>1063.3</ele>
        <time>2025-10-12T09:33:12Z</time>
      </trkpt>
      <trkpt lat="41.961885" lon="13.755509">
        <ele>1063.4</ele>
        <time>2025-10-12T09:33:13Z</time>
      </trkpt>
      <trkpt lat="41.961823" lon="13.755487">
        <ele>1064.4</ele>
        <time>2025-10-12T09:33:15Z</time>
      </trkpt>
      <trkpt lat="41.961763" lon="13.755479">
        <ele>1064.3</ele>
        <time>2025-10-12T09:33:17Z</time>
      </trkpt>
      <trkpt lat="41.961716" lon="13.75548">
        <ele>1064.4</ele>
        <time>2025-10-12T09:33:19Z</time>
      </trkpt>
      <trkpt lat="41.961661" lon="13.755486">
        <ele>1064.3</ele>
        <time>2025-10-12T09:33:21Z</time>
      </trkpt>
      <trkpt lat="41.961604" lon="13.755481">
        <ele>1064.4</ele>
        <time>2025-10-12T09:33:23Z</time>
      </trkpt>
      <trkpt lat="41.961539" lon="13.755486">
        <ele>1064.4</ele>
        <time>2025-10-12T09:33:25Z</time>
      </trkpt>
      <trkpt lat="41.961465" lon="13.755479">
        <ele>1064.4</ele>
        <time>2025-10-12T09:33:27Z</time>
      </trkpt>
      <trkpt lat="41.961398" lon="13.755461">
        <ele>1064.3</ele>
        <time>2025-10-12T09:33:29Z</time>
      </trkpt>
      <trkpt lat="41.961344" lon="13.755457">
        <ele>1063.8</ele>
        <time>2025-10-12T09:33:31Z</time>
      </trkpt>
      <trkpt lat="41.96128" lon="13.755435">
        <ele>1063.8</ele>
        <time>2025-10-12T09:33:33Z</time>
      </trkpt>
      <trkpt lat="41.961206" lon="13.755402">
        <ele>1064.3</ele>
        <time>2025-10-12T09:33:35Z</time>
      </trkpt>
      <trkpt lat="41.961135" lon="13.755375">
        <ele>1064.3</ele>
        <time>2025-10-12T09:33:37Z</time>
      </trkpt>
      <trkpt lat="41.961074" lon="13.755353">
        <ele>1064.4</ele>
        <time>2025-10-12T09:33:39Z</time>
      </trkpt>
      <trkpt lat="41.961026" lon="13.755333">
        <ele>1064.4</ele>
        <time>2025-10-12T09:33:41Z</time>
      </trkpt>
      <trkpt lat="41.960973" lon="13.755308">
        <ele>1065.3</ele>
        <time>2025-10-12T09:33:44Z</time>
      </trkpt>
      <trkpt lat="41.960922" lon="13.755287">
        <ele>1065.4</ele>
        <time>2025-10-12T09:33:47Z</time>
      </trkpt>
      <trkpt lat="41.960863" lon="13.755269">
        <ele>1065.3</ele>
        <time>2025-10-12T09:33:50Z</time>
      </trkpt>
      <trkpt lat="41.960819" lon="13.755249">
        <ele>1065.4</ele>
        <time>2025-10-12T09:33:52Z</time>
      </trkpt>
      <trkpt lat="41.960775" lon="13.755231">
        <ele>1064.8</ele>
        <time>2025-10-12T09:33:54Z</time>
      </trkpt>
      <trkpt lat="41.960711" lon="13.755195">
        <ele>1064.8</ele>
        <time>2025-10-12T09:33:57Z</time>
      </trkpt>
      <trkpt lat="41.960659" lon="13.755168">
        <ele>1065.3</ele>
        <time>2025-10-12T09:33:59Z</time>
      </trkpt>
      <trkpt lat="41.960581" lon="13.755165">
        <ele>1066.4</ele>
        <time>2025-10-12T09:34:01Z</time>
      </trkpt>
      <trkpt lat="41.960506" lon="13.755166">
        <ele>1066.9</ele>
        <time>2025-10-12T09:34:03Z</time>
      </trkpt>
      <trkpt lat="41.960449" lon="13.755149">
        <ele>1067.4</ele>
        <time>2025-10-12T09:34:05Z</time>
      </trkpt>
      <trkpt lat="41.960386" lon="13.755125">
        <ele>1066.9</ele>
        <time>2025-10-12T09:34:07Z</time>
      </trkpt>
      <trkpt lat="41.96033" lon="13.755105">
        <ele>1066.3</ele>
        <time>2025-10-12T09:34:09Z</time>
      </trkpt>
      <trkpt lat="41.960269" lon="13.755092">
        <ele>1065.9</ele>
        <time>2025-10-12T09:34:11Z</time>
      </trkpt>
      <trkpt lat="41.960212" lon="13.755093">
        <ele>1065.4</ele>
        <time>2025-10-12T09:34:13Z</time>
      </trkpt>
      <trkpt lat="41.96015" lon="13.755091">
        <ele>1065.4</ele>
        <time>2025-10-12T09:34:15Z</time>
      </trkpt>
      <trkpt lat="41.9601" lon="13.755085">
        <ele>1066.3</ele>
        <time>2025-10-12T09:34:17Z</time>
      </trkpt>
      <trkpt lat="41.96004" lon="13.755074">
        <ele>1066.4</ele>
        <time>2025-10-12T09:34:19Z</time>
      </trkpt>
      <trkpt lat="41.959985" lon="13.755055">
        <ele>1067.3</ele>
        <time>2025-10-12T09:34:21Z</time>
      </trkpt>
      <trkpt lat="41.959944" lon="13.755024">
        <ele>1067.3</ele>
        <time>2025-10-12T09:34:23Z</time>
      </trkpt>
      <trkpt lat="41.95989" lon="13.754978">
        <ele>1067.4</ele>
        <time>2025-10-12T09:34:25Z</time>
      </trkpt>
      <trkpt lat="41.959837" lon="13.754935">
        <ele>1066.4</ele>
        <time>2025-10-12T09:34:27Z</time>
      </trkpt>
      <trkpt lat="41.95978" lon="13.754893">
        <ele>1066.3</ele>
        <time>2025-10-12T09:34:29Z</time>
      </trkpt>
      <trkpt lat="41.959712" lon="13.754843">
        <ele>1066.3</ele>
        <time>2025-10-12T09:34:31Z</time>
      </trkpt>
      <trkpt lat="41.959661" lon="13.754818">
        <ele>1065.3</ele>
        <time>2025-10-12T09:34:32Z</time>
      </trkpt>
      <trkpt lat="41.959608" lon="13.754788">
        <ele>1065.4</ele>
        <time>2025-10-12T09:34:33Z</time>
      </trkpt>
      <trkpt lat="41.959566" lon="13.754766">
        <ele>1064.3</ele>
        <time>2025-10-12T09:34:34Z</time>
      </trkpt>
      <trkpt lat="41.959525" lon="13.754739">
        <ele>1064.3</ele>
        <time>2025-10-12T09:34:35Z</time>
      </trkpt>
      <trkpt lat="41.959443" lon="13.754733">
        <ele>1064.4</ele>
        <time>2025-10-12T09:34:37Z</time>
      </trkpt>
      <trkpt lat="41.959393" lon="13.754714">
        <ele>1063.9</ele>
        <time>2025-10-12T09:34:39Z</time>
      </trkpt>
      <trkpt lat="41.959335" lon="13.754672">
        <ele>1063.3</ele>
        <time>2025-10-12T09:34:41Z</time>
      </trkpt>
      <trkpt lat="41.959268" lon="13.754664">
        <ele>1062.9</ele>
        <time>2025-10-12T09:34:43Z</time>
      </trkpt>
      <trkpt lat="41.959215" lon="13.754689">
        <ele>1062.3</ele>
        <time>2025-10-12T09:34:45Z</time>
      </trkpt>
      <trkpt lat="41.95916" lon="13.754696">
        <ele>1061.3</ele>
        <time>2025-10-12T09:34:55Z</time>
      </trkpt>
      <trkpt lat="41.959112" lon="13.754658">
        <ele>1059.8</ele>
        <time>2025-10-12T09:34:59Z</time>
      </trkpt>
      <trkpt lat="41.959078" lon="13.754599">
        <ele>1057.3</ele>
        <time>2025-10-12T09:35:02Z</time>
      </trkpt>
      <trkpt lat="41.959049" lon="13.754548">
        <ele>1056.3</ele>
        <time>2025-10-12T09:35:04Z</time>
      </trkpt>
      <trkpt lat="41.959013" lon="13.754493">
        <ele>1056.3</ele>
        <time>2025-10-12T09:35:06Z</time>
      </trkpt>
      <trkpt lat="41.95898" lon="13.754433">
        <ele>1056.4</ele>
        <time>2025-10-12T09:35:08Z</time>
      </trkpt>
      <trkpt lat="41.958937" lon="13.754362">
        <ele>1056.4</ele>
        <time>2025-10-12T09:35:10Z</time>
      </trkpt>
      <trkpt lat="41.958877" lon="13.754301">
        <ele>1055.3</ele>
        <time>2025-10-12T09:35:12Z</time>
      </trkpt>
      <trkpt lat="41.958826" lon="13.754257">
        <ele>1054.4</ele>
        <time>2025-10-12T09:35:14Z</time>
      </trkpt>
      <trkpt lat="41.958764" lon="13.754237">
        <ele>1054.4</ele>
        <time>2025-10-12T09:35:16Z</time>
      </trkpt>
      <trkpt lat="41.958693" lon="13.754229">
        <ele>1053.9</ele>
        <time>2025-10-12T09:35:18Z</time>
      </trkpt>
      <trkpt lat="41.95863" lon="13.754236">
        <ele>1052.9</ele>
        <time>2025-10-12T09:35:20Z</time>
      </trkpt>
      <trkpt lat="41.958581" lon="13.754242">
        <ele>1051.4</ele>
        <time>2025-10-12T09:35:23Z</time>
      </trkpt>
      <trkpt lat="41.95852" lon="13.754237">
        <ele>1051.4</ele>
        <time>2025-10-12T09:35:25Z</time>
      </trkpt>
      <trkpt lat="41.958453" lon="13.754243">
        <ele>1050.4</ele>
        <time>2025-10-12T09:35:27Z</time>
      </trkpt>
      <trkpt lat="41.95839" lon="13.754246">
        <ele>1050.3</ele>
        <time>2025-10-12T09:35:29Z</time>
      </trkpt>
      <trkpt lat="41.958327" lon="13.754255">
        <ele>1050.4</ele>
        <time>2025-10-12T09:35:31Z</time>
      </trkpt>
      <trkpt lat="41.958278" lon="13.75425">
        <ele>1050.3</ele>
        <time>2025-10-12T09:35:33Z</time>
      </trkpt>
      <trkpt lat="41.958225" lon="13.754246">
        <ele>1049.4</ele>
        <time>2025-10-12T09:35:35Z</time>
      </trkpt>
      <trkpt lat="41.958173" lon="13.75425">
        <ele>1049.4</ele>
        <time>2025-10-12T09:35:37Z</time>
      </trkpt>
      <trkpt lat="41.958108" lon="13.754263">
        <ele>1048.3</ele>
        <time>2025-10-12T09:35:40Z</time>
      </trkpt>
      <trkpt lat="41.958054" lon="13.754269">
        <ele>1047.4</ele>
        <time>2025-10-12T09:35:42Z</time>
      </trkpt>
      <trkpt lat="41.958005" lon="13.754284">
        <ele>1047.4</ele>
        <time>2025-10-12T09:35:45Z</time>
      </trkpt>
      <trkpt lat="41.957965" lon="13.754325">
        <ele>1047.4</ele>
        <time>2025-10-12T09:35:49Z</time>
      </trkpt>
      <trkpt lat="41.957915" lon="13.754347">
        <ele>1047.4</ele>
        <time>2025-10-12T09:35:59Z</time>
      </trkpt>
      <trkpt lat="41.957852" lon="13.754368">
        <ele>1047.4</ele>
        <time>2025-10-12T09:36:02Z</time>
      </trkpt>
      <trkpt lat="41.957806" lon="13.75438">
        <ele>1046.3</ele>
        <time>2025-10-12T09:36:04Z</time>
      </trkpt>
      <trkpt lat="41.957754" lon="13.754393">
        <ele>1046.4</ele>
        <time>2025-10-12T09:36:06Z</time>
      </trkpt>
      <trkpt lat="41.957696" lon="13.754394">
        <ele>1045.3</ele>
        <time>2025-10-12T09:36:08Z</time>
      </trkpt>
      <trkpt lat="41.957643" lon="13.754406">
        <ele>1045.3</ele>
        <time>2025-10-12T09:36:11Z</time>
      </trkpt>
      <trkpt lat="41.957593" lon="13.754397">
        <ele>1045.4</ele>
        <time>2025-10-12T09:36:14Z</time>
      </trkpt>
      <trkpt lat="41.957546" lon="13.754407">
        <ele>1044.4</ele>
        <time>2025-10-12T09:36:16Z</time>
      </trkpt>
      <trkpt lat="41.957496" lon="13.754423">
        <ele>1044.3</ele>
        <time>2025-10-12T09:36:18Z</time>
      </trkpt>
      <trkpt lat="41.957454" lon="13.754451">
        <ele>1043.4</ele>
        <time>2025-10-12T09:36:20Z</time>
      </trkpt>
      <trkpt lat="41.957406" lon="13.75451">
        <ele>1042.8</ele>
        <time>2025-10-12T09:36:23Z</time>
      </trkpt>
      <trkpt lat="41.957369" lon="13.754558">
        <ele>1042.4</ele>
        <time>2025-10-12T09:36:26Z</time>
      </trkpt>
      <trkpt lat="41.957323" lon="13.75458">
        <ele>1042.4</ele>
        <time>2025-10-12T09:36:38Z</time>
      </trkpt>
      <trkpt lat="41.957276" lon="13.754598">
        <ele>1042.3</ele>
        <time>2025-10-12T09:36:42Z</time>
      </trkpt>
      <trkpt lat="41.957236" lon="13.754647">
        <ele>1042.3</ele>
        <time>2025-10-12T09:36:47Z</time>
      </trkpt>
      <trkpt lat="41.95718" lon="13.754668">
        <ele>1043.3</ele>
        <time>2025-10-12T09:36:52Z</time>
      </trkpt>
      <trkpt lat="41.957131" lon="13.754646">
        <ele>1043.3</ele>
        <time>2025-10-12T09:36:54Z</time>
      </trkpt>
      <trkpt lat="41.957073" lon="13.754651">
        <ele>1043.4</ele>
        <time>2025-10-12T09:36:56Z</time>
      </trkpt>
      <trkpt lat="41.957018" lon="13.754641">
        <ele>1043.3</ele>
        <time>2025-10-12T09:36:58Z</time>
      </trkpt>
      <trkpt lat="41.956959" lon="13.75462">
        <ele>1042.4</ele>
        <time>2025-10-12T09:37:00Z</time>
      </trkpt>
      <trkpt lat="41.956895" lon="13.7546">
        <ele>1042.3</ele>
        <time>2025-10-12T09:37:02Z</time>
      </trkpt>
      <trkpt lat="41.956814" lon="13.754573">
        <ele>1041.9</ele>
        <time>2025-10-12T09:37:04Z</time>
      </trkpt>
      <trkpt lat="41.956728" lon="13.754548">
        <ele>1041.3</ele>
        <time>2025-10-12T09:37:06Z</time>
      </trkpt>
      <trkpt lat="41.956672" lon="13.754534">
        <ele>1040.3</ele>
        <time>2025-10-12T09:37:07Z</time>
      </trkpt>
      <trkpt lat="41.95662" lon="13.754525">
        <ele>1039.9</ele>
        <time>2025-10-12T09:37:08Z</time>
      </trkpt>
      <trkpt lat="41.95655" lon="13.754498">
        <ele>1039.4</ele>
        <time>2025-10-12T09:37:10Z</time>
      </trkpt>
      <trkpt lat="41.956482" lon="13.754508">
        <ele>1038.8</ele>
        <time>2025-10-12T09:37:12Z</time>
      </trkpt>
      <trkpt lat="41.956434" lon="13.754494">
        <ele>1037.4</ele>
        <time>2025-10-12T09:37:19Z</time>
      </trkpt>
      <trkpt lat="41.956393" lon="13.754453">
        <ele>1036.4</ele>
        <time>2025-10-12T09:37:25Z</time>
      </trkpt>
      <trkpt lat="41.956354" lon="13.754416">
        <ele>1036.4</ele>
        <time>2025-10-12T09:37:27Z</time>
      </trkpt>
      <trkpt lat="41.956283" lon="13.754392">
        <ele>1035.3</ele>
        <time>2025-10-12T09:37:30Z</time>
      </trkpt>
      <trkpt lat="41.956236" lon="13.754377">
        <ele>1034.3</ele>
        <time>2025-10-12T09:37:32Z</time>
      </trkpt>
      <trkpt lat="41.956192" lon="13.754361">
        <ele>1034.4</ele>
        <time>2025-10-12T09:37:34Z</time>
      </trkpt>
      <trkpt lat="41.956129" lon="13.754349">
        <ele>1034.4</ele>
        <time>2025-10-12T09:37:37Z</time>
      </trkpt>
      <trkpt lat="41.956081" lon="13.754339">
        <ele>1034.4</ele>
        <time>2025-10-12T09:37:40Z</time>
      </trkpt>
      <trkpt lat="41.956025" lon="13.754327">
        <ele>1034.3</ele>
        <time>2025-10-12T09:37:42Z</time>
      </trkpt>
      <trkpt lat="41.955957" lon="13.754322">
        <ele>1034.3</ele>
        <time>2025-10-12T09:37:44Z</time>
      </trkpt>
      <trkpt lat="41.955872" lon="13.75434">
        <ele>1033.4</ele>
        <time>2025-10-12T09:37:46Z</time>
      </trkpt>
      <trkpt lat="41.955827" lon="13.754362">
        <ele>1033.3</ele>
        <time>2025-10-12T09:37:47Z</time>
      </trkpt>
      <trkpt lat="41.955741" lon="13.754391">
        <ele>1033.3</ele>
        <time>2025-10-12T09:37:49Z</time>
      </trkpt>
      <trkpt lat="41.955695" lon="13.754404">
        <ele>1033.3</ele>
        <time>2025-10-12T09:37:50Z</time>
      </trkpt>
      <trkpt lat="41.95562" lon="13.754431">
        <ele>1033.4</ele>
        <time>2025-10-12T09:37:52Z</time>
      </trkpt>
      <trkpt lat="41.955557" lon="13.754461">
        <ele>1033.4</ele>
        <time>2025-10-12T09:37:54Z</time>
      </trkpt>
      <trkpt lat="41.955496" lon="13.75447">
        <ele>1032.4</ele>
        <time>2025-10-12T09:37:56Z</time>
      </trkpt>
      <trkpt lat="41.955419" lon="13.754484">
        <ele>1032.3</ele>
        <time>2025-10-12T09:37:58Z</time>
      </trkpt>
      <trkpt lat="41.955331" lon="13.754483">
        <ele>1031.8</ele>
        <time>2025-10-12T09:38:00Z</time>
      </trkpt>
      <trkpt lat="41.955264" lon="13.754484">
        <ele>1031.3</ele>
        <time>2025-10-12T09:38:02Z</time>
      </trkpt>
      <trkpt lat="41.955212" lon="13.754495">
        <ele>1031.4</ele>
        <time>2025-10-12T09:38:04Z</time>
      </trkpt>
      <trkpt lat="41.955147" lon="13.754496">
        <ele>1030.8</ele>
        <time>2025-10-12T09:38:06Z</time>
      </trkpt>
      <trkpt lat="41.955097" lon="13.754491">
        <ele>1030.4</ele>
        <time>2025-10-12T09:38:08Z</time>
      </trkpt>
      <trkpt lat="41.955042" lon="13.75451">
        <ele>1030.3</ele>
        <time>2025-10-12T09:38:11Z</time>
      </trkpt>
      <trkpt lat="41.95499" lon="13.754524">
        <ele>1028.4</ele>
        <time>2025-10-12T09:38:15Z</time>
      </trkpt>
      <trkpt lat="41.954932" lon="13.754502">
        <ele>1028.3</ele>
        <time>2025-10-12T09:38:19Z</time>
      </trkpt>
      <trkpt lat="41.954889" lon="13.754483">
        <ele>1027.3</ele>
        <time>2025-10-12T09:38:22Z</time>
      </trkpt>
      <trkpt lat="41.954833" lon="13.75449">
        <ele>1027.3</ele>
        <time>2025-10-12T09:38:25Z</time>
      </trkpt>
      <trkpt lat="41.954784" lon="13.754494">
        <ele>1027.4</ele>
        <time>2025-10-12T09:38:28Z</time>
      </trkpt>
      <trkpt lat="41.954738" lon="13.754489">
        <ele>1025.4</ele>
        <time>2025-10-12T09:38:32Z</time>
      </trkpt>
      <trkpt lat="41.95469" lon="13.754487">
        <ele>1024.3</ele>
        <time>2025-10-12T09:38:46Z</time>
      </trkpt>
      <trkpt lat="41.954731" lon="13.754432">
        <ele>1023.3</ele>
        <time>2025-10-12T09:38:52Z</time>
      </trkpt>
      <trkpt lat="41.954779" lon="13.754401">
        <ele>1022.8</ele>
        <time>2025-10-12T09:38:54Z</time>
      </trkpt>
      <trkpt lat="41.95482" lon="13.754358">
        <ele>1021.9</ele>
        <time>2025-10-12T09:38:57Z</time>
      </trkpt>
      <trkpt lat="41.954878" lon="13.754321">
        <ele>1020.9</ele>
        <time>2025-10-12T09:39:00Z</time>
      </trkpt>
      <trkpt lat="41.954814" lon="13.754322">
        <ele>1018.4</ele>
        <time>2025-10-12T09:39:56Z</time>
      </trkpt>
      <trkpt lat="41.954773" lon="13.754355">
        <ele>1019.3</ele>
        <time>2025-10-12T09:39:58Z</time>
      </trkpt>
      <trkpt lat="41.954743" lon="13.754403">
        <ele>1020.4</ele>
        <time>2025-10-12T09:40:03Z</time>
      </trkpt>
      <trkpt lat="41.954768" lon="13.754465">
        <ele>1022.3</ele>
        <time>2025-10-12T09:40:16Z</time>
      </trkpt>
      <trkpt lat="41.954755" lon="13.754407">
        <ele>1021.4</ele>
        <time>2025-10-12T09:46:14Z</time>
      </trkpt>
      <trkpt lat="41.954801" lon="13.754396">
        <ele>1022.4</ele>
        <time>2025-10-12T09:46:25Z</time>
      </trkpt>
      <trkpt lat="41.954835" lon="13.754357">
        <ele>1021.4</ele>
        <time>2025-10-12T09:46:31Z</time>
      </trkpt>
      <trkpt lat="41.954887" lon="13.754305">
        <ele>1021.4</ele>
        <time>2025-10-12T09:46:34Z</time>
      </trkpt>
      <trkpt lat="41.954942" lon="13.754255">
        <ele>1021.4</ele>
        <time>2025-10-12T09:46:36Z</time>
      </trkpt>
      <trkpt lat="41.955013" lon="13.754202">
        <ele>1021.3</ele>
        <time>2025-10-12T09:46:38Z</time>
      </trkpt>
      <trkpt lat="41.955087" lon="13.754142">
        <ele>1021.4</ele>
        <time>2025-10-12T09:46:40Z</time>
      </trkpt>
      <trkpt lat="41.955124" lon="13.754106">
        <ele>1021.4</ele>
        <time>2025-10-12T09:46:41Z</time>
      </trkpt>
      <trkpt lat="41.955165" lon="13.754066">
        <ele>1021.3</ele>
        <time>2025-10-12T09:46:42Z</time>
      </trkpt>
      <trkpt lat="41.955209" lon="13.754023">
        <ele>1021.4</ele>
        <time>2025-10-12T09:46:43Z</time>
      </trkpt>
      <trkpt lat="41.955254" lon="13.753984">
        <ele>1020.4</ele>
        <time>2025-10-12T09:46:44Z</time>
      </trkpt>
      <trkpt lat="41.955297" lon="13.753939">
        <ele>1020.4</ele>
        <time>2025-10-12T09:46:45Z</time>
      </trkpt>
      <trkpt lat="41.955344" lon="13.7539">
        <ele>1020.3</ele>
        <time>2025-10-12T09:46:46Z</time>
      </trkpt>
      <trkpt lat="41.955394" lon="13.753853">
        <ele>1020.3</ele>
        <time>2025-10-12T09:46:47Z</time>
      </trkpt>
      <trkpt lat="41.955445" lon="13.753805">
        <ele>1020.3</ele>
        <time>2025-10-12T09:46:48Z</time>
      </trkpt>
      <trkpt lat="41.955502" lon="13.753762">
        <ele>1020.4</ele>
        <time>2025-10-12T09:46:49Z</time>
      </trkpt>
      <trkpt lat="41.955556" lon="13.753719">
        <ele>1019.4</ele>
        <time>2025-10-12T09:46:50Z</time>
      </trkpt>
      <trkpt lat="41.955612" lon="13.753678">
        <ele>1019.3</ele>
        <time>2025-10-12T09:46:51Z</time>
      </trkpt>
      <trkpt lat="41.955674" lon="13.753642">
        <ele>1018.3</ele>
        <time>2025-10-12T09:46:52Z</time>
      </trkpt>
      <trkpt lat="41.955741" lon="13.753618">
        <ele>1018.4</ele>
        <time>2025-10-12T09:46:53Z</time>
      </trkpt>
      <trkpt lat="41.95581" lon="13.753603">
        <ele>1017.4</ele>
        <time>2025-10-12T09:46:54Z</time>
      </trkpt>
      <trkpt lat="41.955877" lon="13.753592">
        <ele>1016.3</ele>
        <time>2025-10-12T09:46:55Z</time>
      </trkpt>
      <trkpt lat="41.955949" lon="13.753588">
        <ele>1015.8</ele>
        <time>2025-10-12T09:46:56Z</time>
      </trkpt>
      <trkpt lat="41.956019" lon="13.753592">
        <ele>1015.3</ele>
        <time>2025-10-12T09:46:57Z</time>
      </trkpt>
      <trkpt lat="41.956092" lon="13.753601">
        <ele>1015.4</ele>
        <time>2025-10-12T09:46:58Z</time>
      </trkpt>
      <trkpt lat="41.956167" lon="13.753607">
        <ele>1014.8</ele>
        <time>2025-10-12T09:46:59Z</time>
      </trkpt>
      <trkpt lat="41.956241" lon="13.75361">
        <ele>1014.4</ele>
        <time>2025-10-12T09:47:00Z</time>
      </trkpt>
      <trkpt lat="41.956314" lon="13.753608">
        <ele>1014.4</ele>
        <time>2025-10-12T09:47:01Z</time>
      </trkpt>
      <trkpt lat="41.956385" lon="13.753589">
        <ele>1013.9</ele>
        <time>2025-10-12T09:47:02Z</time>
      </trkpt>
      <trkpt lat="41.956456" lon="13.753556">
        <ele>1013.3</ele>
        <time>2025-10-12T09:47:03Z</time>
      </trkpt>
      <trkpt lat="41.956525" lon="13.753521">
        <ele>1013.3</ele>
        <time>2025-10-12T09:47:04Z</time>
      </trkpt>
      <trkpt lat="41.956596" lon="13.753476">
        <ele>1013.4</ele>
        <time>2025-10-12T09:47:05Z</time>
      </trkpt>
      <trkpt lat="41.956669" lon="13.753423">
        <ele>1013.3</ele>
        <time>2025-10-12T09:47:06Z</time>
      </trkpt>
      <trkpt lat="41.956747" lon="13.753369">
        <ele>1013.4</ele>
        <time>2025-10-12T09:47:07Z</time>
      </trkpt>
      <trkpt lat="41.956825" lon="13.753315">
        <ele>1013.4</ele>
        <time>2025-10-12T09:47:08Z</time>
      </trkpt>
      <trkpt lat="41.956909" lon="13.753259">
        <ele>1012.9</ele>
        <time>2025-10-12T09:47:09Z</time>
      </trkpt>
      <trkpt lat="41.956993" lon="13.753207">
        <ele>1012.3</ele>
        <time>2025-10-12T09:47:10Z</time>
      </trkpt>
      <trkpt lat="41.957076" lon="13.753147">
        <ele>1012.4</ele>
        <time>2025-10-12T09:47:11Z</time>
      </trkpt>
      <trkpt lat="41.957161" lon="13.753083">
        <ele>1011.3</ele>
        <time>2025-10-12T09:47:12Z</time>
      </trkpt>
      <trkpt lat="41.957242" lon="13.753015">
        <ele>1010.3</ele>
        <time>2025-10-12T09:47:13Z</time>
      </trkpt>
      <trkpt lat="41.957324" lon="13.752956">
        <ele>1010.3</ele>
        <time>2025-10-12T09:47:14Z</time>
      </trkpt>
      <trkpt lat="41.957408" lon="13.752896">
        <ele>1009.3</ele>
        <time>2025-10-12T09:47:15Z</time>
      </trkpt>
      <trkpt lat="41.957489" lon="13.752846">
        <ele>1009.4</ele>
        <time>2025-10-12T09:47:16Z</time>
      </trkpt>
      <trkpt lat="41.957576" lon="13.752817">
        <ele>1009.4</ele>
        <time>2025-10-12T09:47:17Z</time>
      </trkpt>
      <trkpt lat="41.957669" lon="13.752789">
        <ele>1009.4</ele>
        <time>2025-10-12T09:47:18Z</time>
      </trkpt>
      <trkpt lat="41.957762" lon="13.752768">
        <ele>1009.4</ele>
        <time>2025-10-12T09:47:19Z</time>
      </trkpt>
      <trkpt lat="41.957857" lon="13.752745">
        <ele>1008.3</ele>
        <time>2025-10-12T09:47:20Z</time>
      </trkpt>
      <trkpt lat="41.95795" lon="13.752724">
        <ele>1008.3</ele>
        <time>2025-10-12T09:47:21Z</time>
      </trkpt>
      <trkpt lat="41.958045" lon="13.752706">
        <ele>1007.3</ele>
        <time>2025-10-12T09:47:22Z</time>
      </trkpt>
      <trkpt lat="41.958143" lon="13.752684">
        <ele>1006.3</ele>
        <time>2025-10-12T09:47:23Z</time>
      </trkpt>
      <trkpt lat="41.95824" lon="13.752657">
        <ele>1006.3</ele>
        <time>2025-10-12T09:47:24Z</time>
      </trkpt>
      <trkpt lat="41.958337" lon="13.752626">
        <ele>1005.4</ele>
        <time>2025-10-12T09:47:25Z</time>
      </trkpt>
      <trkpt lat="41.958433" lon="13.752583">
        <ele>1005.4</ele>
        <time>2025-10-12T09:47:26Z</time>
      </trkpt>
      <trkpt lat="41.958524" lon="13.752538">
        <ele>1004.3</ele>
        <time>2025-10-12T09:47:27Z</time>
      </trkpt>
      <trkpt lat="41.958609" lon="13.752483">
        <ele>1004.3</ele>
        <time>2025-10-12T09:47:28Z</time>
      </trkpt>
      <trkpt lat="41.958691" lon="13.75242">
        <ele>1004.4</ele>
        <time>2025-10-12T09:47:29Z</time>
      </trkpt>
      <trkpt lat="41.958773" lon="13.752354">
        <ele>1004.3</ele>
        <time>2025-10-12T09:47:30Z</time>
      </trkpt>
      <trkpt lat="41.958855" lon="13.752295">
        <ele>1004.3</ele>
        <time>2025-10-12T09:47:31Z</time>
      </trkpt>
      <trkpt lat="41.958939" lon="13.752247">
        <ele>1004.3</ele>
        <time>2025-10-12T09:47:32Z</time>
      </trkpt>
      <trkpt lat="41.959019" lon="13.752198">
        <ele>1004.4</ele>
        <time>2025-10-12T09:47:33Z</time>
      </trkpt>
      <trkpt lat="41.959097" lon="13.752152">
        <ele>1004.3</ele>
        <time>2025-10-12T09:47:34Z</time>
      </trkpt>
      <trkpt lat="41.959178" lon="13.752109">
        <ele>1004.4</ele>
        <time>2025-10-12T09:47:35Z</time>
      </trkpt>
      <trkpt lat="41.959252" lon="13.75207">
        <ele>1003.9</ele>
        <time>2025-10-12T09:47:36Z</time>
      </trkpt>
      <trkpt lat="41.959325" lon="13.752028">
        <ele>1003.3</ele>
        <time>2025-10-12T09:47:37Z</time>
      </trkpt>
      <trkpt lat="41.959402" lon="13.751985">
        <ele>1003.4</ele>
        <time>2025-10-12T09:47:38Z</time>
      </trkpt>
      <trkpt lat="41.959475" lon="13.751942">
        <ele>1002.9</ele>
        <time>2025-10-12T09:47:39Z</time>
      </trkpt>
      <trkpt lat="41.959551" lon="13.7519">
        <ele>1002.4</ele>
        <time>2025-10-12T09:47:40Z</time>
      </trkpt>
      <trkpt lat="41.959628" lon="13.751854">
        <ele>1001.8</ele>
        <time>2025-10-12T09:47:41Z</time>
      </trkpt>
      <trkpt lat="41.959703" lon="13.751809">
        <ele>1001.3</ele>
        <time>2025-10-12T09:47:42Z</time>
      </trkpt>
      <trkpt lat="41.959779" lon="13.751763">
        <ele>1000.9</ele>
        <time>2025-10-12T09:47:43Z</time>
      </trkpt>
      <trkpt lat="41.959855" lon="13.751714">
        <ele>1000.4</ele>
        <time>2025-10-12T09:47:44Z</time>
      </trkpt>
      <trkpt lat="41.959929" lon="13.751659">
        <ele>1000.3</ele>
        <time>2025-10-12T09:47:45Z</time>
      </trkpt>
      <trkpt lat="41.960003" lon="13.7516">
        <ele>999.9</ele>
        <time>2025-10-12T09:47:46Z</time>
      </trkpt>
      <trkpt lat="41.960074" lon="13.751544">
        <ele>999.3</ele>
        <time>2025-10-12T09:47:47Z</time>
      </trkpt>
      <trkpt lat="41.960149" lon="13.751487">
        <ele>999.4</ele>
        <time>2025-10-12T09:47:48Z</time>
      </trkpt>
      <trkpt lat="41.960226" lon="13.751429">
        <ele>999.4</ele>
        <time>2025-10-12T09:47:49Z</time>
      </trkpt>
      <trkpt lat="41.960301" lon="13.751374">
        <ele>998.8</ele>
        <time>2025-10-12T09:47:50Z</time>
      </trkpt>
      <trkpt lat="41.960379" lon="13.751323">
        <ele>998.4</ele>
        <time>2025-10-12T09:47:51Z</time>
      </trkpt>
      <trkpt lat="41.960457" lon="13.751276">
        <ele>997.9</ele>
        <time>2025-10-12T09:47:52Z</time>
      </trkpt>
      <trkpt lat="41.960531" lon="13.751234">
        <ele>997.3</ele>
        <time>2025-10-12T09:47:53Z</time>
      </trkpt>
      <trkpt lat="41.960616" lon="13.7512">
        <ele>996.9</ele>
        <time>2025-10-12T09:47:54Z</time>
      </trkpt>
      <trkpt lat="41.960704" lon="13.751189">
        <ele>996.4</ele>
        <time>2025-10-12T09:47:55Z</time>
      </trkpt>
      <trkpt lat="41.960795" lon="13.751198">
        <ele>995.9</ele>
        <time>2025-10-12T09:47:56Z</time>
      </trkpt>
      <trkpt lat="41.960889" lon="13.751217">
        <ele>994.8</ele>
        <time>2025-10-12T09:47:57Z</time>
      </trkpt>
      <trkpt lat="41.96098" lon="13.751254">
        <ele>994.3</ele>
        <time>2025-10-12T09:47:58Z</time>
      </trkpt>
      <trkpt lat="41.961068" lon="13.751303">
        <ele>994.3</ele>
        <time>2025-10-12T09:47:59Z</time>
      </trkpt>
      <trkpt lat="41.961152" lon="13.75135">
        <ele>993.4</ele>
        <time>2025-10-12T09:48:00Z</time>
      </trkpt>
      <trkpt lat="41.961238" lon="13.75139">
        <ele>993.3</ele>
        <time>2025-10-12T09:48:01Z</time>
      </trkpt>
      <trkpt lat="41.961322" lon="13.751419">
        <ele>992.4</ele>
        <time>2025-10-12T09:48:02Z</time>
      </trkpt>
      <trkpt lat="41.961408" lon="13.751445">
        <ele>992.4</ele>
        <time>2025-10-12T09:48:03Z</time>
      </trkpt>
      <trkpt lat="41.961496" lon="13.751454">
        <ele>991.9</ele>
        <time>2025-10-12T09:48:04Z</time>
      </trkpt>
      <trkpt lat="41.961584" lon="13.751443">
        <ele>991.4</ele>
        <time>2025-10-12T09:48:05Z</time>
      </trkpt>
      <trkpt lat="41.961671" lon="13.751424">
        <ele>991.3</ele>
        <time>2025-10-12T09:48:06Z</time>
      </trkpt>
      <trkpt lat="41.961757" lon="13.751395">
        <ele>990.9</ele>
        <time>2025-10-12T09:48:07Z</time>
      </trkpt>
      <trkpt lat="41.961843" lon="13.751358">
        <ele>990.4</ele>
        <time>2025-10-12T09:48:08Z</time>
      </trkpt>
      <trkpt lat="41.961927" lon="13.751311">
        <ele>989.9</ele>
        <time>2025-10-12T09:48:09Z</time>
      </trkpt>
      <trkpt lat="41.962011" lon="13.751258">
        <ele>989.3</ele>
        <time>2025-10-12T09:48:10Z</time>
      </trkpt>
      <trkpt lat="41.962092" lon="13.751204">
        <ele>989.3</ele>
        <time>2025-10-12T09:48:11Z</time>
      </trkpt>
      <trkpt lat="41.962172" lon="13.751147">
        <ele>989.4</ele>
        <time>2025-10-12T09:48:12Z</time>
      </trkpt>
      <trkpt lat="41.962252" lon="13.751083">
        <ele>989.3</ele>
        <time>2025-10-12T09:48:13Z</time>
      </trkpt>
      <trkpt lat="41.962326" lon="13.751017">
        <ele>988.3</ele>
        <time>2025-10-12T09:48:14Z</time>
      </trkpt>
      <trkpt lat="41.962395" lon="13.750944">
        <ele>988.4</ele>
        <time>2025-10-12T09:48:15Z</time>
      </trkpt>
      <trkpt lat="41.962458" lon="13.750866">
        <ele>988.4</ele>
        <time>2025-10-12T09:48:16Z</time>
      </trkpt>
      <trkpt lat="41.962518" lon="13.750784">
        <ele>987.9</ele>
        <time>2025-10-12T09:48:17Z</time>
      </trkpt>
      <trkpt lat="41.962577" lon="13.750707">
        <ele>987.3</ele>
        <time>2025-10-12T09:48:18Z</time>
      </trkpt>
      <trkpt lat="41.962633" lon="13.750627">
        <ele>987.3</ele>
        <time>2025-10-12T09:48:19Z</time>
      </trkpt>
      <trkpt lat="41.962689" lon="13.750548">
        <ele>986.8</ele>
        <time>2025-10-12T09:48:20Z</time>
      </trkpt>
      <trkpt lat="41.962741" lon="13.750469">
        <ele>985.9</ele>
        <time>2025-10-12T09:48:21Z</time>
      </trkpt>
      <trkpt lat="41.962794" lon="13.750392">
        <ele>985.3</ele>
        <time>2025-10-12T09:48:22Z</time>
      </trkpt>
      <trkpt lat="41.962849" lon="13.75031">
        <ele>985.4</ele>
        <time>2025-10-12T09:48:23Z</time>
      </trkpt>
      <trkpt lat="41.962906" lon="13.750234">
        <ele>984.8</ele>
        <time>2025-10-12T09:48:24Z</time>
      </trkpt>
      <trkpt lat="41.962965" lon="13.750155">
        <ele>984.4</ele>
        <time>2025-10-12T09:48:25Z</time>
      </trkpt>
      <trkpt lat="41.963027" lon="13.750078">
        <ele>983.8</ele>
        <time>2025-10-12T09:48:26Z</time>
      </trkpt>
      <trkpt lat="41.963088" lon="13.750011">
        <ele>983.4</ele>
        <time>2025-10-12T09:48:27Z</time>
      </trkpt>
      <trkpt lat="41.963157" lon="13.749947">
        <ele>983.4</ele>
        <time>2025-10-12T09:48:28Z</time>
      </trkpt>
      <trkpt lat="41.963226" lon="13.749887">
        <ele>982.8</ele>
        <time>2025-10-12T09:48:29Z</time>
      </trkpt>
      <trkpt lat="41.963298" lon="13.749824">
        <ele>981.8</ele>
        <time>2025-10-12T09:48:30Z</time>
      </trkpt>
      <trkpt lat="41.963369" lon="13.749768">
        <ele>981.4</ele>
        <time>2025-10-12T09:48:31Z</time>
      </trkpt>
      <trkpt lat="41.963448" lon="13.749725">
        <ele>981.3</ele>
        <time>2025-10-12T09:48:32Z</time>
      </trkpt>
      <trkpt lat="41.96353" lon="13.749705">
        <ele>981.4</ele>
        <time>2025-10-12T09:48:33Z</time>
      </trkpt>
      <trkpt lat="41.963613" lon="13.749692">
        <ele>980.8</ele>
        <time>2025-10-12T09:48:34Z</time>
      </trkpt>
      <trkpt lat="41.963695" lon="13.749695">
        <ele>980.4</ele>
        <time>2025-10-12T09:48:35Z</time>
      </trkpt>
      <trkpt lat="41.963774" lon="13.749707">
        <ele>980.4</ele>
        <time>2025-10-12T09:48:36Z</time>
      </trkpt>
      <trkpt lat="41.963853" lon="13.749725">
        <ele>979.8</ele>
        <time>2025-10-12T09:48:37Z</time>
      </trkpt>
      <trkpt lat="41.963926" lon="13.749758">
        <ele>978.8</ele>
        <time>2025-10-12T09:48:38Z</time>
      </trkpt>
      <trkpt lat="41.963995" lon="13.749803">
        <ele>978.4</ele>
        <time>2025-10-12T09:48:39Z</time>
      </trkpt>
      <trkpt lat="41.964062" lon="13.749859">
        <ele>978.3</ele>
        <time>2025-10-12T09:48:40Z</time>
      </trkpt>
      <trkpt lat="41.964128" lon="13.749916">
        <ele>977.8</ele>
        <time>2025-10-12T09:48:41Z</time>
      </trkpt>
      <trkpt lat="41.964194" lon="13.749971">
        <ele>977.4</ele>
        <time>2025-10-12T09:48:42Z</time>
      </trkpt>
      <trkpt lat="41.964258" lon="13.750021">
        <ele>977.3</ele>
        <time>2025-10-12T09:48:43Z</time>
      </trkpt>
      <trkpt lat="41.964324" lon="13.750068">
        <ele>976.9</ele>
        <time>2025-10-12T09:48:44Z</time>
      </trkpt>
      <trkpt lat="41.96439" lon="13.750112">
        <ele>976.3</ele>
        <time>2025-10-12T09:48:45Z</time>
      </trkpt>
      <trkpt lat="41.964458" lon="13.75015">
        <ele>976.4</ele>
        <time>2025-10-12T09:48:46Z</time>
      </trkpt>
      <trkpt lat="41.964528" lon="13.750182">
        <ele>976.4</ele>
        <time>2025-10-12T09:48:47Z</time>
      </trkpt>
      <trkpt lat="41.964599" lon="13.750205">
        <ele>975.8</ele>
        <time>2025-10-12T09:48:48Z</time>
      </trkpt>
      <trkpt lat="41.964673" lon="13.75022">
        <ele>975.4</ele>
        <time>2025-10-12T09:48:49Z</time>
      </trkpt>
      <trkpt lat="41.964748" lon="13.75022">
        <ele>974.8</ele>
        <time>2025-10-12T09:48:50Z</time>
      </trkpt>
      <trkpt lat="41.964823" lon="13.750208">
        <ele>974.4</ele>
        <time>2025-10-12T09:48:51Z</time>
      </trkpt>
      <trkpt lat="41.964895" lon="13.750179">
        <ele>974.3</ele>
        <time>2025-10-12T09:48:52Z</time>
      </trkpt>
      <trkpt lat="41.964968" lon="13.750151">
        <ele>974.3</ele>
        <time>2025-10-12T09:48:53Z</time>
      </trkpt>
      <trkpt lat="41.965038" lon="13.750126">
        <ele>973.8</ele>
        <time>2025-10-12T09:48:54Z</time>
      </trkpt>
      <trkpt lat="41.96511" lon="13.750094">
        <ele>973.4</ele>
        <time>2025-10-12T09:48:55Z</time>
      </trkpt>
      <trkpt lat="41.965177" lon="13.750048">
        <ele>972.8</ele>
        <time>2025-10-12T09:48:56Z</time>
      </trkpt>
      <trkpt lat="41.96524" lon="13.750004">
        <ele>972.3</ele>
        <time>2025-10-12T09:48:57Z</time>
      </trkpt>
      <trkpt lat="41.965307" lon="13.749957">
        <ele>971.8</ele>
        <time>2025-10-12T09:48:58Z</time>
      </trkpt>
      <trkpt lat="41.965371" lon="13.749911">
        <ele>971.4</ele>
        <time>2025-10-12T09:48:59Z</time>
      </trkpt>
      <trkpt lat="41.96543" lon="13.749856">
        <ele>971.4</ele>
        <time>2025-10-12T09:49:00Z</time>
      </trkpt>
      <trkpt lat="41.96549" lon="13.749803">
        <ele>971.4</ele>
        <time>2025-10-12T09:49:01Z</time>
      </trkpt>
      <trkpt lat="41.965551" lon="13.74975">
        <ele>971.3</ele>
        <time>2025-10-12T09:49:02Z</time>
      </trkpt>
      <trkpt lat="41.965609" lon="13.749691">
        <ele>970.8</ele>
        <time>2025-10-12T09:49:03Z</time>
      </trkpt>
      <trkpt lat="41.965668" lon="13.749633">
        <ele>970.4</ele>
        <time>2025-10-12T09:49:04Z</time>
      </trkpt>
      <trkpt lat="41.965724" lon="13.749576">
        <ele>970.4</ele>
        <time>2025-10-12T09:49:05Z</time>
      </trkpt>
      <trkpt lat="41.965778" lon="13.74951">
        <ele>969.9</ele>
        <time>2025-10-12T09:49:06Z</time>
      </trkpt>
      <trkpt lat="41.965824" lon="13.749438">
        <ele>969.3</ele>
        <time>2025-10-12T09:49:07Z</time>
      </trkpt>
      <trkpt lat="41.965864" lon="13.749358">
        <ele>969.4</ele>
        <time>2025-10-12T09:49:08Z</time>
      </trkpt>
      <trkpt lat="41.965898" lon="13.749271">
        <ele>969.4</ele>
        <time>2025-10-12T09:49:09Z</time>
      </trkpt>
      <trkpt lat="41.965927" lon="13.749174">
        <ele>969.4</ele>
        <time>2025-10-12T09:49:10Z</time>
      </trkpt>
      <trkpt lat="41.96595" lon="13.749074">
        <ele>969.3</ele>
        <time>2025-10-12T09:49:11Z</time>
      </trkpt>
      <trkpt lat="41.965972" lon="13.748973">
        <ele>969.3</ele>
        <time>2025-10-12T09:49:12Z</time>
      </trkpt>
      <trkpt lat="41.966001" lon="13.748876">
        <ele>968.9</ele>
        <time>2025-10-12T09:49:13Z</time>
      </trkpt>
      <trkpt lat="41.966037" lon="13.748781">
        <ele>968.3</ele>
        <time>2025-10-12T09:49:14Z</time>
      </trkpt>
      <trkpt lat="41.966078" lon="13.748695">
        <ele>967.9</ele>
        <time>2025-10-12T09:49:15Z</time>
      </trkpt>
      <trkpt lat="41.96613" lon="13.748617">
        <ele>967.4</ele>
        <time>2025-10-12T09:49:16Z</time>
      </trkpt>
      <trkpt lat="41.96619" lon="13.748545">
        <ele>966.9</ele>
        <time>2025-10-12T09:49:17Z</time>
      </trkpt>
      <trkpt lat="41.966254" lon="13.748481">
        <ele>966.3</ele>
        <time>2025-10-12T09:49:18Z</time>
      </trkpt>
      <trkpt lat="41.966321" lon="13.748429">
        <ele>966.3</ele>
        <time>2025-10-12T09:49:19Z</time>
      </trkpt>
      <trkpt lat="41.966386" lon="13.748382">
        <ele>966.3</ele>
        <time>2025-10-12T09:49:20Z</time>
      </trkpt>
      <trkpt lat="41.966456" lon="13.748342">
        <ele>966.3</ele>
        <time>2025-10-12T09:49:21Z</time>
      </trkpt>
      <trkpt lat="41.966527" lon="13.748301">
        <ele>966.3</ele>
        <time>2025-10-12T09:49:22Z</time>
      </trkpt>
      <trkpt lat="41.966593" lon="13.74826">
        <ele>965.8</ele>
        <time>2025-10-12T09:49:23Z</time>
      </trkpt>
      <trkpt lat="41.966664" lon="13.748222">
        <ele>965.3</ele>
        <time>2025-10-12T09:49:24Z</time>
      </trkpt>
      <trkpt lat="41.966735" lon="13.748179">
        <ele>964.9</ele>
        <time>2025-10-12T09:49:25Z</time>
      </trkpt>
      <trkpt lat="41.966809" lon="13.748133">
        <ele>964.4</ele>
        <time>2025-10-12T09:49:26Z</time>
      </trkpt>
      <trkpt lat="41.966883" lon="13.748089">
        <ele>963.9</ele>
        <time>2025-10-12T09:49:27Z</time>
      </trkpt>
      <trkpt lat="41.966958" lon="13.748051">
        <ele>963.3</ele>
        <time>2025-10-12T09:49:28Z</time>
      </trkpt>
      <trkpt lat="41.967032" lon="13.748012">
        <ele>962.8</ele>
        <time>2025-10-12T09:49:29Z</time>
      </trkpt>
      <trkpt lat="41.967106" lon="13.747972">
        <ele>962.3</ele>
        <time>2025-10-12T09:49:30Z</time>
      </trkpt>
      <trkpt lat="41.96718" lon="13.747928">
        <ele>962.3</ele>
        <time>2025-10-12T09:49:31Z</time>
      </trkpt>
      <trkpt lat="41.967256" lon="13.747892">
        <ele>961.9</ele>
        <time>2025-10-12T09:49:32Z</time>
      </trkpt>
      <trkpt lat="41.967335" lon="13.74787">
        <ele>961.4</ele>
        <time>2025-10-12T09:49:33Z</time>
      </trkpt>
      <trkpt lat="41.967415" lon="13.747853">
        <ele>961.3</ele>
        <time>2025-10-12T09:49:34Z</time>
      </trkpt>
      <trkpt lat="41.967495" lon="13.74784">
        <ele>961.3</ele>
        <time>2025-10-12T09:49:35Z</time>
      </trkpt>
      <trkpt lat="41.96757" lon="13.747835">
        <ele>960.9</ele>
        <time>2025-10-12T09:49:36Z</time>
      </trkpt>
      <trkpt lat="41.967652" lon="13.747825">
        <ele>960.4</ele>
        <time>2025-10-12T09:49:37Z</time>
      </trkpt>
      <trkpt lat="41.967733" lon="13.747808">
        <ele>959.8</ele>
        <time>2025-10-12T09:49:38Z</time>
      </trkpt>
      <trkpt lat="41.967816" lon="13.747786">
        <ele>959.3</ele>
        <time>2025-10-12T09:49:39Z</time>
      </trkpt>
      <trkpt lat="41.967895" lon="13.747755">
        <ele>958.8</ele>
        <time>2025-10-12T09:49:40Z</time>
      </trkpt>
      <trkpt lat="41.967972" lon="13.747719">
        <ele>958.4</ele>
        <time>2025-10-12T09:49:41Z</time>
      </trkpt>
      <trkpt lat="41.968049" lon="13.747683">
        <ele>958.3</ele>
        <time>2025-10-12T09:49:42Z</time>
      </trkpt>
      <trkpt lat="41.96813" lon="13.747639">
        <ele>958.3</ele>
        <time>2025-10-12T09:49:43Z</time>
      </trkpt>
      <trkpt lat="41.968206" lon="13.747592">
        <ele>957.9</ele>
        <time>2025-10-12T09:49:44Z</time>
      </trkpt>
      <trkpt lat="41.968289" lon="13.747553">
        <ele>957.4</ele>
        <time>2025-10-12T09:49:45Z</time>
      </trkpt>
      <trkpt lat="41.968376" lon="13.747511">
        <ele>956.8</ele>
        <time>2025-10-12T09:49:46Z</time>
      </trkpt>
      <trkpt lat="41.96847" lon="13.747471">
        <ele>955.8</ele>
        <time>2025-10-12T09:49:47Z</time>
      </trkpt>
      <trkpt lat="41.968564" lon="13.747437">
        <ele>955.3</ele>
        <time>2025-10-12T09:49:48Z</time>
      </trkpt>
      <trkpt lat="41.968662" lon="13.747418">
        <ele>954.4</ele>
        <time>2025-10-12T09:49:49Z</time>
      </trkpt>
      <trkpt lat="41.968759" lon="13.747402">
        <ele>953.3</ele>
        <time>2025-10-12T09:49:50Z</time>
      </trkpt>
      <trkpt lat="41.968856" lon="13.74739">
        <ele>953.3</ele>
        <time>2025-10-12T09:49:51Z</time>
      </trkpt>
      <trkpt lat="41.968955" lon="13.747386">
        <ele>952.4</ele>
        <time>2025-10-12T09:49:52Z</time>
      </trkpt>
      <trkpt lat="41.969054" lon="13.747381">
        <ele>952.3</ele>
        <time>2025-10-12T09:49:53Z</time>
      </trkpt>
      <trkpt lat="41.969155" lon="13.747375">
        <ele>951.3</ele>
        <time>2025-10-12T09:49:54Z</time>
      </trkpt>
      <trkpt lat="41.969256" lon="13.747374">
        <ele>951.3</ele>
        <time>2025-10-12T09:49:55Z</time>
      </trkpt>
      <trkpt lat="41.969356" lon="13.747378">
        <ele>951.3</ele>
        <time>2025-10-12T09:49:56Z</time>
      </trkpt>
      <trkpt lat="41.969456" lon="13.747395">
        <ele>951.3</ele>
        <time>2025-10-12T09:49:57Z</time>
      </trkpt>
      <trkpt lat="41.969553" lon="13.747414">
        <ele>950.3</ele>
        <time>2025-10-12T09:49:58Z</time>
      </trkpt>
      <trkpt lat="41.969647" lon="13.747437">
        <ele>950.3</ele>
        <time>2025-10-12T09:49:59Z</time>
      </trkpt>
      <trkpt lat="41.969738" lon="13.747453">
        <ele>950.3</ele>
        <time>2025-10-12T09:50:00Z</time>
      </trkpt>
      <trkpt lat="41.96983" lon="13.74747">
        <ele>950.4</ele>
        <time>2025-10-12T09:50:01Z</time>
      </trkpt>
      <trkpt lat="41.96992" lon="13.747479">
        <ele>949.3</ele>
        <time>2025-10-12T09:50:02Z</time>
      </trkpt>
      <trkpt lat="41.970012" lon="13.747482">
        <ele>949.3</ele>
        <time>2025-10-12T09:50:03Z</time>
      </trkpt>
      <trkpt lat="41.9701" lon="13.747478">
        <ele>949.3</ele>
        <time>2025-10-12T09:50:04Z</time>
      </trkpt>
      <trkpt lat="41.970187" lon="13.747462">
        <ele>948.4</ele>
        <time>2025-10-12T09:50:05Z</time>
      </trkpt>
      <trkpt lat="41.970274" lon="13.747445">
        <ele>948.4</ele>
        <time>2025-10-12T09:50:06Z</time>
      </trkpt>
      <trkpt lat="41.97036" lon="13.747426">
        <ele>947.9</ele>
        <time>2025-10-12T09:50:07Z</time>
      </trkpt>
      <trkpt lat="41.970447" lon="13.747408">
        <ele>947.4</ele>
        <time>2025-10-12T09:50:08Z</time>
      </trkpt>
      <trkpt lat="41.970531" lon="13.747396">
        <ele>946.8</ele>
        <time>2025-10-12T09:50:09Z</time>
      </trkpt>
      <trkpt lat="41.970622" lon="13.747392">
        <ele>946.4</ele>
        <time>2025-10-12T09:50:10Z</time>
      </trkpt>
      <trkpt lat="41.970713" lon="13.7474">
        <ele>945.8</ele>
        <time>2025-10-12T09:50:11Z</time>
      </trkpt>
      <trkpt lat="41.970805" lon="13.747417">
        <ele>944.9</ele>
        <time>2025-10-12T09:50:12Z</time>
      </trkpt>
      <trkpt lat="41.970894" lon="13.747439">
        <ele>944.3</ele>
        <time>2025-10-12T09:50:13Z</time>
      </trkpt>
      <trkpt lat="41.970982" lon="13.747464">
        <ele>944.4</ele>
        <time>2025-10-12T09:50:14Z</time>
      </trkpt>
      <trkpt lat="41.971071" lon="13.747485">
        <ele>944.3</ele>
        <time>2025-10-12T09:50:15Z</time>
      </trkpt>
      <trkpt lat="41.971158" lon="13.747493">
        <ele>943.3</ele>
        <time>2025-10-12T09:50:16Z</time>
      </trkpt>
      <trkpt lat="41.971245" lon="13.747478">
        <ele>943.8</ele>
        <time>2025-10-12T09:50:17Z</time>
      </trkpt>
      <trkpt lat="41.971324" lon="13.747434">
        <ele>943.8</ele>
        <time>2025-10-12T09:50:18Z</time>
      </trkpt>
      <trkpt lat="41.971393" lon="13.747362">
        <ele>944.3</ele>
        <time>2025-10-12T09:50:19Z</time>
      </trkpt>
      <trkpt lat="41.971451" lon="13.747281">
        <ele>944.3</ele>
        <time>2025-10-12T09:50:20Z</time>
      </trkpt>
      <trkpt lat="41.971505" lon="13.747191">
        <ele>943.9</ele>
        <time>2025-10-12T09:50:21Z</time>
      </trkpt>
      <trkpt lat="41.971563" lon="13.747108">
        <ele>943.4</ele>
        <time>2025-10-12T09:50:22Z</time>
      </trkpt>
      <trkpt lat="41.971613" lon="13.74703">
        <ele>943.3</ele>
        <time>2025-10-12T09:50:23Z</time>
      </trkpt>
      <trkpt lat="41.971664" lon="13.746945">
        <ele>943.3</ele>
        <time>2025-10-12T09:50:24Z</time>
      </trkpt>
      <trkpt lat="41.971714" lon="13.746865">
        <ele>943.3</ele>
        <time>2025-10-12T09:50:25Z</time>
      </trkpt>
      <trkpt lat="41.971768" lon="13.746789">
        <ele>942.8</ele>
        <time>2025-10-12T09:50:26Z</time>
      </trkpt>
      <trkpt lat="41.971823" lon="13.746715">
        <ele>942.3</ele>
        <time>2025-10-12T09:50:27Z</time>
      </trkpt>
      <trkpt lat="41.971882" lon="13.746649">
        <ele>942.4</ele>
        <time>2025-10-12T09:50:28Z</time>
      </trkpt>
      <trkpt lat="41.971944" lon="13.746586">
        <ele>942.4</ele>
        <time>2025-10-12T09:50:29Z</time>
      </trkpt>
      <trkpt lat="41.972009" lon="13.74653">
        <ele>942.3</ele>
        <time>2025-10-12T09:50:30Z</time>
      </trkpt>
      <trkpt lat="41.972075" lon="13.746477">
        <ele>942.3</ele>
        <time>2025-10-12T09:50:31Z</time>
      </trkpt>
      <trkpt lat="41.97214" lon="13.746436">
        <ele>942.3</ele>
        <time>2025-10-12T09:50:32Z</time>
      </trkpt>
      <trkpt lat="41.972207" lon="13.7464">
        <ele>941.8</ele>
        <time>2025-10-12T09:50:33Z</time>
      </trkpt>
      <trkpt lat="41.972269" lon="13.746366">
        <ele>941.3</ele>
        <time>2025-10-12T09:50:34Z</time>
      </trkpt>
      <trkpt lat="41.97234" lon="13.746338">
        <ele>941.4</ele>
        <time>2025-10-12T09:50:35Z</time>
      </trkpt>
      <trkpt lat="41.972411" lon="13.74631">
        <ele>941.4</ele>
        <time>2025-10-12T09:50:36Z</time>
      </trkpt>
      <trkpt lat="41.97248" lon="13.746281">
        <ele>941.4</ele>
        <time>2025-10-12T09:50:37Z</time>
      </trkpt>
      <trkpt lat="41.972547" lon="13.746255">
        <ele>941.4</ele>
        <time>2025-10-12T09:50:38Z</time>
      </trkpt>
      <trkpt lat="41.972614" lon="13.746225">
        <ele>941.3</ele>
        <time>2025-10-12T09:50:39Z</time>
      </trkpt>
      <trkpt lat="41.972682" lon="13.746198">
        <ele>941.4</ele>
        <time>2025-10-12T09:50:40Z</time>
      </trkpt>
      <trkpt lat="41.972751" lon="13.746168">
        <ele>941.4</ele>
        <time>2025-10-12T09:50:41Z</time>
      </trkpt>
      <trkpt lat="41.97282" lon="13.746142">
        <ele>940.9</ele>
        <time>2025-10-12T09:50:42Z</time>
      </trkpt>
      <trkpt lat="41.972889" lon="13.746114">
        <ele>940.3</ele>
        <time>2025-10-12T09:50:43Z</time>
      </trkpt>
      <trkpt lat="41.972957" lon="13.746088">
        <ele>940.4</ele>
        <time>2025-10-12T09:50:44Z</time>
      </trkpt>
      <trkpt lat="41.973029" lon="13.74606">
        <ele>940.3</ele>
        <time>2025-10-12T09:50:45Z</time>
      </trkpt>
      <trkpt lat="41.973097" lon="13.746035">
        <ele>940.4</ele>
        <time>2025-10-12T09:50:46Z</time>
      </trkpt>
      <trkpt lat="41.973165" lon="13.746006">
        <ele>940.4</ele>
        <time>2025-10-12T09:50:47Z</time>
      </trkpt>
      <trkpt lat="41.973233" lon="13.745978">
        <ele>940.4</ele>
        <time>2025-10-12T09:50:48Z</time>
      </trkpt>
      <trkpt lat="41.973304" lon="13.745948">
        <ele>940.3</ele>
        <time>2025-10-12T09:50:49Z</time>
      </trkpt>
      <trkpt lat="41.973374" lon="13.745927">
        <ele>940.4</ele>
        <time>2025-10-12T09:50:50Z</time>
      </trkpt>
      <trkpt lat="41.973443" lon="13.745899">
        <ele>940.4</ele>
        <time>2025-10-12T09:50:51Z</time>
      </trkpt>
      <trkpt lat="41.973507" lon="13.745869">
        <ele>940.4</ele>
        <time>2025-10-12T09:50:52Z</time>
      </trkpt>
      <trkpt lat="41.97357" lon="13.74583">
        <ele>939.9</ele>
        <time>2025-10-12T09:50:53Z</time>
      </trkpt>
      <trkpt lat="41.973633" lon="13.745788">
        <ele>939.3</ele>
        <time>2025-10-12T09:50:54Z</time>
      </trkpt>
      <trkpt lat="41.973695" lon="13.745745">
        <ele>939.3</ele>
        <time>2025-10-12T09:50:55Z</time>
      </trkpt>
      <trkpt lat="41.973754" lon="13.745695">
        <ele>939.3</ele>
        <time>2025-10-12T09:50:56Z</time>
      </trkpt>
      <trkpt lat="41.97381" lon="13.74564">
        <ele>939.4</ele>
        <time>2025-10-12T09:50:57Z</time>
      </trkpt>
      <trkpt lat="41.973861" lon="13.745578">
        <ele>938.8</ele>
        <time>2025-10-12T09:50:58Z</time>
      </trkpt>
      <trkpt lat="41.973915" lon="13.745516">
        <ele>938.3</ele>
        <time>2025-10-12T09:50:59Z</time>
      </trkpt>
      <trkpt lat="41.97397" lon="13.745458">
        <ele>938.3</ele>
        <time>2025-10-12T09:51:00Z</time>
      </trkpt>
      <trkpt lat="41.974025" lon="13.7454">
        <ele>938.3</ele>
        <time>2025-10-12T09:51:01Z</time>
      </trkpt>
      <trkpt lat="41.974079" lon="13.745341">
        <ele>938.3</ele>
        <time>2025-10-12T09:51:02Z</time>
      </trkpt>
      <trkpt lat="41.974134" lon="13.745282">
        <ele>938.4</ele>
        <time>2025-10-12T09:51:03Z</time>
      </trkpt>
      <trkpt lat="41.97419" lon="13.74523">
        <ele>938.4</ele>
        <time>2025-10-12T09:51:04Z</time>
      </trkpt>
      <trkpt lat="41.974255" lon="13.74519">
        <ele>938.3</ele>
        <time>2025-10-12T09:51:05Z</time>
      </trkpt>
      <trkpt lat="41.974321" lon="13.745154">
        <ele>937.9</ele>
        <time>2025-10-12T09:51:06Z</time>
      </trkpt>
      <trkpt lat="41.974388" lon="13.745126">
        <ele>937.4</ele>
        <time>2025-10-12T09:51:07Z</time>
      </trkpt>
      <trkpt lat="41.974457" lon="13.745106">
        <ele>937.4</ele>
        <time>2025-10-12T09:51:08Z</time>
      </trkpt>
      <trkpt lat="41.97453" lon="13.745097">
        <ele>937.3</ele>
        <time>2025-10-12T09:51:09Z</time>
      </trkpt>
      <trkpt lat="41.974605" lon="13.745088">
        <ele>937.3</ele>
        <time>2025-10-12T09:51:10Z</time>
      </trkpt>
      <trkpt lat="41.974678" lon="13.745086">
        <ele>937.4</ele>
        <time>2025-10-12T09:51:11Z</time>
      </trkpt>
      <trkpt lat="41.974749" lon="13.745073">
        <ele>936.9</ele>
        <time>2025-10-12T09:51:12Z</time>
      </trkpt>
      <trkpt lat="41.974819" lon="13.745057">
        <ele>936.4</ele>
        <time>2025-10-12T09:51:13Z</time>
      </trkpt>
      <trkpt lat="41.974887" lon="13.745046">
        <ele>935.8</ele>
        <time>2025-10-12T09:51:14Z</time>
      </trkpt>
      <trkpt lat="41.974954" lon="13.745036">
        <ele>935.3</ele>
        <time>2025-10-12T09:51:15Z</time>
      </trkpt>
      <trkpt lat="41.975023" lon="13.745027">
        <ele>934.8</ele>
        <time>2025-10-12T09:51:16Z</time>
      </trkpt>
      <trkpt lat="41.975092" lon="13.74502">
        <ele>934.3</ele>
        <time>2025-10-12T09:51:17Z</time>
      </trkpt>
      <trkpt lat="41.975165" lon="13.74502">
        <ele>934.4</ele>
        <time>2025-10-12T09:51:18Z</time>
      </trkpt>
      <trkpt lat="41.975237" lon="13.745026">
        <ele>934.3</ele>
        <time>2025-10-12T09:51:19Z</time>
      </trkpt>
      <trkpt lat="41.975307" lon="13.74504">
        <ele>934.3</ele>
        <time>2025-10-12T09:51:20Z</time>
      </trkpt>
      <trkpt lat="41.975378" lon="13.745055">
        <ele>934.4</ele>
        <time>2025-10-12T09:51:21Z</time>
      </trkpt>
      <trkpt lat="41.975447" lon="13.74507">
        <ele>934.3</ele>
        <time>2025-10-12T09:51:22Z</time>
      </trkpt>
      <trkpt lat="41.975516" lon="13.74508">
        <ele>933.9</ele>
        <time>2025-10-12T09:51:23Z</time>
      </trkpt>
      <trkpt lat="41.975588" lon="13.745085">
        <ele>933.3</ele>
        <time>2025-10-12T09:51:24Z</time>
      </trkpt>
      <trkpt lat="41.975656" lon="13.745083">
        <ele>933.3</ele>
        <time>2025-10-12T09:51:25Z</time>
      </trkpt>
      <trkpt lat="41.975723" lon="13.745071">
        <ele>933.4</ele>
        <time>2025-10-12T09:51:26Z</time>
      </trkpt>
      <trkpt lat="41.975786" lon="13.745052">
        <ele>933.4</ele>
        <time>2025-10-12T09:51:27Z</time>
      </trkpt>
      <trkpt lat="41.975847" lon="13.745031">
        <ele>933.4</ele>
        <time>2025-10-12T09:51:28Z</time>
      </trkpt>
      <trkpt lat="41.97591" lon="13.745003">
        <ele>933.3</ele>
        <time>2025-10-12T09:51:29Z</time>
      </trkpt>
      <trkpt lat="41.975974" lon="13.744974">
        <ele>933.4</ele>
        <time>2025-10-12T09:51:30Z</time>
      </trkpt>
      <trkpt lat="41.976035" lon="13.744948">
        <ele>933.3</ele>
        <time>2025-10-12T09:51:31Z</time>
      </trkpt>
      <trkpt lat="41.976094" lon="13.744921">
        <ele>933.4</ele>
        <time>2025-10-12T09:51:32Z</time>
      </trkpt>
      <trkpt lat="41.976154" lon="13.744887">
        <ele>933.4</ele>
        <time>2025-10-12T09:51:33Z</time>
      </trkpt>
      <trkpt lat="41.976211" lon="13.74486">
        <ele>933.3</ele>
        <time>2025-10-12T09:51:34Z</time>
      </trkpt>
      <trkpt lat="41.976269" lon="13.744833">
        <ele>933.4</ele>
        <time>2025-10-12T09:51:35Z</time>
      </trkpt>
      <trkpt lat="41.976324" lon="13.744803">
        <ele>933.4</ele>
        <time>2025-10-12T09:51:36Z</time>
      </trkpt>
      <trkpt lat="41.976381" lon="13.744783">
        <ele>933.4</ele>
        <time>2025-10-12T09:51:37Z</time>
      </trkpt>
      <trkpt lat="41.976437" lon="13.744761">
        <ele>933.4</ele>
        <time>2025-10-12T09:51:38Z</time>
      </trkpt>
      <trkpt lat="41.976495" lon="13.744748">
        <ele>932.3</ele>
        <time>2025-10-12T09:51:39Z</time>
      </trkpt>
      <trkpt lat="41.976555" lon="13.744739">
        <ele>932.3</ele>
        <time>2025-10-12T09:51:40Z</time>
      </trkpt>
      <trkpt lat="41.976613" lon="13.744732">
        <ele>932.3</ele>
        <time>2025-10-12T09:51:41Z</time>
      </trkpt>
      <trkpt lat="41.976672" lon="13.744734">
        <ele>932.4</ele>
        <time>2025-10-12T09:51:42Z</time>
      </trkpt>
      <trkpt lat="41.97673" lon="13.744744">
        <ele>932.4</ele>
        <time>2025-10-12T09:51:43Z</time>
      </trkpt>
      <trkpt lat="41.976787" lon="13.744765">
        <ele>932.4</ele>
        <time>2025-10-12T09:51:44Z</time>
      </trkpt>
      <trkpt lat="41.976842" lon="13.744786">
        <ele>932.4</ele>
        <time>2025-10-12T09:51:45Z</time>
      </trkpt>
      <trkpt lat="41.976898" lon="13.744808">
        <ele>932.3</ele>
        <time>2025-10-12T09:51:46Z</time>
      </trkpt>
      <trkpt lat="41.976953" lon="13.744828">
        <ele>932.3</ele>
        <time>2025-10-12T09:51:47Z</time>
      </trkpt>
      <trkpt lat="41.977009" lon="13.744844">
        <ele>932.3</ele>
        <time>2025-10-12T09:51:48Z</time>
      </trkpt>
      <trkpt lat="41.977063" lon="13.744859">
        <ele>932.3</ele>
        <time>2025-10-12T09:51:49Z</time>
      </trkpt>
      <trkpt lat="41.977118" lon="13.744865">
        <ele>932.4</ele>
        <time>2025-10-12T09:51:50Z</time>
      </trkpt>
      <trkpt lat="41.977175" lon="13.744873">
        <ele>931.3</ele>
        <time>2025-10-12T09:51:51Z</time>
      </trkpt>
      <trkpt lat="41.977232" lon="13.744872">
        <ele>931.4</ele>
        <time>2025-10-12T09:51:52Z</time>
      </trkpt>
      <trkpt lat="41.97729" lon="13.744864">
        <ele>931.4</ele>
        <time>2025-10-12T09:51:53Z</time>
      </trkpt>
      <trkpt lat="41.977348" lon="13.744853">
        <ele>932.4</ele>
        <time>2025-10-12T09:51:54Z</time>
      </trkpt>
      <trkpt lat="41.977405" lon="13.744841">
        <ele>932.4</ele>
        <time>2025-10-12T09:51:55Z</time>
      </trkpt>
      <trkpt lat="41.977462" lon="13.744822">
        <ele>932.4</ele>
        <time>2025-10-12T09:51:56Z</time>
      </trkpt>
      <trkpt lat="41.977517" lon="13.744797">
        <ele>932.3</ele>
        <time>2025-10-12T09:51:57Z</time>
      </trkpt>
      <trkpt lat="41.977568" lon="13.744774">
        <ele>932.4</ele>
        <time>2025-10-12T09:51:58Z</time>
      </trkpt>
      <trkpt lat="41.977619" lon="13.744739">
        <ele>932.4</ele>
        <time>2025-10-12T09:51:59Z</time>
      </trkpt>
      <trkpt lat="41.977671" lon="13.744705">
        <ele>931.3</ele>
        <time>2025-10-12T09:52:00Z</time>
      </trkpt>
      <trkpt lat="41.977723" lon="13.744667">
        <ele>931.4</ele>
        <time>2025-10-12T09:52:01Z</time>
      </trkpt>
      <trkpt lat="41.977771" lon="13.744624">
        <ele>931.3</ele>
        <time>2025-10-12T09:52:02Z</time>
      </trkpt>
      <trkpt lat="41.97782" lon="13.744584">
        <ele>931.4</ele>
        <time>2025-10-12T09:52:03Z</time>
      </trkpt>
      <trkpt lat="41.977869" lon="13.744546">
        <ele>931.4</ele>
        <time>2025-10-12T09:52:04Z</time>
      </trkpt>
      <trkpt lat="41.977923" lon="13.744513">
        <ele>932.4</ele>
        <time>2025-10-12T09:52:05Z</time>
      </trkpt>
      <trkpt lat="41.977979" lon="13.744482">
        <ele>932.3</ele>
        <time>2025-10-12T09:52:06Z</time>
      </trkpt>
      <trkpt lat="41.978035" lon="13.744454">
        <ele>932.3</ele>
        <time>2025-10-12T09:52:07Z</time>
      </trkpt>
      <trkpt lat="41.978089" lon="13.744428">
        <ele>931.4</ele>
        <time>2025-10-12T09:52:08Z</time>
      </trkpt>
      <trkpt lat="41.978148" lon="13.744401">
        <ele>931.4</ele>
        <time>2025-10-12T09:52:09Z</time>
      </trkpt>
      <trkpt lat="41.978205" lon="13.744377">
        <ele>931.4</ele>
        <time>2025-10-12T09:52:10Z</time>
      </trkpt>
      <trkpt lat="41.978258" lon="13.744352">
        <ele>931.4</ele>
        <time>2025-10-12T09:52:11Z</time>
      </trkpt>
      <trkpt lat="41.978315" lon="13.744332">
        <ele>931.4</ele>
        <time>2025-10-12T09:52:12Z</time>
      </trkpt>
      <trkpt lat="41.978372" lon="13.744309">
        <ele>931.3</ele>
        <time>2025-10-12T09:52:13Z</time>
      </trkpt>
      <trkpt lat="41.97843" lon="13.744287">
        <ele>931.4</ele>
        <time>2025-10-12T09:52:14Z</time>
      </trkpt>
      <trkpt lat="41.978484" lon="13.74426">
        <ele>931.3</ele>
        <time>2025-10-12T09:52:15Z</time>
      </trkpt>
      <trkpt lat="41.978537" lon="13.744235">
        <ele>931.3</ele>
        <time>2025-10-12T09:52:16Z</time>
      </trkpt>
      <trkpt lat="41.978593" lon="13.744213">
        <ele>931.4</ele>
        <time>2025-10-12T09:52:17Z</time>
      </trkpt>
      <trkpt lat="41.97865" lon="13.74419">
        <ele>931.4</ele>
        <time>2025-10-12T09:52:18Z</time>
      </trkpt>
      <trkpt lat="41.978704" lon="13.744162">
        <ele>931.3</ele>
        <time>2025-10-12T09:52:19Z</time>
      </trkpt>
      <trkpt lat="41.978759" lon="13.744136">
        <ele>931.3</ele>
        <time>2025-10-12T09:52:20Z</time>
      </trkpt>
      <trkpt lat="41.978814" lon="13.744108">
        <ele>931.3</ele>
        <time>2025-10-12T09:52:21Z</time>
      </trkpt>
      <trkpt lat="41.978869" lon="13.744073">
        <ele>931.3</ele>
        <time>2025-10-12T09:52:22Z</time>
      </trkpt>
      <trkpt lat="41.978921" lon="13.744038">
        <ele>931.4</ele>
        <time>2025-10-12T09:52:23Z</time>
      </trkpt>
      <trkpt lat="41.978976" lon="13.744006">
        <ele>931.3</ele>
        <time>2025-10-12T09:52:24Z</time>
      </trkpt>
      <trkpt lat="41.979029" lon="13.743982">
        <ele>931.4</ele>
        <time>2025-10-12T09:52:25Z</time>
      </trkpt>
      <trkpt lat="41.97908" lon="13.743952">
        <ele>931.3</ele>
        <time>2025-10-12T09:52:26Z</time>
      </trkpt>
      <trkpt lat="41.97913" lon="13.743916">
        <ele>931.3</ele>
        <time>2025-10-12T09:52:27Z</time>
      </trkpt>
      <trkpt lat="41.979183" lon="13.743879">
        <ele>931.3</ele>
        <time>2025-10-12T09:52:28Z</time>
      </trkpt>
      <trkpt lat="41.979238" lon="13.743843">
        <ele>931.4</ele>
        <time>2025-10-12T09:52:29Z</time>
      </trkpt>
      <trkpt lat="41.979296" lon="13.743814">
        <ele>931.3</ele>
        <time>2025-10-12T09:52:30Z</time>
      </trkpt>
      <trkpt lat="41.979351" lon="13.743785">
        <ele>931.4</ele>
        <time>2025-10-12T09:52:31Z</time>
      </trkpt>
      <trkpt lat="41.979403" lon="13.743751">
        <ele>931.4</ele>
        <time>2025-10-12T09:52:32Z</time>
      </trkpt>
      <trkpt lat="41.979458" lon="13.743719">
        <ele>931.3</ele>
        <time>2025-10-12T09:52:33Z</time>
      </trkpt>
      <trkpt lat="41.979514" lon="13.743695">
        <ele>931.4</ele>
        <time>2025-10-12T09:52:34Z</time>
      </trkpt>
      <trkpt lat="41.979573" lon="13.743673">
        <ele>930.3</ele>
        <time>2025-10-12T09:52:35Z</time>
      </trkpt>
      <trkpt lat="41.97963" lon="13.743652">
        <ele>930.3</ele>
        <time>2025-10-12T09:52:36Z</time>
      </trkpt>
      <trkpt lat="41.979687" lon="13.743632">
        <ele>930.3</ele>
        <time>2025-10-12T09:52:37Z</time>
      </trkpt>
      <trkpt lat="41.979743" lon="13.743612">
        <ele>930.4</ele>
        <time>2025-10-12T09:52:38Z</time>
      </trkpt>
      <trkpt lat="41.979799" lon="13.743596">
        <ele>930.3</ele>
        <time>2025-10-12T09:52:39Z</time>
      </trkpt>
      <trkpt lat="41.979856" lon="13.743576">
        <ele>930.3</ele>
        <time>2025-10-12T09:52:40Z</time>
      </trkpt>
      <trkpt lat="41.979912" lon="13.743553">
        <ele>929.4</ele>
        <time>2025-10-12T09:52:41Z</time>
      </trkpt>
      <trkpt lat="41.979965" lon="13.743524">
        <ele>929.4</ele>
        <time>2025-10-12T09:52:42Z</time>
      </trkpt>
      <trkpt lat="41.980016" lon="13.743493">
        <ele>929.4</ele>
        <time>2025-10-12T09:52:43Z</time>
      </trkpt>
      <trkpt lat="41.980071" lon="13.743461">
        <ele>929.3</ele>
        <time>2025-10-12T09:52:44Z</time>
      </trkpt>
      <trkpt lat="41.980122" lon="13.743422">
        <ele>929.3</ele>
        <time>2025-10-12T09:52:45Z</time>
      </trkpt>
      <trkpt lat="41.980171" lon="13.743388">
        <ele>929.4</ele>
        <time>2025-10-12T09:52:46Z</time>
      </trkpt>
      <trkpt lat="41.980222" lon="13.743358">
        <ele>929.3</ele>
        <time>2025-10-12T09:52:47Z</time>
      </trkpt>
      <trkpt lat="41.980275" lon="13.743328">
        <ele>929.4</ele>
        <time>2025-10-12T09:52:48Z</time>
      </trkpt>
      <trkpt lat="41.980328" lon="13.743296">
        <ele>929.4</ele>
        <time>2025-10-12T09:52:49Z</time>
      </trkpt>
      <trkpt lat="41.980374" lon="13.743264">
        <ele>929.4</ele>
        <time>2025-10-12T09:52:50Z</time>
      </trkpt>
      <trkpt lat="41.980423" lon="13.743237">
        <ele>929.4</ele>
        <time>2025-10-12T09:52:51Z</time>
      </trkpt>
      <trkpt lat="41.980471" lon="13.743198">
        <ele>929.4</ele>
        <time>2025-10-12T09:52:52Z</time>
      </trkpt>
      <trkpt lat="41.980518" lon="13.743161">
        <ele>929.4</ele>
        <time>2025-10-12T09:52:53Z</time>
      </trkpt>
      <trkpt lat="41.980569" lon="13.74313">
        <ele>929.4</ele>
        <time>2025-10-12T09:52:54Z</time>
      </trkpt>
      <trkpt lat="41.98062" lon="13.743099">
        <ele>929.4</ele>
        <time>2025-10-12T09:52:55Z</time>
      </trkpt>
      <trkpt lat="41.980672" lon="13.743066">
        <ele>929.4</ele>
        <time>2025-10-12T09:52:56Z</time>
      </trkpt>
      <trkpt lat="41.980719" lon="13.743031">
        <ele>929.4</ele>
        <time>2025-10-12T09:52:57Z</time>
      </trkpt>
      <trkpt lat="41.980766" lon="13.742995">
        <ele>928.3</ele>
        <time>2025-10-12T09:52:58Z</time>
      </trkpt>
      <trkpt lat="41.980815" lon="13.742961">
        <ele>928.3</ele>
        <time>2025-10-12T09:52:59Z</time>
      </trkpt>
      <trkpt lat="41.980864" lon="13.742923">
        <ele>928.4</ele>
        <time>2025-10-12T09:53:00Z</time>
      </trkpt>
      <trkpt lat="41.980911" lon="13.742889">
        <ele>928.4</ele>
        <time>2025-10-12T09:53:01Z</time>
      </trkpt>
      <trkpt lat="41.980963" lon="13.742868">
        <ele>928.4</ele>
        <time>2025-10-12T09:53:02Z</time>
      </trkpt>
      <trkpt lat="41.981014" lon="13.742851">
        <ele>928.4</ele>
        <time>2025-10-12T09:53:03Z</time>
      </trkpt>
      <trkpt lat="41.981063" lon="13.74283">
        <ele>929.4</ele>
        <time>2025-10-12T09:53:04Z</time>
      </trkpt>
      <trkpt lat="41.981112" lon="13.742801">
        <ele>929.4</ele>
        <time>2025-10-12T09:53:05Z</time>
      </trkpt>
      <trkpt lat="41.981164" lon="13.742766">
        <ele>929.3</ele>
        <time>2025-10-12T09:53:06Z</time>
      </trkpt>
      <trkpt lat="41.981209" lon="13.742739">
        <ele>929.4</ele>
        <time>2025-10-12T09:53:07Z</time>
      </trkpt>
      <trkpt lat="41.98126" lon="13.742716">
        <ele>929.4</ele>
        <time>2025-10-12T09:53:08Z</time>
      </trkpt>
      <trkpt lat="41.981312" lon="13.742689">
        <ele>929.3</ele>
        <time>2025-10-12T09:53:09Z</time>
      </trkpt>
      <trkpt lat="41.981369" lon="13.742667">
        <ele>929.4</ele>
        <time>2025-10-12T09:53:10Z</time>
      </trkpt>
      <trkpt lat="41.981423" lon="13.742641">
        <ele>929.3</ele>
        <time>2025-10-12T09:53:11Z</time>
      </trkpt>
      <trkpt lat="41.981475" lon="13.742612">
        <ele>929.4</ele>
        <time>2025-10-12T09:53:12Z</time>
      </trkpt>
      <trkpt lat="41.981521" lon="13.742578">
        <ele>928.3</ele>
        <time>2025-10-12T09:53:13Z</time>
      </trkpt>
      <trkpt lat="41.981571" lon="13.742547">
        <ele>928.4</ele>
        <time>2025-10-12T09:53:14Z</time>
      </trkpt>
      <trkpt lat="41.981623" lon="13.742517">
        <ele>928.3</ele>
        <time>2025-10-12T09:53:15Z</time>
      </trkpt>
      <trkpt lat="41.981673" lon="13.742498">
        <ele>928.3</ele>
        <time>2025-10-12T09:53:16Z</time>
      </trkpt>
      <trkpt lat="41.981723" lon="13.742475">
        <ele>928.4</ele>
        <time>2025-10-12T09:53:17Z</time>
      </trkpt>
      <trkpt lat="41.981773" lon="13.742455">
        <ele>928.4</ele>
        <time>2025-10-12T09:53:18Z</time>
      </trkpt>
      <trkpt lat="41.98182" lon="13.74243">
        <ele>928.4</ele>
        <time>2025-10-12T09:53:19Z</time>
      </trkpt>
      <trkpt lat="41.981865" lon="13.742406">
        <ele>928.4</ele>
        <time>2025-10-12T09:53:20Z</time>
      </trkpt>
      <trkpt lat="41.981908" lon="13.742383">
        <ele>928.4</ele>
        <time>2025-10-12T09:53:21Z</time>
      </trkpt>
      <trkpt lat="41.98195" lon="13.742352">
        <ele>928.4</ele>
        <time>2025-10-12T09:53:22Z</time>
      </trkpt>
      <trkpt lat="41.981989" lon="13.74232">
        <ele>927.8</ele>
        <time>2025-10-12T09:53:23Z</time>
      </trkpt>
      <trkpt lat="41.982027" lon="13.742282">
        <ele>927.3</ele>
        <time>2025-10-12T09:53:24Z</time>
      </trkpt>
      <trkpt lat="41.982064" lon="13.742239">
        <ele>927.4</ele>
        <time>2025-10-12T09:53:25Z</time>
      </trkpt>
      <trkpt lat="41.982095" lon="13.742192">
        <ele>927.4</ele>
        <time>2025-10-12T09:53:26Z</time>
      </trkpt>
      <trkpt lat="41.982123" lon="13.742139">
        <ele>927.3</ele>
        <time>2025-10-12T09:53:27Z</time>
      </trkpt>
      <trkpt lat="41.982148" lon="13.742082">
        <ele>926.9</ele>
        <time>2025-10-12T09:53:28Z</time>
      </trkpt>
      <trkpt lat="41.982169" lon="13.742025">
        <ele>926.4</ele>
        <time>2025-10-12T09:53:29Z</time>
      </trkpt>
      <trkpt lat="41.982181" lon="13.741957">
        <ele>926.3</ele>
        <time>2025-10-12T09:53:30Z</time>
      </trkpt>
      <trkpt lat="41.982193" lon="13.741888">
        <ele>926.3</ele>
        <time>2025-10-12T09:53:31Z</time>
      </trkpt>
      <trkpt lat="41.982204" lon="13.741818">
        <ele>926.4</ele>
        <time>2025-10-12T09:53:32Z</time>
      </trkpt>
      <trkpt lat="41.982213" lon="13.741747">
        <ele>925.9</ele>
        <time>2025-10-12T09:53:33Z</time>
      </trkpt>
      <trkpt lat="41.982219" lon="13.741674">
        <ele>925.3</ele>
        <time>2025-10-12T09:53:34Z</time>
      </trkpt>
      <trkpt lat="41.982225" lon="13.741603">
        <ele>925.3</ele>
        <time>2025-10-12T09:53:35Z</time>
      </trkpt>
      <trkpt lat="41.982235" lon="13.741533">
        <ele>925.3</ele>
        <time>2025-10-12T09:53:36Z</time>
      </trkpt>
      <trkpt lat="41.982253" lon="13.741465">
        <ele>925.3</ele>
        <time>2025-10-12T09:53:37Z</time>
      </trkpt>
      <trkpt lat="41.982281" lon="13.741406">
        <ele>925.3</ele>
        <time>2025-10-12T09:53:38Z</time>
      </trkpt>
      <trkpt lat="41.98232" lon="13.741351">
        <ele>925.3</ele>
        <time>2025-10-12T09:53:39Z</time>
      </trkpt>
      <trkpt lat="41.982362" lon="13.741302">
        <ele>925.3</ele>
        <time>2025-10-12T09:53:40Z</time>
      </trkpt>
      <trkpt lat="41.982409" lon="13.741266">
        <ele>925.4</ele>
        <time>2025-10-12T09:53:41Z</time>
      </trkpt>
      <trkpt lat="41.982452" lon="13.741243">
        <ele>925.4</ele>
        <time>2025-10-12T09:53:42Z</time>
      </trkpt>
      <trkpt lat="41.982496" lon="13.741223">
        <ele>925.4</ele>
        <time>2025-10-12T09:53:43Z</time>
      </trkpt>
      <trkpt lat="41.982583" lon="13.741197">
        <ele>925.3</ele>
        <time>2025-10-12T09:53:45Z</time>
      </trkpt>
      <trkpt lat="41.982629" lon="13.741187">
        <ele>925.3</ele>
        <time>2025-10-12T09:53:46Z</time>
      </trkpt>
      <trkpt lat="41.982694" lon="13.741176">
        <ele>925.3</ele>
        <time>2025-10-12T09:53:48Z</time>
      </trkpt>
      <trkpt lat="41.982749" lon="13.741185">
        <ele>925.4</ele>
        <time>2025-10-12T09:53:51Z</time>
      </trkpt>
      <trkpt lat="41.982801" lon="13.741176">
        <ele>925.3</ele>
        <time>2025-10-12T09:53:56Z</time>
      </trkpt>
      <trkpt lat="41.982815" lon="13.741091">
        <ele>924.4</ele>
        <time>2025-10-12T09:54:00Z</time>
      </trkpt>
      <trkpt lat="41.982791" lon="13.741021">
        <ele>924.4</ele>
        <time>2025-10-12T09:54:02Z</time>
      </trkpt>
      <trkpt lat="41.982752" lon="13.740933">
        <ele>924.3</ele>
        <time>2025-10-12T09:54:04Z</time>
      </trkpt>
      <trkpt lat="41.982734" lon="13.740874">
        <ele>923.8</ele>
        <time>2025-10-12T09:54:05Z</time>
      </trkpt>
      <trkpt lat="41.982715" lon="13.740751">
        <ele>923.3</ele>
        <time>2025-10-12T09:54:07Z</time>
      </trkpt>
      <trkpt lat="41.982679" lon="13.740637">
        <ele>923.3</ele>
        <time>2025-10-12T09:54:09Z</time>
      </trkpt>
      <trkpt lat="41.982657" lon="13.740575">
        <ele>923.3</ele>
        <time>2025-10-12T09:54:10Z</time>
      </trkpt>
      <trkpt lat="41.982636" lon="13.740515">
        <ele>923.3</ele>
        <time>2025-10-12T09:54:11Z</time>
      </trkpt>
      <trkpt lat="41.982621" lon="13.740452">
        <ele>923.4</ele>
        <time>2025-10-12T09:54:12Z</time>
      </trkpt>
      <trkpt lat="41.982606" lon="13.740392">
        <ele>923.4</ele>
        <time>2025-10-12T09:54:13Z</time>
      </trkpt>
      <trkpt lat="41.982581" lon="13.740333">
        <ele>923.3</ele>
        <time>2025-10-12T09:54:14Z</time>
      </trkpt>
      <trkpt lat="41.982548" lon="13.740286">
        <ele>923.4</ele>
        <time>2025-10-12T09:54:15Z</time>
      </trkpt>
      <trkpt lat="41.982503" lon="13.740256">
        <ele>923.3</ele>
        <time>2025-10-12T09:54:16Z</time>
      </trkpt>
      <trkpt lat="41.98245" lon="13.740251">
        <ele>923.4</ele>
        <time>2025-10-12T09:54:17Z</time>
      </trkpt>
      <trkpt lat="41.982396" lon="13.740253">
        <ele>923.4</ele>
        <time>2025-10-12T09:54:18Z</time>
      </trkpt>
      <trkpt lat="41.982341" lon="13.740261">
        <ele>923.3</ele>
        <time>2025-10-12T09:54:19Z</time>
      </trkpt>
      <trkpt lat="41.982287" lon="13.740281">
        <ele>923.4</ele>
        <time>2025-10-12T09:54:20Z</time>
      </trkpt>
      <trkpt lat="41.982236" lon="13.740313">
        <ele>923.4</ele>
        <time>2025-10-12T09:54:21Z</time>
      </trkpt>
      <trkpt lat="41.982178" lon="13.740341">
        <ele>923.4</ele>
        <time>2025-10-12T09:54:22Z</time>
      </trkpt>
      <trkpt lat="41.982123" lon="13.740367">
        <ele>923.3</ele>
        <time>2025-10-12T09:54:23Z</time>
      </trkpt>
      <trkpt lat="41.982071" lon="13.740394">
        <ele>923.4</ele>
        <time>2025-10-12T09:54:24Z</time>
      </trkpt>
      <trkpt lat="41.982018" lon="13.740422">
        <ele>924.3</ele>
        <time>2025-10-12T09:54:25Z</time>
      </trkpt>
      <trkpt lat="41.981966" lon="13.740446">
        <ele>924.4</ele>
        <time>2025-10-12T09:54:26Z</time>
      </trkpt>
      <trkpt lat="41.98192" lon="13.740471">
        <ele>925.4</ele>
        <time>2025-10-12T09:54:27Z</time>
      </trkpt>
      <trkpt lat="41.981842" lon="13.740516">
        <ele>925.8</ele>
        <time>2025-10-12T09:54:29Z</time>
      </trkpt>
      <trkpt lat="41.981769" lon="13.740546">
        <ele>926.4</ele>
        <time>2025-10-12T09:54:31Z</time>
      </trkpt>
      <trkpt lat="41.9817" lon="13.740575">
        <ele>927.4</ele>
        <time>2025-10-12T09:54:33Z</time>
      </trkpt>
      <trkpt lat="41.981632" lon="13.740594">
        <ele>927.3</ele>
        <time>2025-10-12T09:54:35Z</time>
      </trkpt>
      <trkpt lat="41.981568" lon="13.740613">
        <ele>927.4</ele>
        <time>2025-10-12T09:54:37Z</time>
      </trkpt>
      <trkpt lat="41.98151" lon="13.740629">
        <ele>928.4</ele>
        <time>2025-10-12T09:54:39Z</time>
      </trkpt>
      <trkpt lat="41.981455" lon="13.740633">
        <ele>928.3</ele>
        <time>2025-10-12T09:54:41Z</time>
      </trkpt>
      <trkpt lat="41.981397" lon="13.740624">
        <ele>928.4</ele>
        <time>2025-10-12T09:54:43Z</time>
      </trkpt>
      <trkpt lat="41.981346" lon="13.740599">
        <ele>929.4</ele>
        <time>2025-10-12T09:54:45Z</time>
      </trkpt>
      <trkpt lat="41.981301" lon="13.74056">
        <ele>929.4</ele>
        <time>2025-10-12T09:54:47Z</time>
      </trkpt>
      <trkpt lat="41.981255" lon="13.740535">
        <ele>929.3</ele>
        <time>2025-10-12T09:54:49Z</time>
      </trkpt>
      <trkpt lat="41.981212" lon="13.740509">
        <ele>929.3</ele>
        <time>2025-10-12T09:54:51Z</time>
      </trkpt>
      <trkpt lat="41.981192" lon="13.740438">
        <ele>930.4</ele>
        <time>2025-10-12T09:54:54Z</time>
      </trkpt>
      <trkpt lat="41.981241" lon="13.740413">
        <ele>930.4</ele>
        <time>2025-10-12T09:54:57Z</time>
      </trkpt>
      <trkpt lat="41.981305" lon="13.740377">
        <ele>930.4</ele>
        <time>2025-10-12T09:55:00Z</time>
      </trkpt>
      <trkpt lat="41.981349" lon="13.740354">
        <ele>930.3</ele>
        <time>2025-10-12T09:55:02Z</time>
      </trkpt>
      <trkpt lat="41.981401" lon="13.74032">
        <ele>931.8</ele>
        <time>2025-10-12T09:55:05Z</time>
      </trkpt>
      <trkpt lat="41.981444" lon="13.740288">
        <ele>932.3</ele>
        <time>2025-10-12T09:55:08Z</time>
      </trkpt>
      <trkpt lat="41.981484" lon="13.740255">
        <ele>932.3</ele>
        <time>2025-10-12T09:55:11Z</time>
      </trkpt>
      <trkpt lat="41.981523" lon="13.740223">
        <ele>932.4</ele>
        <time>2025-10-12T09:55:14Z</time>
      </trkpt>
      <trkpt lat="41.981561" lon="13.740187">
        <ele>932.4</ele>
        <time>2025-10-12T09:55:17Z</time>
      </trkpt>
      <trkpt lat="41.981613" lon="13.740142">
        <ele>932.4</ele>
        <time>2025-10-12T09:55:20Z</time>
      </trkpt>
      <trkpt lat="41.981664" lon="13.740085">
        <ele>932.4</ele>
        <time>2025-10-12T09:55:23Z</time>
      </trkpt>
      <trkpt lat="41.981708" lon="13.740045">
        <ele>932.4</ele>
        <time>2025-10-12T09:55:25Z</time>
      </trkpt>
      <trkpt lat="41.98175" lon="13.740003">
        <ele>932.4</ele>
        <time>2025-10-12T09:55:27Z</time>
      </trkpt>
      <trkpt lat="41.981792" lon="13.739959">
        <ele>932.3</ele>
        <time>2025-10-12T09:55:29Z</time>
      </trkpt>
      <trkpt lat="41.981841" lon="13.739924">
        <ele>932.3</ele>
        <time>2025-10-12T09:55:31Z</time>
      </trkpt>
      <trkpt lat="41.981889" lon="13.73989">
        <ele>932.3</ele>
        <time>2025-10-12T09:55:33Z</time>
      </trkpt>
      <trkpt lat="41.981929" lon="13.739854">
        <ele>932.4</ele>
        <time>2025-10-12T09:55:35Z</time>
      </trkpt>
      <trkpt lat="41.981965" lon="13.739818">
        <ele>932.3</ele>
        <time>2025-10-12T09:55:37Z</time>
      </trkpt>
      <trkpt lat="41.982017" lon="13.739772">
        <ele>933.3</ele>
        <time>2025-10-12T09:55:40Z</time>
      </trkpt>
      <trkpt lat="41.982057" lon="13.739732">
        <ele>933.9</ele>
        <time>2025-10-12T09:55:43Z</time>
      </trkpt>
      <trkpt lat="41.982098" lon="13.73968">
        <ele>934.4</ele>
        <time>2025-10-12T09:55:46Z</time>
      </trkpt>
      <trkpt lat="41.982144" lon="13.739637">
        <ele>934.4</ele>
        <time>2025-10-12T09:55:49Z</time>
      </trkpt>
      <trkpt lat="41.982178" lon="13.739586">
        <ele>935.4</ele>
        <time>2025-10-12T09:55:52Z</time>
      </trkpt>
      <trkpt lat="41.982218" lon="13.739537">
        <ele>936.3</ele>
        <time>2025-10-12T09:55:55Z</time>
      </trkpt>
      <trkpt lat="41.982267" lon="13.739506">
        <ele>937.8</ele>
        <time>2025-10-12T09:55:59Z</time>
      </trkpt>
      <trkpt lat="41.982333" lon="13.739507">
        <ele>938.3</ele>
        <time>2025-10-12T09:56:02Z</time>
      </trkpt>
      <trkpt lat="41.982396" lon="13.739525">
        <ele>938.3</ele>
        <time>2025-10-12T09:56:04Z</time>
      </trkpt>
      <trkpt lat="41.98249" lon="13.739546">
        <ele>938.4</ele>
        <time>2025-10-12T09:56:06Z</time>
      </trkpt>
      <trkpt lat="41.982542" lon="13.739555">
        <ele>937.4</ele>
        <time>2025-10-12T09:56:07Z</time>
      </trkpt>
      <trkpt lat="41.982599" lon="13.739568">
        <ele>936.3</ele>
        <time>2025-10-12T09:56:08Z</time>
      </trkpt>
      <trkpt lat="41.982657" lon="13.73958">
        <ele>935.3</ele>
        <time>2025-10-12T09:56:09Z</time>
      </trkpt>
      <trkpt lat="41.982719" lon="13.739598">
        <ele>935.4</ele>
        <time>2025-10-12T09:56:10Z</time>
      </trkpt>
      <trkpt lat="41.982781" lon="13.739614">
        <ele>934.3</ele>
        <time>2025-10-12T09:56:11Z</time>
      </trkpt>
      <trkpt lat="41.982845" lon="13.739629">
        <ele>934.3</ele>
        <time>2025-10-12T09:56:12Z</time>
      </trkpt>
      <trkpt lat="41.98291" lon="13.73964">
        <ele>934.4</ele>
        <time>2025-10-12T09:56:13Z</time>
      </trkpt>
      <trkpt lat="41.982972" lon="13.739644">
        <ele>933.4</ele>
        <time>2025-10-12T09:56:14Z</time>
      </trkpt>
      <trkpt lat="41.983035" lon="13.739653">
        <ele>933.4</ele>
        <time>2025-10-12T09:56:15Z</time>
      </trkpt>
      <trkpt lat="41.983101" lon="13.739671">
        <ele>933.3</ele>
        <time>2025-10-12T09:56:16Z</time>
      </trkpt>
      <trkpt lat="41.983165" lon="13.739691">
        <ele>933.3</ele>
        <time>2025-10-12T09:56:17Z</time>
      </trkpt>
      <trkpt lat="41.983231" lon="13.739708">
        <ele>933.4</ele>
        <time>2025-10-12T09:56:18Z</time>
      </trkpt>
      <trkpt lat="41.983291" lon="13.739721">
        <ele>933.3</ele>
        <time>2025-10-12T09:56:19Z</time>
      </trkpt>
      <trkpt lat="41.983351" lon="13.73973">
        <ele>932.4</ele>
        <time>2025-10-12T09:56:20Z</time>
      </trkpt>
      <trkpt lat="41.98341" lon="13.739743">
        <ele>932.4</ele>
        <time>2025-10-12T09:56:21Z</time>
      </trkpt>
      <trkpt lat="41.983468" lon="13.739761">
        <ele>932.3</ele>
        <time>2025-10-12T09:56:22Z</time>
      </trkpt>
      <trkpt lat="41.983522" lon="13.739781">
        <ele>932.3</ele>
        <time>2025-10-12T09:56:23Z</time>
      </trkpt>
      <trkpt lat="41.983573" lon="13.739794">
        <ele>931.4</ele>
        <time>2025-10-12T09:56:24Z</time>
      </trkpt>
      <trkpt lat="41.983617" lon="13.739811">
        <ele>931.3</ele>
        <time>2025-10-12T09:56:25Z</time>
      </trkpt>
      <trkpt lat="41.983687" lon="13.739835">
        <ele>931.9</ele>
        <time>2025-10-12T09:56:27Z</time>
      </trkpt>
      <trkpt lat="41.983749" lon="13.739853">
        <ele>932.4</ele>
        <time>2025-10-12T09:56:29Z</time>
      </trkpt>
      <trkpt lat="41.983804" lon="13.739864">
        <ele>932.4</ele>
        <time>2025-10-12T09:56:31Z</time>
      </trkpt>
      <trkpt lat="41.983858" lon="13.739879">
        <ele>932.4</ele>
        <time>2025-10-12T09:56:33Z</time>
      </trkpt>
      <trkpt lat="41.983909" lon="13.739893">
        <ele>932.3</ele>
        <time>2025-10-12T09:56:35Z</time>
      </trkpt>
      <trkpt lat="41.983967" lon="13.739898">
        <ele>933.3</ele>
        <time>2025-10-12T09:56:37Z</time>
      </trkpt>
      <trkpt lat="41.98402" lon="13.739907">
        <ele>933.4</ele>
        <time>2025-10-12T09:56:39Z</time>
      </trkpt>
      <trkpt lat="41.984075" lon="13.739916">
        <ele>933.3</ele>
        <time>2025-10-12T09:56:41Z</time>
      </trkpt>
      <trkpt lat="41.984132" lon="13.739935">
        <ele>933.3</ele>
        <time>2025-10-12T09:56:43Z</time>
      </trkpt>
      <trkpt lat="41.98418" lon="13.739952">
        <ele>933.3</ele>
        <time>2025-10-12T09:56:45Z</time>
      </trkpt>
      <trkpt lat="41.984241" lon="13.739971">
        <ele>934.3</ele>
        <time>2025-10-12T09:56:48Z</time>
      </trkpt>
      <trkpt lat="41.98429" lon="13.739983">
        <ele>934.3</ele>
        <time>2025-10-12T09:56:50Z</time>
      </trkpt>
      <trkpt lat="41.984354" lon="13.739989">
        <ele>934.3</ele>
        <time>2025-10-12T09:56:53Z</time>
      </trkpt>
      <trkpt lat="41.984422" lon="13.739988">
        <ele>934.3</ele>
        <time>2025-10-12T09:56:56Z</time>
      </trkpt>
      <trkpt lat="41.984471" lon="13.739987">
        <ele>934.3</ele>
        <time>2025-10-12T09:56:58Z</time>
      </trkpt>
      <trkpt lat="41.984517" lon="13.739992">
        <ele>934.3</ele>
        <time>2025-10-12T09:57:01Z</time>
      </trkpt>
      <trkpt lat="41.984582" lon="13.739982">
        <ele>934.4</ele>
        <time>2025-10-12T09:57:05Z</time>
      </trkpt>
      <trkpt lat="41.984638" lon="13.739965">
        <ele>933.3</ele>
        <time>2025-10-12T09:57:08Z</time>
      </trkpt>
      <trkpt lat="41.984698" lon="13.739949">
        <ele>933.4</ele>
        <time>2025-10-12T09:57:11Z</time>
      </trkpt>
      <trkpt lat="41.984755" lon="13.739931">
        <ele>933.3</ele>
        <time>2025-10-12T09:57:13Z</time>
      </trkpt>
      <trkpt lat="41.984824" lon="13.739913">
        <ele>933.3</ele>
        <time>2025-10-12T09:57:15Z</time>
      </trkpt>
      <trkpt lat="41.984908" lon="13.739893">
        <ele>933.4</ele>
        <time>2025-10-12T09:57:17Z</time>
      </trkpt>
      <trkpt lat="41.984956" lon="13.739884">
        <ele>933.3</ele>
        <time>2025-10-12T09:57:18Z</time>
      </trkpt>
      <trkpt lat="41.985003" lon="13.739879">
        <ele>933.3</ele>
        <time>2025-10-12T09:57:19Z</time>
      </trkpt>
      <trkpt lat="41.985058" lon="13.739871">
        <ele>932.3</ele>
        <time>2025-10-12T09:57:20Z</time>
      </trkpt>
      <trkpt lat="41.985111" lon="13.73986">
        <ele>932.3</ele>
        <time>2025-10-12T09:57:21Z</time>
      </trkpt>
      <trkpt lat="41.985167" lon="13.73986">
        <ele>932.4</ele>
        <time>2025-10-12T09:57:22Z</time>
      </trkpt>
      <trkpt lat="41.985221" lon="13.739858">
        <ele>931.8</ele>
        <time>2025-10-12T09:57:23Z</time>
      </trkpt>
      <trkpt lat="41.985284" lon="13.739849">
        <ele>930.9</ele>
        <time>2025-10-12T09:57:24Z</time>
      </trkpt>
      <trkpt lat="41.985353" lon="13.739838">
        <ele>929.4</ele>
        <time>2025-10-12T09:57:25Z</time>
      </trkpt>
      <trkpt lat="41.985427" lon="13.739827">
        <ele>928.4</ele>
        <time>2025-10-12T09:57:26Z</time>
      </trkpt>
      <trkpt lat="41.985504" lon="13.73981">
        <ele>928.3</ele>
        <time>2025-10-12T09:57:27Z</time>
      </trkpt>
      <trkpt lat="41.985583" lon="13.739797">
        <ele>927.3</ele>
        <time>2025-10-12T09:57:28Z</time>
      </trkpt>
      <trkpt lat="41.985655" lon="13.739779">
        <ele>926.8</ele>
        <time>2025-10-12T09:57:29Z</time>
      </trkpt>
      <trkpt lat="41.985717" lon="13.739767">
        <ele>926.4</ele>
        <time>2025-10-12T09:57:30Z</time>
      </trkpt>
      <trkpt lat="41.985769" lon="13.739758">
        <ele>926.3</ele>
        <time>2025-10-12T09:57:31Z</time>
      </trkpt>
      <trkpt lat="41.985815" lon="13.739746">
        <ele>926.4</ele>
        <time>2025-10-12T09:57:32Z</time>
      </trkpt>
      <trkpt lat="41.985859" lon="13.739729">
        <ele>925.4</ele>
        <time>2025-10-12T09:57:33Z</time>
      </trkpt>
      <trkpt lat="41.985911" lon="13.739705">
        <ele>924.4</ele>
        <time>2025-10-12T09:57:34Z</time>
      </trkpt>
      <trkpt lat="41.98597" lon="13.739666">
        <ele>924.3</ele>
        <time>2025-10-12T09:57:35Z</time>
      </trkpt>
      <trkpt lat="41.986025" lon="13.739623">
        <ele>924.3</ele>
        <time>2025-10-12T09:57:36Z</time>
      </trkpt>
      <trkpt lat="41.986081" lon="13.739585">
        <ele>924.3</ele>
        <time>2025-10-12T09:57:37Z</time>
      </trkpt>
      <trkpt lat="41.986138" lon="13.739564">
        <ele>923.4</ele>
        <time>2025-10-12T09:57:38Z</time>
      </trkpt>
      <trkpt lat="41.986192" lon="13.739537">
        <ele>923.4</ele>
        <time>2025-10-12T09:57:39Z</time>
      </trkpt>
      <trkpt lat="41.986249" lon="13.739511">
        <ele>923.4</ele>
        <time>2025-10-12T09:57:40Z</time>
      </trkpt>
      <trkpt lat="41.986305" lon="13.739492">
        <ele>923.3</ele>
        <time>2025-10-12T09:57:41Z</time>
      </trkpt>
      <trkpt lat="41.986359" lon="13.739464">
        <ele>923.3</ele>
        <time>2025-10-12T09:57:42Z</time>
      </trkpt>
      <trkpt lat="41.986403" lon="13.739441">
        <ele>923.4</ele>
        <time>2025-10-12T09:57:43Z</time>
      </trkpt>
      <trkpt lat="41.986448" lon="13.739409">
        <ele>923.4</ele>
        <time>2025-10-12T09:57:44Z</time>
      </trkpt>
      <trkpt lat="41.986491" lon="13.739377">
        <ele>922.3</ele>
        <time>2025-10-12T09:57:45Z</time>
      </trkpt>
      <trkpt lat="41.986536" lon="13.739345">
        <ele>922.4</ele>
        <time>2025-10-12T09:57:46Z</time>
      </trkpt>
      <trkpt lat="41.986585" lon="13.739318">
        <ele>922.3</ele>
        <time>2025-10-12T09:57:47Z</time>
      </trkpt>
      <trkpt lat="41.986627" lon="13.739293">
        <ele>922.3</ele>
        <time>2025-10-12T09:57:48Z</time>
      </trkpt>
      <trkpt lat="41.986707" lon="13.739248">
        <ele>921.9</ele>
        <time>2025-10-12T09:57:50Z</time>
      </trkpt>
      <trkpt lat="41.986748" lon="13.739222">
        <ele>921.3</ele>
        <time>2025-10-12T09:57:51Z</time>
      </trkpt>
      <trkpt lat="41.98679" lon="13.739194">
        <ele>921.4</ele>
        <time>2025-10-12T09:57:52Z</time>
      </trkpt>
      <trkpt lat="41.986837" lon="13.739169">
        <ele>921.3</ele>
        <time>2025-10-12T09:57:53Z</time>
      </trkpt>
      <trkpt lat="41.986884" lon="13.739144">
        <ele>921.4</ele>
        <time>2025-10-12T09:57:54Z</time>
      </trkpt>
      <trkpt lat="41.986927" lon="13.739113">
        <ele>919.3</ele>
        <time>2025-10-12T09:57:55Z</time>
      </trkpt>
      <trkpt lat="41.986968" lon="13.739079">
        <ele>919.3</ele>
        <time>2025-10-12T09:57:56Z</time>
      </trkpt>
      <trkpt lat="41.987009" lon="13.739047">
        <ele>918.8</ele>
        <time>2025-10-12T09:57:57Z</time>
      </trkpt>
      <trkpt lat="41.987051" lon="13.739002">
        <ele>917.9</ele>
        <time>2025-10-12T09:57:58Z</time>
      </trkpt>
      <trkpt lat="41.987086" lon="13.738942">
        <ele>917.3</ele>
        <time>2025-10-12T09:57:59Z</time>
      </trkpt>
      <trkpt lat="41.98712" lon="13.738883">
        <ele>916.8</ele>
        <time>2025-10-12T09:58:00Z</time>
      </trkpt>
      <trkpt lat="41.987151" lon="13.738825">
        <ele>916.3</ele>
        <time>2025-10-12T09:58:01Z</time>
      </trkpt>
      <trkpt lat="41.987182" lon="13.738772">
        <ele>916.4</ele>
        <time>2025-10-12T09:58:02Z</time>
      </trkpt>
      <trkpt lat="41.987209" lon="13.738723">
        <ele>916.4</ele>
        <time>2025-10-12T09:58:03Z</time>
      </trkpt>
      <trkpt lat="41.987261" lon="13.738624">
        <ele>915.8</ele>
        <time>2025-10-12T09:58:05Z</time>
      </trkpt>
      <trkpt lat="41.987313" lon="13.73855">
        <ele>915.4</ele>
        <time>2025-10-12T09:58:07Z</time>
      </trkpt>
      <trkpt lat="41.987361" lon="13.73849">
        <ele>915.3</ele>
        <time>2025-10-12T09:58:09Z</time>
      </trkpt>
      <trkpt lat="41.987398" lon="13.738438">
        <ele>915.4</ele>
        <time>2025-10-12T09:58:11Z</time>
      </trkpt>
      <trkpt lat="41.987354" lon="13.738417">
        <ele>911.3</ele>
        <time>2025-10-12T10:01:50Z</time>
      </trkpt>
      <trkpt lat="41.987315" lon="13.738384">
        <ele>912.9</ele>
        <time>2025-10-12T10:01:55Z</time>
      </trkpt>
      <trkpt lat="41.987361" lon="13.738408">
        <ele>912.3</ele>
        <time>2025-10-12T10:02:57Z</time>
      </trkpt>
      <trkpt lat="41.987408" lon="13.738438">
        <ele>913.3</ele>
        <time>2025-10-12T10:03:04Z</time>
      </trkpt>
      <trkpt lat="41.987443" lon="13.738393">
        <ele>914.4</ele>
        <time>2025-10-12T10:03:30Z</time>
      </trkpt>
      <trkpt lat="41.987478" lon="13.738329">
        <ele>913.3</ele>
        <time>2025-10-12T10:03:36Z</time>
      </trkpt>
      <trkpt lat="41.987517" lon="13.73827">
        <ele>912.4</ele>
        <time>2025-10-12T10:03:39Z</time>
      </trkpt>
      <trkpt lat="41.987551" lon="13.738213">
        <ele>912.4</ele>
        <time>2025-10-12T10:03:41Z</time>
      </trkpt>
      <trkpt lat="41.987581" lon="13.738146">
        <ele>912.4</ele>
        <time>2025-10-12T10:03:43Z</time>
      </trkpt>
      <trkpt lat="41.987614" lon="13.738073">
        <ele>912.4</ele>
        <time>2025-10-12T10:03:45Z</time>
      </trkpt>
      <trkpt lat="41.987643" lon="13.73799">
        <ele>913.4</ele>
        <time>2025-10-12T10:03:47Z</time>
      </trkpt>
      <trkpt lat="41.987694" lon="13.737911">
        <ele>913.3</ele>
        <time>2025-10-12T10:03:49Z</time>
      </trkpt>
      <trkpt lat="41.987726" lon="13.737853">
        <ele>913.3</ele>
        <time>2025-10-12T10:03:51Z</time>
      </trkpt>
      <trkpt lat="41.987759" lon="13.737801">
        <ele>913.3</ele>
        <time>2025-10-12T10:03:53Z</time>
      </trkpt>
      <trkpt lat="41.987796" lon="13.737744">
        <ele>913.4</ele>
        <time>2025-10-12T10:03:55Z</time>
      </trkpt>
      <trkpt lat="41.987847" lon="13.737695">
        <ele>913.4</ele>
        <time>2025-10-12T10:03:57Z</time>
      </trkpt>
      <trkpt lat="41.987913" lon="13.737634">
        <ele>912.3</ele>
        <time>2025-10-12T10:03:59Z</time>
      </trkpt>
      <trkpt lat="41.987953" lon="13.737605">
        <ele>912.4</ele>
        <time>2025-10-12T10:04:00Z</time>
      </trkpt>
      <trkpt lat="41.987991" lon="13.737558">
        <ele>911.9</ele>
        <time>2025-10-12T10:04:01Z</time>
      </trkpt>
      <trkpt lat="41.988058" lon="13.737473">
        <ele>910.3</ele>
        <time>2025-10-12T10:04:03Z</time>
      </trkpt>
      <trkpt lat="41.988132" lon="13.737409">
        <ele>910.4</ele>
        <time>2025-10-12T10:04:05Z</time>
      </trkpt>
      <trkpt lat="41.988201" lon="13.73736">
        <ele>910.3</ele>
        <time>2025-10-12T10:04:07Z</time>
      </trkpt>
      <trkpt lat="41.988265" lon="13.737342">
        <ele>910.3</ele>
        <time>2025-10-12T10:04:09Z</time>
      </trkpt>
      <trkpt lat="41.988349" lon="13.737415">
        <ele>910.3</ele>
        <time>2025-10-12T10:04:11Z</time>
      </trkpt>
      <trkpt lat="41.988388" lon="13.737471">
        <ele>910.3</ele>
        <time>2025-10-12T10:04:12Z</time>
      </trkpt>
      <trkpt lat="41.988434" lon="13.737518">
        <ele>909.3</ele>
        <time>2025-10-12T10:04:13Z</time>
      </trkpt>
      <trkpt lat="41.988479" lon="13.737557">
        <ele>909.3</ele>
        <time>2025-10-12T10:04:14Z</time>
      </trkpt>
      <trkpt lat="41.988529" lon="13.73758">
        <ele>908.3</ele>
        <time>2025-10-12T10:04:15Z</time>
      </trkpt>
      <trkpt lat="41.988577" lon="13.737596">
        <ele>908.4</ele>
        <time>2025-10-12T10:04:16Z</time>
      </trkpt>
      <trkpt lat="41.988626" lon="13.73761">
        <ele>908.3</ele>
        <time>2025-10-12T10:04:17Z</time>
      </trkpt>
      <trkpt lat="41.988678" lon="13.737624">
        <ele>908.3</ele>
        <time>2025-10-12T10:04:18Z</time>
      </trkpt>
      <trkpt lat="41.988726" lon="13.73762">
        <ele>908.3</ele>
        <time>2025-10-12T10:04:19Z</time>
      </trkpt>
      <trkpt lat="41.988796" lon="13.737649">
        <ele>908.3</ele>
        <time>2025-10-12T10:04:21Z</time>
      </trkpt>
      <trkpt lat="41.988863" lon="13.737674">
        <ele>908.3</ele>
        <time>2025-10-12T10:04:23Z</time>
      </trkpt>
      <trkpt lat="41.988928" lon="13.737704">
        <ele>908.4</ele>
        <time>2025-10-12T10:04:25Z</time>
      </trkpt>
      <trkpt lat="41.988991" lon="13.737724">
        <ele>908.3</ele>
        <time>2025-10-12T10:04:27Z</time>
      </trkpt>
      <trkpt lat="41.989053" lon="13.737745">
        <ele>908.3</ele>
        <time>2025-10-12T10:04:30Z</time>
      </trkpt>
      <trkpt lat="41.989107" lon="13.73778">
        <ele>908.4</ele>
        <time>2025-10-12T10:04:33Z</time>
      </trkpt>
      <trkpt lat="41.98916" lon="13.737807">
        <ele>908.9</ele>
        <time>2025-10-12T10:04:37Z</time>
      </trkpt>
      <trkpt lat="41.989216" lon="13.73784">
        <ele>909.4</ele>
        <time>2025-10-12T10:04:41Z</time>
      </trkpt>
      <trkpt lat="41.98925" lon="13.737882">
        <ele>909.3</ele>
        <time>2025-10-12T10:04:44Z</time>
      </trkpt>
      <trkpt lat="41.989284" lon="13.737922">
        <ele>910.3</ele>
        <time>2025-10-12T10:04:47Z</time>
      </trkpt>
      <trkpt lat="41.989327" lon="13.737944">
        <ele>910.3</ele>
        <time>2025-10-12T10:04:51Z</time>
      </trkpt>
      <trkpt lat="41.989376" lon="13.737932">
        <ele>910.3</ele>
        <time>2025-10-12T10:04:54Z</time>
      </trkpt>
      <trkpt lat="41.989433" lon="13.737898">
        <ele>911.4</ele>
        <time>2025-10-12T10:04:57Z</time>
      </trkpt>
      <trkpt lat="41.989472" lon="13.737858">
        <ele>911.3</ele>
        <time>2025-10-12T10:04:59Z</time>
      </trkpt>
      <trkpt lat="41.989523" lon="13.737798">
        <ele>911.4</ele>
        <time>2025-10-12T10:05:01Z</time>
      </trkpt>
      <trkpt lat="41.989581" lon="13.737733">
        <ele>910.4</ele>
        <time>2025-10-12T10:05:03Z</time>
      </trkpt>
      <trkpt lat="41.989648" lon="13.737662">
        <ele>909.9</ele>
        <time>2025-10-12T10:05:05Z</time>
      </trkpt>
      <trkpt lat="41.989717" lon="13.737599">
        <ele>910.3</ele>
        <time>2025-10-12T10:05:07Z</time>
      </trkpt>
      <trkpt lat="41.989781" lon="13.73754">
        <ele>910.3</ele>
        <time>2025-10-12T10:05:09Z</time>
      </trkpt>
      <trkpt lat="41.989841" lon="13.737491">
        <ele>909.4</ele>
        <time>2025-10-12T10:05:11Z</time>
      </trkpt>
      <trkpt lat="41.989884" lon="13.737447">
        <ele>909.3</ele>
        <time>2025-10-12T10:05:13Z</time>
      </trkpt>
      <trkpt lat="41.989918" lon="13.737406">
        <ele>909.9</ele>
        <time>2025-10-12T10:05:15Z</time>
      </trkpt>
      <trkpt lat="41.989952" lon="13.737358">
        <ele>910.4</ele>
        <time>2025-10-12T10:05:17Z</time>
      </trkpt>
      <trkpt lat="41.989996" lon="13.737292">
        <ele>910.3</ele>
        <time>2025-10-12T10:05:20Z</time>
      </trkpt>
      <trkpt lat="41.990047" lon="13.737233">
        <ele>910.3</ele>
        <time>2025-10-12T10:05:23Z</time>
      </trkpt>
      <trkpt lat="41.990085" lon="13.737195">
        <ele>910.3</ele>
        <time>2025-10-12T10:05:25Z</time>
      </trkpt>
      <trkpt lat="41.990119" lon="13.737152">
        <ele>910.3</ele>
        <time>2025-10-12T10:05:27Z</time>
      </trkpt>
      <trkpt lat="41.990157" lon="13.7371">
        <ele>910.4</ele>
        <time>2025-10-12T10:05:29Z</time>
      </trkpt>
      <trkpt lat="41.990196" lon="13.737047">
        <ele>910.3</ele>
        <time>2025-10-12T10:05:31Z</time>
      </trkpt>
      <trkpt lat="41.990235" lon="13.736976">
        <ele>911.3</ele>
        <time>2025-10-12T10:05:33Z</time>
      </trkpt>
      <trkpt lat="41.990297" lon="13.736905">
        <ele>911.3</ele>
        <time>2025-10-12T10:05:35Z</time>
      </trkpt>
      <trkpt lat="41.990352" lon="13.736862">
        <ele>911.9</ele>
        <time>2025-10-12T10:05:37Z</time>
      </trkpt>
      <trkpt lat="41.990405" lon="13.736825">
        <ele>912.4</ele>
        <time>2025-10-12T10:05:39Z</time>
      </trkpt>
      <trkpt lat="41.990458" lon="13.736786">
        <ele>912.3</ele>
        <time>2025-10-12T10:05:41Z</time>
      </trkpt>
      <trkpt lat="41.990517" lon="13.736746">
        <ele>912.4</ele>
        <time>2025-10-12T10:05:43Z</time>
      </trkpt>
      <trkpt lat="41.990586" lon="13.736715">
        <ele>912.4</ele>
        <time>2025-10-12T10:05:45Z</time>
      </trkpt>
      <trkpt lat="41.990659" lon="13.736683">
        <ele>912.4</ele>
        <time>2025-10-12T10:05:47Z</time>
      </trkpt>
      <trkpt lat="41.990751" lon="13.736652">
        <ele>912.4</ele>
        <time>2025-10-12T10:05:49Z</time>
      </trkpt>
      <trkpt lat="41.990794" lon="13.736633">
        <ele>911.4</ele>
        <time>2025-10-12T10:05:50Z</time>
      </trkpt>
      <trkpt lat="41.990839" lon="13.73661">
        <ele>911.4</ele>
        <time>2025-10-12T10:05:51Z</time>
      </trkpt>
      <trkpt lat="41.990882" lon="13.736585">
        <ele>911.4</ele>
        <time>2025-10-12T10:05:52Z</time>
      </trkpt>
      <trkpt lat="41.990926" lon="13.73656">
        <ele>911.4</ele>
        <time>2025-10-12T10:05:53Z</time>
      </trkpt>
      <trkpt lat="41.990999" lon="13.736495">
        <ele>911.3</ele>
        <time>2025-10-12T10:05:55Z</time>
      </trkpt>
      <trkpt lat="41.99107" lon="13.73644">
        <ele>911.3</ele>
        <time>2025-10-12T10:05:57Z</time>
      </trkpt>
      <trkpt lat="41.99114" lon="13.73638">
        <ele>911.3</ele>
        <time>2025-10-12T10:05:59Z</time>
      </trkpt>
      <trkpt lat="41.991211" lon="13.736328">
        <ele>911.3</ele>
        <time>2025-10-12T10:06:01Z</time>
      </trkpt>
      <trkpt lat="41.991272" lon="13.736277">
        <ele>911.3</ele>
        <time>2025-10-12T10:06:03Z</time>
      </trkpt>
      <trkpt lat="41.991324" lon="13.736219">
        <ele>912.3</ele>
        <time>2025-10-12T10:06:05Z</time>
      </trkpt>
      <trkpt lat="41.991366" lon="13.736145">
        <ele>912.3</ele>
        <time>2025-10-12T10:06:07Z</time>
      </trkpt>
      <trkpt lat="41.991392" lon="13.736034">
        <ele>911.4</ele>
        <time>2025-10-12T10:06:09Z</time>
      </trkpt>
      <trkpt lat="41.991404" lon="13.735971">
        <ele>911.3</ele>
        <time>2025-10-12T10:06:10Z</time>
      </trkpt>
      <trkpt lat="41.991423" lon="13.735906">
        <ele>911.3</ele>
        <time>2025-10-12T10:06:11Z</time>
      </trkpt>
      <trkpt lat="41.991444" lon="13.735851">
        <ele>911.3</ele>
        <time>2025-10-12T10:06:12Z</time>
      </trkpt>
      <trkpt lat="41.991495" lon="13.735759">
        <ele>911.3</ele>
        <time>2025-10-12T10:06:14Z</time>
      </trkpt>
      <trkpt lat="41.991527" lon="13.735656">
        <ele>911.3</ele>
        <time>2025-10-12T10:06:16Z</time>
      </trkpt>
      <trkpt lat="41.991557" lon="13.735554">
        <ele>911.4</ele>
        <time>2025-10-12T10:06:18Z</time>
      </trkpt>
      <trkpt lat="41.991605" lon="13.735461">
        <ele>910.4</ele>
        <time>2025-10-12T10:06:20Z</time>
      </trkpt>
      <trkpt lat="41.991659" lon="13.735372">
        <ele>910.3</ele>
        <time>2025-10-12T10:06:22Z</time>
      </trkpt>
      <trkpt lat="41.9917" lon="13.735296">
        <ele>910.4</ele>
        <time>2025-10-12T10:06:24Z</time>
      </trkpt>
      <trkpt lat="41.991733" lon="13.735222">
        <ele>910.4</ele>
        <time>2025-10-12T10:06:26Z</time>
      </trkpt>
      <trkpt lat="41.991768" lon="13.735151">
        <ele>910.3</ele>
        <time>2025-10-12T10:06:28Z</time>
      </trkpt>
      <trkpt lat="41.991793" lon="13.735089">
        <ele>910.4</ele>
        <time>2025-10-12T10:06:30Z</time>
      </trkpt>
      <trkpt lat="41.99181" lon="13.735025">
        <ele>910.4</ele>
        <time>2025-10-12T10:06:33Z</time>
      </trkpt>
      <trkpt lat="41.991845" lon="13.734972">
        <ele>910.4</ele>
        <time>2025-10-12T10:06:36Z</time>
      </trkpt>
      <trkpt lat="41.991872" lon="13.734921">
        <ele>910.3</ele>
        <time>2025-10-12T10:06:39Z</time>
      </trkpt>
      <trkpt lat="41.991909" lon="13.734871">
        <ele>911.3</ele>
        <time>2025-10-12T10:06:43Z</time>
      </trkpt>
      <trkpt lat="41.991954" lon="13.734827">
        <ele>912.3</ele>
        <time>2025-10-12T10:06:48Z</time>
      </trkpt>
      <trkpt lat="41.991984" lon="13.734782">
        <ele>912.4</ele>
        <time>2025-10-12T10:06:51Z</time>
      </trkpt>
      <trkpt lat="41.992026" lon="13.734757">
        <ele>912.4</ele>
        <time>2025-10-12T10:06:54Z</time>
      </trkpt>
      <trkpt lat="41.992067" lon="13.734723">
        <ele>912.4</ele>
        <time>2025-10-12T10:06:57Z</time>
      </trkpt>
      <trkpt lat="41.992118" lon="13.734702">
        <ele>912.4</ele>
        <time>2025-10-12T10:07:00Z</time>
      </trkpt>
      <trkpt lat="41.992174" lon="13.734665">
        <ele>912.3</ele>
        <time>2025-10-12T10:07:03Z</time>
      </trkpt>
      <trkpt lat="41.992233" lon="13.734635">
        <ele>912.3</ele>
        <time>2025-10-12T10:07:06Z</time>
      </trkpt>
      <trkpt lat="41.992294" lon="13.734619">
        <ele>914.4</ele>
        <time>2025-10-12T10:07:09Z</time>
      </trkpt>
      <trkpt lat="41.992348" lon="13.734597">
        <ele>914.4</ele>
        <time>2025-10-12T10:07:12Z</time>
      </trkpt>
      <trkpt lat="41.992403" lon="13.734567">
        <ele>916.3</ele>
        <time>2025-10-12T10:07:15Z</time>
      </trkpt>
      <trkpt lat="41.992449" lon="13.734523">
        <ele>916.4</ele>
        <time>2025-10-12T10:07:17Z</time>
      </trkpt>
      <trkpt lat="41.992499" lon="13.734472">
        <ele>916.3</ele>
        <time>2025-10-12T10:07:19Z</time>
      </trkpt>
      <trkpt lat="41.992556" lon="13.734425">
        <ele>915.3</ele>
        <time>2025-10-12T10:07:21Z</time>
      </trkpt>
      <trkpt lat="41.992613" lon="13.73438">
        <ele>914.8</ele>
        <time>2025-10-12T10:07:23Z</time>
      </trkpt>
      <trkpt lat="41.992656" lon="13.73433">
        <ele>914.4</ele>
        <time>2025-10-12T10:07:25Z</time>
      </trkpt>
      <trkpt lat="41.99269" lon="13.734284">
        <ele>914.3</ele>
        <time>2025-10-12T10:07:27Z</time>
      </trkpt>
      <trkpt lat="41.992727" lon="13.734235">
        <ele>914.3</ele>
        <time>2025-10-12T10:07:29Z</time>
      </trkpt>
      <trkpt lat="41.992765" lon="13.734182">
        <ele>914.4</ele>
        <time>2025-10-12T10:07:31Z</time>
      </trkpt>
      <trkpt lat="41.992808" lon="13.734127">
        <ele>914.4</ele>
        <time>2025-10-12T10:07:33Z</time>
      </trkpt>
      <trkpt lat="41.992851" lon="13.734073">
        <ele>914.4</ele>
        <time>2025-10-12T10:07:35Z</time>
      </trkpt>
      <trkpt lat="41.992897" lon="13.734017">
        <ele>914.3</ele>
        <time>2025-10-12T10:07:37Z</time>
      </trkpt>
      <trkpt lat="41.992941" lon="13.733964">
        <ele>913.4</ele>
        <time>2025-10-12T10:07:39Z</time>
      </trkpt>
      <trkpt lat="41.992987" lon="13.733909">
        <ele>913.4</ele>
        <time>2025-10-12T10:07:41Z</time>
      </trkpt>
      <trkpt lat="41.993032" lon="13.733861">
        <ele>914.3</ele>
        <time>2025-10-12T10:07:43Z</time>
      </trkpt>
      <trkpt lat="41.993081" lon="13.733818">
        <ele>914.3</ele>
        <time>2025-10-12T10:07:45Z</time>
      </trkpt>
      <trkpt lat="41.993133" lon="13.73377">
        <ele>914.3</ele>
        <time>2025-10-12T10:07:47Z</time>
      </trkpt>
      <trkpt lat="41.993186" lon="13.733717">
        <ele>914.4</ele>
        <time>2025-10-12T10:07:49Z</time>
      </trkpt>
      <trkpt lat="41.993236" lon="13.733666">
        <ele>914.4</ele>
        <time>2025-10-12T10:07:51Z</time>
      </trkpt>
      <trkpt lat="41.993288" lon="13.733629">
        <ele>915.4</ele>
        <time>2025-10-12T10:07:53Z</time>
      </trkpt>
      <trkpt lat="41.993349" lon="13.733594">
        <ele>916.9</ele>
        <time>2025-10-12T10:07:55Z</time>
      </trkpt>
      <trkpt lat="41.993401" lon="13.733558">
        <ele>916.9</ele>
        <time>2025-10-12T10:07:57Z</time>
      </trkpt>
      <trkpt lat="41.993464" lon="13.733532">
        <ele>916.3</ele>
        <time>2025-10-12T10:07:59Z</time>
      </trkpt>
      <trkpt lat="41.993507" lon="13.733498">
        <ele>916.4</ele>
        <time>2025-10-12T10:08:01Z</time>
      </trkpt>
      <trkpt lat="41.993561" lon="13.733455">
        <ele>916.4</ele>
        <time>2025-10-12T10:08:03Z</time>
      </trkpt>
      <trkpt lat="41.993611" lon="13.73341">
        <ele>915.3</ele>
        <time>2025-10-12T10:08:05Z</time>
      </trkpt>
      <trkpt lat="41.993652" lon="13.733375">
        <ele>915.4</ele>
        <time>2025-10-12T10:08:07Z</time>
      </trkpt>
      <trkpt lat="41.993702" lon="13.733332">
        <ele>915.3</ele>
        <time>2025-10-12T10:08:10Z</time>
      </trkpt>
      <trkpt lat="41.993748" lon="13.733277">
        <ele>916.9</ele>
        <time>2025-10-12T10:08:13Z</time>
      </trkpt>
      <trkpt lat="41.993795" lon="13.733221">
        <ele>917.3</ele>
        <time>2025-10-12T10:08:16Z</time>
      </trkpt>
      <trkpt lat="41.993839" lon="13.733172">
        <ele>917.4</ele>
        <time>2025-10-12T10:08:19Z</time>
      </trkpt>
      <trkpt lat="41.993883" lon="13.733124">
        <ele>918.3</ele>
        <time>2025-10-12T10:08:22Z</time>
      </trkpt>
      <trkpt lat="41.993932" lon="13.73308">
        <ele>918.3</ele>
        <time>2025-10-12T10:08:25Z</time>
      </trkpt>
      <trkpt lat="41.99398" lon="13.733034">
        <ele>918.4</ele>
        <time>2025-10-12T10:08:28Z</time>
      </trkpt>
      <trkpt lat="41.994031" lon="13.732984">
        <ele>918.4</ele>
        <time>2025-10-12T10:08:31Z</time>
      </trkpt>
      <trkpt lat="41.99407" lon="13.732946">
        <ele>918.4</ele>
        <time>2025-10-12T10:08:33Z</time>
      </trkpt>
      <trkpt lat="41.994113" lon="13.7329">
        <ele>918.3</ele>
        <time>2025-10-12T10:08:35Z</time>
      </trkpt>
      <trkpt lat="41.994164" lon="13.73285">
        <ele>918.4</ele>
        <time>2025-10-12T10:08:37Z</time>
      </trkpt>
      <trkpt lat="41.994226" lon="13.732795">
        <ele>918.3</ele>
        <time>2025-10-12T10:08:39Z</time>
      </trkpt>
      <trkpt lat="41.99428" lon="13.732756">
        <ele>918.4</ele>
        <time>2025-10-12T10:08:41Z</time>
      </trkpt>
      <trkpt lat="41.994331" lon="13.732721">
        <ele>918.3</ele>
        <time>2025-10-12T10:08:43Z</time>
      </trkpt>
      <trkpt lat="41.994379" lon="13.7327">
        <ele>918.8</ele>
        <time>2025-10-12T10:08:45Z</time>
      </trkpt>
      <trkpt lat="41.994432" lon="13.732688">
        <ele>919.3</ele>
        <time>2025-10-12T10:08:47Z</time>
      </trkpt>
      <trkpt lat="41.994488" lon="13.73268">
        <ele>919.8</ele>
        <time>2025-10-12T10:08:49Z</time>
      </trkpt>
      <trkpt lat="41.994537" lon="13.732679">
        <ele>921.4</ele>
        <time>2025-10-12T10:08:51Z</time>
      </trkpt>
      <trkpt lat="41.994588" lon="13.732679">
        <ele>921.4</ele>
        <time>2025-10-12T10:08:54Z</time>
      </trkpt>
      <trkpt lat="41.994644" lon="13.732674">
        <ele>921.4</ele>
        <time>2025-10-12T10:08:58Z</time>
      </trkpt>
      <trkpt lat="41.994697" lon="13.732646">
        <ele>922.3</ele>
        <time>2025-10-12T10:09:02Z</time>
      </trkpt>
      <trkpt lat="41.994742" lon="13.732601">
        <ele>922.3</ele>
        <time>2025-10-12T10:09:05Z</time>
      </trkpt>
      <trkpt lat="41.994786" lon="13.732559">
        <ele>923.3</ele>
        <time>2025-10-12T10:09:08Z</time>
      </trkpt>
      <trkpt lat="41.994826" lon="13.732515">
        <ele>923.4</ele>
        <time>2025-10-12T10:09:11Z</time>
      </trkpt>
      <trkpt lat="41.994879" lon="13.732462">
        <ele>923.4</ele>
        <time>2025-10-12T10:09:14Z</time>
      </trkpt>
      <trkpt lat="41.994935" lon="13.732415">
        <ele>923.3</ele>
        <time>2025-10-12T10:09:17Z</time>
      </trkpt>
      <trkpt lat="41.994977" lon="13.732382">
        <ele>923.3</ele>
        <time>2025-10-12T10:09:19Z</time>
      </trkpt>
      <trkpt lat="41.995016" lon="13.732345">
        <ele>923.3</ele>
        <time>2025-10-12T10:09:21Z</time>
      </trkpt>
      <trkpt lat="41.995061" lon="13.732283">
        <ele>923.3</ele>
        <time>2025-10-12T10:09:24Z</time>
      </trkpt>
      <trkpt lat="41.995098" lon="13.73223">
        <ele>923.9</ele>
        <time>2025-10-12T10:09:27Z</time>
      </trkpt>
      <trkpt lat="41.995125" lon="13.732178">
        <ele>924.4</ele>
        <time>2025-10-12T10:09:30Z</time>
      </trkpt>
      <trkpt lat="41.99515" lon="13.732123">
        <ele>924.3</ele>
        <time>2025-10-12T10:09:33Z</time>
      </trkpt>
      <trkpt lat="41.995207" lon="13.732138">
        <ele>926.4</ele>
        <time>2025-10-12T10:09:37Z</time>
      </trkpt>
      <trkpt lat="41.995252" lon="13.732175">
        <ele>926.3</ele>
        <time>2025-10-12T10:09:39Z</time>
      </trkpt>
      <trkpt lat="41.995299" lon="13.732201">
        <ele>926.4</ele>
        <time>2025-10-12T10:09:41Z</time>
      </trkpt>
      <trkpt lat="41.995364" lon="13.732215">
        <ele>925.4</ele>
        <time>2025-10-12T10:09:44Z</time>
      </trkpt>
      <trkpt lat="41.995417" lon="13.732216">
        <ele>925.4</ele>
        <time>2025-10-12T10:09:47Z</time>
      </trkpt>
      <trkpt lat="41.995471" lon="13.732191">
        <ele>925.4</ele>
        <time>2025-10-12T10:09:50Z</time>
      </trkpt>
      <trkpt lat="41.995518" lon="13.732171">
        <ele>925.8</ele>
        <time>2025-10-12T10:09:53Z</time>
      </trkpt>
      <trkpt lat="41.995564" lon="13.732151">
        <ele>926.4</ele>
        <time>2025-10-12T10:09:56Z</time>
      </trkpt>
      <trkpt lat="41.995613" lon="13.732116">
        <ele>927.3</ele>
        <time>2025-10-12T10:10:00Z</time>
      </trkpt>
      <trkpt lat="41.99567" lon="13.732085">
        <ele>927.3</ele>
        <time>2025-10-12T10:10:04Z</time>
      </trkpt>
      <trkpt lat="41.995721" lon="13.732048">
        <ele>928.4</ele>
        <time>2025-10-12T10:10:09Z</time>
      </trkpt>
      <trkpt lat="41.995765" lon="13.732022">
        <ele>928.3</ele>
        <time>2025-10-12T10:10:12Z</time>
      </trkpt>
      <trkpt lat="41.995806" lon="13.731995">
        <ele>928.9</ele>
        <time>2025-10-12T10:10:15Z</time>
      </trkpt>
      <trkpt lat="41.995858" lon="13.731975">
        <ele>929.4</ele>
        <time>2025-10-12T10:10:19Z</time>
      </trkpt>
      <trkpt lat="41.995916" lon="13.731947">
        <ele>930.3</ele>
        <time>2025-10-12T10:10:23Z</time>
      </trkpt>
      <trkpt lat="41.995967" lon="13.731927">
        <ele>931.4</ele>
        <time>2025-10-12T10:10:26Z</time>
      </trkpt>
      <trkpt lat="41.99602" lon="13.731907">
        <ele>931.3</ele>
        <time>2025-10-12T10:10:29Z</time>
      </trkpt>
      <trkpt lat="41.996074" lon="13.731891">
        <ele>932.3</ele>
        <time>2025-10-12T10:10:32Z</time>
      </trkpt>
      <trkpt lat="41.996123" lon="13.731889">
        <ele>932.3</ele>
        <time>2025-10-12T10:10:35Z</time>
      </trkpt>
      <trkpt lat="41.996171" lon="13.731879">
        <ele>933.4</ele>
        <time>2025-10-12T10:10:38Z</time>
      </trkpt>
      <trkpt lat="41.996229" lon="13.731868">
        <ele>933.8</ele>
        <time>2025-10-12T10:10:42Z</time>
      </trkpt>
      <trkpt lat="41.996276" lon="13.731877">
        <ele>934.3</ele>
        <time>2025-10-12T10:10:45Z</time>
      </trkpt>
      <trkpt lat="41.996321" lon="13.731889">
        <ele>934.4</ele>
        <time>2025-10-12T10:10:48Z</time>
      </trkpt>
      <trkpt lat="41.996372" lon="13.731901">
        <ele>934.3</ele>
        <time>2025-10-12T10:10:51Z</time>
      </trkpt>
      <trkpt lat="41.996417" lon="13.731907">
        <ele>934.4</ele>
        <time>2025-10-12T10:10:54Z</time>
      </trkpt>
      <trkpt lat="41.996463" lon="13.7319">
        <ele>934.3</ele>
        <time>2025-10-12T10:10:57Z</time>
      </trkpt>
      <trkpt lat="41.996514" lon="13.731899">
        <ele>934.4</ele>
        <time>2025-10-12T10:11:01Z</time>
      </trkpt>
      <trkpt lat="41.996566" lon="13.731914">
        <ele>935.4</ele>
        <time>2025-10-12T10:11:05Z</time>
      </trkpt>
      <trkpt lat="41.996622" lon="13.731921">
        <ele>935.9</ele>
        <time>2025-10-12T10:11:09Z</time>
      </trkpt>
      <trkpt lat="41.996671" lon="13.731934">
        <ele>936.4</ele>
        <time>2025-10-12T10:11:12Z</time>
      </trkpt>
      <trkpt lat="41.996719" lon="13.731949">
        <ele>936.3</ele>
        <time>2025-10-12T10:11:15Z</time>
      </trkpt>
      <trkpt lat="41.996768" lon="13.73197">
        <ele>936.3</ele>
        <time>2025-10-12T10:11:18Z</time>
      </trkpt>
      <trkpt lat="41.996823" lon="13.731983">
        <ele>936.3</ele>
        <time>2025-10-12T10:11:22Z</time>
      </trkpt>
      <trkpt lat="41.99687" lon="13.731981">
        <ele>936.4</ele>
        <time>2025-10-12T10:11:26Z</time>
      </trkpt>
      <trkpt lat="41.996927" lon="13.731972">
        <ele>937.4</ele>
        <time>2025-10-12T10:11:31Z</time>
      </trkpt>
      <trkpt lat="41.996969" lon="13.731939">
        <ele>938.3</ele>
        <time>2025-10-12T10:11:35Z</time>
      </trkpt>
      <trkpt lat="41.99701" lon="13.731894">
        <ele>938.4</ele>
        <time>2025-10-12T10:11:39Z</time>
      </trkpt>
      <trkpt lat="41.997029" lon="13.73183">
        <ele>939.3</ele>
        <time>2025-10-12T10:11:42Z</time>
      </trkpt>
      <trkpt lat="41.997041" lon="13.731758">
        <ele>940.3</ele>
        <time>2025-10-12T10:11:45Z</time>
      </trkpt>
      <trkpt lat="41.997065" lon="13.731691">
        <ele>940.4</ele>
        <time>2025-10-12T10:11:48Z</time>
      </trkpt>
      <trkpt lat="41.997106" lon="13.731667">
        <ele>941.4</ele>
        <time>2025-10-12T10:11:51Z</time>
      </trkpt>
      <trkpt lat="41.997155" lon="13.731682">
        <ele>941.4</ele>
        <time>2025-10-12T10:11:55Z</time>
      </trkpt>
      <trkpt lat="41.99721" lon="13.731697">
        <ele>941.3</ele>
        <time>2025-10-12T10:11:59Z</time>
      </trkpt>
      <trkpt lat="41.997258" lon="13.731692">
        <ele>941.4</ele>
        <time>2025-10-12T10:12:03Z</time>
      </trkpt>
      <trkpt lat="41.997306" lon="13.731703">
        <ele>942.3</ele>
        <time>2025-10-12T10:12:07Z</time>
      </trkpt>
      <trkpt lat="41.997362" lon="13.731711">
        <ele>943.3</ele>
        <time>2025-10-12T10:12:11Z</time>
      </trkpt>
      <trkpt lat="41.997406" lon="13.731727">
        <ele>943.4</ele>
        <time>2025-10-12T10:12:14Z</time>
      </trkpt>
      <trkpt lat="41.997461" lon="13.73175">
        <ele>944.4</ele>
        <time>2025-10-12T10:12:18Z</time>
      </trkpt>
      <trkpt lat="41.99751" lon="13.731759">
        <ele>944.3</ele>
        <time>2025-10-12T10:12:21Z</time>
      </trkpt>
      <trkpt lat="41.997558" lon="13.731751">
        <ele>944.3</ele>
        <time>2025-10-12T10:12:25Z</time>
      </trkpt>
      <trkpt lat="41.997545" lon="13.731678">
        <ele>946.4</ele>
        <time>2025-10-12T10:12:33Z</time>
      </trkpt>
      <trkpt lat="41.997506" lon="13.731622">
        <ele>946.3</ele>
        <time>2025-10-12T10:12:36Z</time>
      </trkpt>
      <trkpt lat="41.99747" lon="13.731561">
        <ele>946.4</ele>
        <time>2025-10-12T10:12:39Z</time>
      </trkpt>
      <trkpt lat="41.997427" lon="13.73151">
        <ele>946.3</ele>
        <time>2025-10-12T10:12:42Z</time>
      </trkpt>
      <trkpt lat="41.997378" lon="13.731451">
        <ele>946.4</ele>
        <time>2025-10-12T10:12:45Z</time>
      </trkpt>
      <trkpt lat="41.99734" lon="13.731402">
        <ele>946.4</ele>
        <time>2025-10-12T10:12:48Z</time>
      </trkpt>
      <trkpt lat="41.997298" lon="13.731349">
        <ele>946.4</ele>
        <time>2025-10-12T10:12:51Z</time>
      </trkpt>
      <trkpt lat="41.997263" lon="13.731294">
        <ele>947.3</ele>
        <time>2025-10-12T10:12:54Z</time>
      </trkpt>
      <trkpt lat="41.997238" lon="13.731227">
        <ele>947.3</ele>
        <time>2025-10-12T10:12:57Z</time>
      </trkpt>
      <trkpt lat="41.997214" lon="13.731168">
        <ele>947.4</ele>
        <time>2025-10-12T10:13:00Z</time>
      </trkpt>
      <trkpt lat="41.997193" lon="13.731111">
        <ele>948.4</ele>
        <time>2025-10-12T10:13:03Z</time>
      </trkpt>
      <trkpt lat="41.997165" lon="13.73105">
        <ele>948.4</ele>
        <time>2025-10-12T10:13:06Z</time>
      </trkpt>
      <trkpt lat="41.997134" lon="13.731003">
        <ele>949.4</ele>
        <time>2025-10-12T10:13:09Z</time>
      </trkpt>
      <trkpt lat="41.997109" lon="13.730937">
        <ele>949.4</ele>
        <time>2025-10-12T10:13:13Z</time>
      </trkpt>
      <trkpt lat="41.997077" lon="13.730874">
        <ele>950.3</ele>
        <time>2025-10-12T10:13:17Z</time>
      </trkpt>
      <trkpt lat="41.997058" lon="13.730808">
        <ele>951.3</ele>
        <time>2025-10-12T10:13:21Z</time>
      </trkpt>
      <trkpt lat="41.997023" lon="13.730747">
        <ele>950.8</ele>
        <time>2025-10-12T10:13:25Z</time>
      </trkpt>
      <trkpt lat="41.996996" lon="13.730694">
        <ele>951.4</ele>
        <time>2025-10-12T10:13:29Z</time>
      </trkpt>
      <trkpt lat="41.996979" lon="13.73063">
        <ele>951.4</ele>
        <time>2025-10-12T10:13:33Z</time>
      </trkpt>
      <trkpt lat="41.996955" lon="13.730574">
        <ele>953.3</ele>
        <time>2025-10-12T10:13:37Z</time>
      </trkpt>
      <trkpt lat="41.996922" lon="13.730524">
        <ele>953.3</ele>
        <time>2025-10-12T10:13:41Z</time>
      </trkpt>
      <trkpt lat="41.996904" lon="13.730468">
        <ele>953.3</ele>
        <time>2025-10-12T10:13:45Z</time>
      </trkpt>
      <trkpt lat="41.996889" lon="13.730408">
        <ele>954.3</ele>
        <time>2025-10-12T10:13:49Z</time>
      </trkpt>
      <trkpt lat="41.996874" lon="13.73035">
        <ele>954.3</ele>
        <time>2025-10-12T10:13:53Z</time>
      </trkpt>
      <trkpt lat="41.996853" lon="13.730279">
        <ele>955.3</ele>
        <time>2025-10-12T10:13:58Z</time>
      </trkpt>
      <trkpt lat="41.996838" lon="13.730204">
        <ele>956.3</ele>
        <time>2025-10-12T10:14:03Z</time>
      </trkpt>
      <trkpt lat="41.99682" lon="13.730137">
        <ele>957.3</ele>
        <time>2025-10-12T10:14:08Z</time>
      </trkpt>
      <trkpt lat="41.996839" lon="13.730074">
        <ele>958.4</ele>
        <time>2025-10-12T10:14:12Z</time>
      </trkpt>
      <trkpt lat="41.996878" lon="13.730025">
        <ele>959.3</ele>
        <time>2025-10-12T10:14:16Z</time>
      </trkpt>
      <trkpt lat="41.996913" lon="13.729975">
        <ele>960.3</ele>
        <time>2025-10-12T10:14:20Z</time>
      </trkpt>
      <trkpt lat="41.996948" lon="13.72992">
        <ele>961.3</ele>
        <time>2025-10-12T10:14:24Z</time>
      </trkpt>
      <trkpt lat="41.996984" lon="13.729883">
        <ele>962.4</ele>
        <time>2025-10-12T10:14:31Z</time>
      </trkpt>
      <trkpt lat="41.997019" lon="13.729836">
        <ele>964.8</ele>
        <time>2025-10-12T10:14:37Z</time>
      </trkpt>
      <trkpt lat="41.997055" lon="13.729791">
        <ele>965.4</ele>
        <time>2025-10-12T10:14:42Z</time>
      </trkpt>
      <trkpt lat="41.997093" lon="13.729753">
        <ele>965.3</ele>
        <time>2025-10-12T10:14:47Z</time>
      </trkpt>
      <trkpt lat="41.997134" lon="13.729719">
        <ele>965.3</ele>
        <time>2025-10-12T10:14:52Z</time>
      </trkpt>
      <trkpt lat="41.99718" lon="13.72968">
        <ele>965.3</ele>
        <time>2025-10-12T10:14:58Z</time>
      </trkpt>
      <trkpt lat="41.997232" lon="13.72966">
        <ele>967.4</ele>
        <time>2025-10-12T10:15:06Z</time>
      </trkpt>
      <trkpt lat="41.997274" lon="13.729618">
        <ele>968.4</ele>
        <time>2025-10-12T10:15:11Z</time>
      </trkpt>
      <trkpt lat="41.99732" lon="13.729574">
        <ele>969.3</ele>
        <time>2025-10-12T10:15:16Z</time>
      </trkpt>
      <trkpt lat="41.997356" lon="13.729532">
        <ele>970.3</ele>
        <time>2025-10-12T10:15:20Z</time>
      </trkpt>
      <trkpt lat="41.997404" lon="13.729503">
        <ele>972.3</ele>
        <time>2025-10-12T10:15:25Z</time>
      </trkpt>
      <trkpt lat="41.997444" lon="13.729474">
        <ele>974.3</ele>
        <time>2025-10-12T10:15:29Z</time>
      </trkpt>
      <trkpt lat="41.997492" lon="13.729453">
        <ele>976.3</ele>
        <time>2025-10-12T10:15:35Z</time>
      </trkpt>
      <trkpt lat="41.997536" lon="13.729432">
        <ele>977.4</ele>
        <time>2025-10-12T10:15:39Z</time>
      </trkpt>
      <trkpt lat="41.997582" lon="13.729407">
        <ele>979.3</ele>
        <time>2025-10-12T10:15:43Z</time>
      </trkpt>
      <trkpt lat="41.997631" lon="13.72937">
        <ele>979.3</ele>
        <time>2025-10-12T10:15:47Z</time>
      </trkpt>
      <trkpt lat="41.997669" lon="13.729331">
        <ele>979.9</ele>
        <time>2025-10-12T10:15:50Z</time>
      </trkpt>
      <trkpt lat="41.997711" lon="13.729301">
        <ele>981.4</ele>
        <time>2025-10-12T10:15:55Z</time>
      </trkpt>
      <trkpt lat="41.997752" lon="13.729271">
        <ele>981.8</ele>
        <time>2025-10-12T10:15:59Z</time>
      </trkpt>
      <trkpt lat="41.997805" lon="13.729288">
        <ele>983.3</ele>
        <time>2025-10-12T10:16:04Z</time>
      </trkpt>
      <trkpt lat="41.997853" lon="13.729315">
        <ele>984.4</ele>
        <time>2025-10-12T10:16:08Z</time>
      </trkpt>
      <trkpt lat="41.997902" lon="13.729355">
        <ele>985.3</ele>
        <time>2025-10-12T10:16:13Z</time>
      </trkpt>
      <trkpt lat="41.99794" lon="13.729401">
        <ele>986.4</ele>
        <time>2025-10-12T10:16:17Z</time>
      </trkpt>
      <trkpt lat="41.997959" lon="13.729343">
        <ele>988.4</ele>
        <time>2025-10-12T10:16:45Z</time>
      </trkpt>
      <trkpt lat="41.997914" lon="13.729304">
        <ele>988.4</ele>
        <time>2025-10-12T10:16:49Z</time>
      </trkpt>
      <trkpt lat="41.997875" lon="13.729271">
        <ele>988.4</ele>
        <time>2025-10-12T10:16:51Z</time>
      </trkpt>
      <trkpt lat="41.997836" lon="13.729228">
        <ele>988.3</ele>
        <time>2025-10-12T10:16:53Z</time>
      </trkpt>
      <trkpt lat="41.997798" lon="13.72918">
        <ele>988.4</ele>
        <time>2025-10-12T10:16:55Z</time>
      </trkpt>
      <trkpt lat="41.997759" lon="13.729134">
        <ele>988.4</ele>
        <time>2025-10-12T10:16:57Z</time>
      </trkpt>
      <trkpt lat="41.997722" lon="13.729071">
        <ele>989.3</ele>
        <time>2025-10-12T10:17:00Z</time>
      </trkpt>
      <trkpt lat="41.99768" lon="13.729014">
        <ele>989.4</ele>
        <time>2025-10-12T10:17:03Z</time>
      </trkpt>
      <trkpt lat="41.997647" lon="13.728957">
        <ele>991.4</ele>
        <time>2025-10-12T10:17:08Z</time>
      </trkpt>
      <trkpt lat="41.997628" lon="13.728892">
        <ele>992.4</ele>
        <time>2025-10-12T10:17:12Z</time>
      </trkpt>
      <trkpt lat="41.997624" lon="13.728821">
        <ele>992.3</ele>
        <time>2025-10-12T10:17:16Z</time>
      </trkpt>
      <trkpt lat="41.997655" lon="13.728777">
        <ele>992.3</ele>
        <time>2025-10-12T10:17:19Z</time>
      </trkpt>
      <trkpt lat="41.997692" lon="13.728731">
        <ele>992.3</ele>
        <time>2025-10-12T10:17:22Z</time>
      </trkpt>
      <trkpt lat="41.997726" lon="13.72869">
        <ele>992.4</ele>
        <time>2025-10-12T10:17:25Z</time>
      </trkpt>
      <trkpt lat="41.997764" lon="13.728634">
        <ele>993.3</ele>
        <time>2025-10-12T10:17:29Z</time>
      </trkpt>
      <trkpt lat="41.997771" lon="13.728565">
        <ele>994.4</ele>
        <time>2025-10-12T10:17:33Z</time>
      </trkpt>
      <trkpt lat="41.997813" lon="13.728519">
        <ele>994.4</ele>
        <time>2025-10-12T10:17:37Z</time>
      </trkpt>
      <trkpt lat="41.997863" lon="13.728487">
        <ele>995.8</ele>
        <time>2025-10-12T10:17:41Z</time>
      </trkpt>
      <trkpt lat="41.997909" lon="13.728454">
        <ele>996.3</ele>
        <time>2025-10-12T10:17:46Z</time>
      </trkpt>
      <trkpt lat="41.997948" lon="13.728416">
        <ele>996.3</ele>
        <time>2025-10-12T10:18:03Z</time>
      </trkpt>
      <trkpt lat="41.997908" lon="13.728385">
        <ele>994.4</ele>
        <time>2025-10-12T10:21:58Z</time>
      </trkpt>
      <trkpt lat="41.997953" lon="13.728398">
        <ele>994.3</ele>
        <time>2025-10-12T10:22:06Z</time>
      </trkpt>
    </trkseg>
  </trk>
</gpx>